npy_path,subject_id,rec_id,label,prob,experiment,seed,set
control/fisc_012_test2_trial3_w001.npy,fisc_012,fisc_012|test2|trial3,0,0.7528135180473328,window_split,101,test
pd/fisp_040_test2_trial1_w001.npy,fisp_040,fisp_040|test2|trial1,1,0.6901499629020691,window_split,101,test
pd/fisp_022_test1_trial2_w003.npy,fisp_022,fisp_022|test1|trial2,1,0.6333598494529724,window_split,101,test
control/fisc_007_test2_trial2_w002.npy,fisc_007,fisc_007|test2|trial2,0,0.5242487788200378,window_split,101,test
pd/fisp_015_test1_trial1_w004.npy,fisp_015,fisp_015|test1|trial1,1,0.7968389987945557,window_split,101,test
control/fisc_006_test2_trial1_w003.npy,fisc_006,fisc_006|test2|trial1,0,0.727824330329895,window_split,101,test
control/fisc_040_test2_trial1_w001.npy,fisc_040,fisc_040|test2|trial1,0,0.27496427297592163,window_split,101,test
pd/fisp_012_test2_trial1_w000.npy,fisp_012,fisp_012|test2|trial1,1,0.5382543802261353,window_split,101,test
control/fisc_041_test1_trial1_w000.npy,fisc_041,fisc_041|test1|trial1,0,0.2627406120300293,window_split,101,test
control/fisc_036_test1_trial2_w003.npy,fisc_036,fisc_036|test1|trial2,0,0.17029491066932678,window_split,101,test
control/fisc_018_test1_trial3_w004.npy,fisc_018,fisc_018|test1|trial3,0,0.38816922903060913,window_split,101,test
pd/fisp_024_test2_trial2_w000.npy,fisp_024,fisp_024|test2|trial2,1,0.7200874090194702,window_split,101,test
pd/fisp_045_test1_trial1_w001.npy,fisp_045,fisp_045|test1|trial1,1,0.542599081993103,window_split,101,test
pd/fisp_022_test1_trial4_w000.npy,fisp_022,fisp_022|test1|trial4,1,0.6172874569892883,window_split,101,test
control/fisc_042_test2_trial2_w000.npy,fisc_042,fisc_042|test2|trial2,0,0.1477840691804886,window_split,101,test
control/fisc_037_test1_trial3_w001.npy,fisc_037,fisc_037|test1|trial3,0,0.15891139209270477,window_split,101,test
pd/fisp_052_test2_trial1_w001.npy,fisp_052,fisp_052|test2|trial1,1,0.3059001863002777,window_split,101,test
pd/fisp_014_test1_trial2_w006.npy,fisp_014,fisp_014|test1|trial2,1,0.3030989170074463,window_split,101,test
control/fisc_050_test2_trial1_w000.npy,fisc_050,fisc_050|test2|trial1,0,0.39708349108695984,window_split,101,test
control/fisc_039_test1_trial1_w000.npy,fisc_039,fisc_039|test1|trial1,0,0.14861762523651123,window_split,101,test
control/fisc_026_test2_trial1_w003.npy,fisc_026,fisc_026|test2|trial1,0,0.4221888780593872,window_split,101,test
pd/fisp_027_test1_trial3_w005.npy,fisp_027,fisp_027|test1|trial3,1,0.7668846845626831,window_split,101,test
control/fisc_034_test1_trial2_w003.npy,fisc_034,fisc_034|test1|trial2,0,0.3722456395626068,window_split,101,test
pd/fisp_024_test2_trial1_w002.npy,fisp_024,fisp_024|test2|trial1,1,0.6701399683952332,window_split,101,test
pd/fisp_022_test2_trial1_w001.npy,fisp_022,fisp_022|test2|trial1,1,0.6717718839645386,window_split,101,test
control/fisc_039_test2_trial2_w000.npy,fisc_039,fisc_039|test2|trial2,0,0.2699851989746094,window_split,101,test
control/fisc_036_test2_trial2_w003.npy,fisc_036,fisc_036|test2|trial2,0,0.2647762894630432,window_split,101,test
pd/fisp_029_test2_trial2_w000.npy,fisp_029,fisp_029|test2|trial2,1,0.6743180155754089,window_split,101,test
control/fisc_049_test2_trial3_w003.npy,fisc_049,fisc_049|test2|trial3,0,0.2207735776901245,window_split,101,test
control/fisc_044_test1_trial3_w000.npy,fisc_044,fisc_044|test1|trial3,0,0.14622537791728973,window_split,101,test
control/fisc_039_test2_trial2_w003.npy,fisc_039,fisc_039|test2|trial2,0,0.1960269808769226,window_split,101,test
control/fisc_042_test2_trial2_w002.npy,fisc_042,fisc_042|test2|trial2,0,0.16687536239624023,window_split,101,test
control/fisc_049_test1_trial3_w001.npy,fisc_049,fisc_049|test1|trial3,0,0.13627253472805023,window_split,101,test
control/fisc_040_test1_trial1_w001.npy,fisc_040,fisc_040|test1|trial1,0,0.25728940963745117,window_split,101,test
control/fisc_036_test1_trial1_w001.npy,fisc_036,fisc_036|test1|trial1,0,0.628160834312439,window_split,101,test
control/fisc_044_test1_trial1_w005.npy,fisc_044,fisc_044|test1|trial1,0,0.19078777730464935,window_split,101,test
control/fisc_034_test1_trial3_w004.npy,fisc_034,fisc_034|test1|trial3,0,0.5779115557670593,window_split,101,test
pd/fisp_044_test1_trial2_w004.npy,fisp_044,fisp_044|test1|trial2,1,0.21755164861679077,window_split,101,test
control/fisc_047_test1_trial2_w003.npy,fisc_047,fisc_047|test1|trial2,0,0.34366878867149353,window_split,101,test
control/fisc_050_test2_trial2_w003.npy,fisc_050,fisc_050|test2|trial2,0,0.15717196464538574,window_split,101,test
pd/fisp_017_test1_trial1_w001.npy,fisp_017,fisp_017|test1|trial1,1,0.6783055067062378,window_split,101,test
pd/fisp_044_test2_trial3_w004.npy,fisp_044,fisp_044|test2|trial3,1,0.38040250539779663,window_split,101,test
control/fisc_010_test1_trial1_w006.npy,fisc_010,fisc_010|test1|trial1,0,0.8151986598968506,window_split,101,test
control/fisc_033_test1_trial2_w003.npy,fisc_033,fisc_033|test1|trial2,0,0.38749921321868896,window_split,101,test
pd/fisp_030_test1_trial3_w001.npy,fisp_030,fisp_030|test1|trial3,1,0.7082697153091431,window_split,101,test
control/fisc_043_test2_trial2_w000.npy,fisc_043,fisc_043|test2|trial2,0,0.22808845341205597,window_split,101,test
control/fisc_044_test1_trial1_w000.npy,fisc_044,fisc_044|test1|trial1,0,0.13530558347702026,window_split,101,test
control/fisc_042_test1_trial3_w003.npy,fisc_042,fisc_042|test1|trial3,0,0.4725338816642761,window_split,101,test
control/fisc_074_test1_trial2_w000.npy,fisc_074,fisc_074|test1|trial2,0,0.4255359172821045,window_split,101,test
control/fisc_050_test1_trial2_w004.npy,fisc_050,fisc_050|test1|trial2,0,0.21450430154800415,window_split,101,test
control/fisc_049_test1_trial2_w002.npy,fisc_049,fisc_049|test1|trial2,0,0.21402502059936523,window_split,101,test
pd/fisp_027_test1_trial1_w004.npy,fisp_027,fisp_027|test1|trial1,1,0.7143407464027405,window_split,101,test
pd/fisp_021_test2_trial3_w001.npy,fisp_021,fisp_021|test2|trial3,1,0.5696327686309814,window_split,101,test
control/fisc_010_test2_trial2_w003.npy,fisc_010,fisc_010|test2|trial2,0,0.5524592995643616,window_split,101,test
pd/fisp_051_test2_trial2_w005.npy,fisp_051,fisp_051|test2|trial2,1,0.8218956589698792,window_split,101,test
control/fisc_032_test1_trial3_w002.npy,fisc_032,fisc_032|test1|trial3,0,0.5423670411109924,window_split,101,test
pd/fisp_029_test2_trial1_w000.npy,fisp_029,fisp_029|test2|trial1,1,0.6865595579147339,window_split,101,test
control/fisc_035_test1_trial1_w002.npy,fisc_035,fisc_035|test1|trial1,0,0.3377649486064911,window_split,101,test
pd/fisp_012_test2_trial1_w001.npy,fisp_012,fisp_012|test2|trial1,1,0.5447520613670349,window_split,101,test
control/fisc_037_test2_trial2_w004.npy,fisc_037,fisc_037|test2|trial2,0,0.3720559775829315,window_split,101,test
control/fisc_041_test1_trial2_w003.npy,fisc_041,fisc_041|test1|trial2,0,0.34846189618110657,window_split,101,test
control/fisc_074_test1_trial3_w000.npy,fisc_074,fisc_074|test1|trial3,0,0.38074594736099243,window_split,101,test
control/fisc_074_test2_trial1_w001.npy,fisc_074,fisc_074|test2|trial1,0,0.18306779861450195,window_split,101,test
pd/fisp_014_test2_trial3_w000.npy,fisp_014,fisp_014|test2|trial3,1,0.38153544068336487,window_split,101,test
pd/fisp_022_test1_trial3_w001.npy,fisp_022,fisp_022|test1|trial3,1,0.7524918913841248,window_split,101,test
control/fisc_033_test2_trial2_w001.npy,fisc_033,fisc_033|test2|trial2,0,0.5488097667694092,window_split,101,test
pd/fisp_014_test2_trial1_w003.npy,fisp_014,fisp_014|test2|trial1,1,0.4556201994419098,window_split,101,test
pd/fisp_045_test2_trial3_w003.npy,fisp_045,fisp_045|test2|trial3,1,0.3125690817832947,window_split,101,test
control/fisc_036_test2_trial2_w000.npy,fisc_036,fisc_036|test2|trial2,0,0.3353867828845978,window_split,101,test
control/fisc_050_test1_trial2_w002.npy,fisc_050,fisc_050|test1|trial2,0,0.279076486825943,window_split,101,test
pd/fisp_015_test2_trial1_w002.npy,fisp_015,fisp_015|test2|trial1,1,0.669228196144104,window_split,101,test
pd/fisp_025_test1_trial3_w002.npy,fisp_025,fisp_025|test1|trial3,1,0.6896686553955078,window_split,101,test
control/fisc_047_test2_trial2_w003.npy,fisc_047,fisc_047|test2|trial2,0,0.3769274950027466,window_split,101,test
control/fisc_046_test1_trial1_w002.npy,fisc_046,fisc_046|test1|trial1,0,0.21586817502975464,window_split,101,test
pd/fisp_026_test1_trial1_w001.npy,fisp_026,fisp_026|test1|trial1,1,0.7767619490623474,window_split,101,test
control/fisc_027_test2_trial2_w001.npy,fisc_027,fisc_027|test2|trial2,0,0.35598859190940857,window_split,101,test
pd/fisp_048_test1_trial1_w005.npy,fisp_048,fisp_048|test1|trial1,1,0.5101970434188843,window_split,101,test
control/fisc_047_test2_trial1_w002.npy,fisc_047,fisc_047|test2|trial1,0,0.3319287598133087,window_split,101,test
control/fisc_031_test2_trial1_w002.npy,fisc_031,fisc_031|test2|trial1,0,0.21205401420593262,window_split,101,test
control/fisc_041_test2_trial2_w000.npy,fisc_041,fisc_041|test2|trial2,0,0.31805652379989624,window_split,101,test
pd/fisp_027_test2_trial3_w003.npy,fisp_027,fisp_027|test2|trial3,1,0.784266471862793,window_split,101,test
control/fisc_043_test1_trial2_w003.npy,fisc_043,fisc_043|test1|trial2,0,0.30570632219314575,window_split,101,test
control/fisc_037_test1_trial3_w003.npy,fisc_037,fisc_037|test1|trial3,0,0.3437495529651642,window_split,101,test
pd/fisp_025_test1_trial2_w000.npy,fisp_025,fisp_025|test1|trial2,1,0.5869425535202026,window_split,101,test
control/fisc_005_test1_trial3_w002.npy,fisc_005,fisc_005|test1|trial3,0,0.5068734288215637,window_split,101,test
control/fisc_010_test2_trial1_w000.npy,fisc_010,fisc_010|test2|trial1,0,0.8206297159194946,window_split,101,test
control/fisc_074_test1_trial1_w000.npy,fisc_074,fisc_074|test1|trial1,0,0.4716784656047821,window_split,101,test
pd/fisp_026_test1_trial3_w001.npy,fisp_026,fisp_026|test1|trial3,1,0.6962052583694458,window_split,101,test
pd/fisp_049_test2_trial2_w000.npy,fisp_049,fisp_049|test2|trial2,1,0.4815993905067444,window_split,101,test
pd/fisp_026_test2_trial2_w000.npy,fisp_026,fisp_026|test2|trial2,1,0.8336096405982971,window_split,101,test
pd/fisp_031_test1_trial3_w003.npy,fisp_031,fisp_031|test1|trial3,1,0.7266604900360107,window_split,101,test
pd/fisp_049_test1_trial2_w001.npy,fisp_049,fisp_049|test1|trial2,1,0.6070066094398499,window_split,101,test
control/fisc_074_test2_trial2_w001.npy,fisc_074,fisc_074|test2|trial2,0,0.1374736726284027,window_split,101,test
control/fisc_035_test1_trial2_w007.npy,fisc_035,fisc_035|test1|trial2,0,0.48549339175224304,window_split,101,test
control/fisc_012_test2_trial2_w002.npy,fisc_012,fisc_012|test2|trial2,0,0.7263588309288025,window_split,101,test
control/fisc_044_test1_trial1_w004.npy,fisc_044,fisc_044|test1|trial1,0,0.1934734284877777,window_split,101,test
pd/fisp_026_test1_trial3_w005.npy,fisp_026,fisp_026|test1|trial3,1,0.7835034728050232,window_split,101,test
control/fisc_049_test1_trial2_w001.npy,fisc_049,fisc_049|test1|trial2,0,0.1781746745109558,window_split,101,test
pd/fisp_048_test1_trial2_w003.npy,fisp_048,fisp_048|test1|trial2,1,0.24418213963508606,window_split,101,test
control/fisc_035_test1_trial2_w000.npy,fisc_035,fisc_035|test1|trial2,0,0.39626461267471313,window_split,101,test
control/fisc_043_test2_trial1_w002.npy,fisc_043,fisc_043|test2|trial1,0,0.23331166803836823,window_split,101,test
pd/fisp_018_test2_trial3_w000.npy,fisp_018,fisp_018|test2|trial3,1,0.6946724057197571,window_split,101,test
pd/fisp_027_test2_trial1_w002.npy,fisp_027,fisp_027|test2|trial1,1,0.6865476965904236,window_split,101,test
pd/fisp_030_test1_trial2_w001.npy,fisp_030,fisp_030|test1|trial2,1,0.6659325361251831,window_split,101,test
control/fisc_039_test1_trial1_w002.npy,fisc_039,fisc_039|test1|trial1,0,0.3707350790500641,window_split,101,test
pd/fisp_027_test1_trial2_w008.npy,fisp_027,fisp_027|test1|trial2,1,0.8400489687919617,window_split,101,test
control/fisc_031_test2_trial1_w003.npy,fisc_031,fisc_031|test2|trial1,0,0.14537781476974487,window_split,101,test
pd/fisp_014_test1_trial3_w001.npy,fisp_014,fisp_014|test1|trial3,1,0.35982224345207214,window_split,101,test
pd/fisp_013_test2_trial3_w004.npy,fisp_013,fisp_013|test2|trial3,1,0.7446885108947754,window_split,101,test
control/fisc_035_test2_trial3_w005.npy,fisc_035,fisc_035|test2|trial3,0,0.24280108511447906,window_split,101,test
control/fisc_016_test2_trial3_w005.npy,fisc_016,fisc_016|test2|trial3,0,0.746029257774353,window_split,101,test
control/fisc_044_test1_trial2_w005.npy,fisc_044,fisc_044|test1|trial2,0,0.23576265573501587,window_split,101,test
pd/fisp_024_test1_trial1_w003.npy,fisp_024,fisp_024|test1|trial1,1,0.5566900968551636,window_split,101,test
pd/fisp_041_test2_trial1_w000.npy,fisp_041,fisp_041|test2|trial1,1,0.6966973543167114,window_split,101,test
pd/fisp_051_test1_trial3_w002.npy,fisp_051,fisp_051|test1|trial3,1,0.7462756037712097,window_split,101,test
control/fisc_034_test1_trial3_w000.npy,fisc_034,fisc_034|test1|trial3,0,0.25286486744880676,window_split,101,test
control/fisc_039_test1_trial2_w001.npy,fisc_039,fisc_039|test1|trial2,0,0.1311166137456894,window_split,101,test
control/fisc_041_test1_trial1_w007.npy,fisc_041,fisc_041|test1|trial1,0,0.3359518349170685,window_split,101,test
pd/fisp_051_test1_trial2_w009.npy,fisp_051,fisp_051|test1|trial2,1,0.6309205889701843,window_split,101,test
control/fisc_037_test1_trial2_w002.npy,fisc_037,fisc_037|test1|trial2,0,0.312216192483902,window_split,101,test
pd/fisp_014_test2_trial1_w000.npy,fisp_014,fisp_014|test2|trial1,1,0.6042869687080383,window_split,101,test
control/fisc_033_test1_trial1_w003.npy,fisc_033,fisc_033|test1|trial1,0,0.5968840718269348,window_split,101,test
control/fisc_044_test2_trial1_w003.npy,fisc_044,fisc_044|test2|trial1,0,0.28957968950271606,window_split,101,test
pd/fisp_014_test1_trial2_w000.npy,fisp_014,fisp_014|test1|trial2,1,0.5776071548461914,window_split,101,test
control/fisc_026_test2_trial3_w000.npy,fisc_026,fisc_026|test2|trial3,0,0.5864880084991455,window_split,101,test
pd/fisp_027_test1_trial1_w008.npy,fisp_027,fisp_027|test1|trial1,1,0.8187986016273499,window_split,101,test
control/fisc_018_test2_trial3_w001.npy,fisc_018,fisc_018|test2|trial3,0,0.20066572725772858,window_split,101,test
pd/fisp_051_test1_trial3_w004.npy,fisp_051,fisp_051|test1|trial3,1,0.5699030160903931,window_split,101,test
control/fisc_050_test2_trial1_w002.npy,fisc_050,fisc_050|test2|trial1,0,0.4119968116283417,window_split,101,test
pd/fisp_027_test2_trial1_w001.npy,fisp_027,fisp_027|test2|trial1,1,0.6803076267242432,window_split,101,test
control/fisc_048_test2_trial3_w001.npy,fisc_048,fisc_048|test2|trial3,0,0.41280877590179443,window_split,101,test
pd/fisp_013_test1_trial3_w006.npy,fisp_013,fisp_013|test1|trial3,1,0.734340250492096,window_split,101,test
control/fisc_033_test2_trial1_w001.npy,fisc_033,fisc_033|test2|trial1,0,0.5655410289764404,window_split,101,test
control/fisc_041_test2_trial2_w002.npy,fisc_041,fisc_041|test2|trial2,0,0.5072368383407593,window_split,101,test
control/fisc_033_test2_trial2_w002.npy,fisc_033,fisc_033|test2|trial2,0,0.30409926176071167,window_split,101,test
control/fisc_010_test1_trial2_w002.npy,fisc_010,fisc_010|test1|trial2,0,0.6553838849067688,window_split,101,test
pd/fisp_031_test1_trial3_w000.npy,fisp_031,fisp_031|test1|trial3,1,0.6142604351043701,window_split,101,test
control/fisc_006_test2_trial3_w001.npy,fisc_006,fisc_006|test2|trial3,0,0.5980473756790161,window_split,101,test
control/fisc_005_test1_trial1_w001.npy,fisc_005,fisc_005|test1|trial1,0,0.5024756193161011,window_split,101,test
pd/fisp_024_test1_trial3_w004.npy,fisp_024,fisp_024|test1|trial3,1,0.8461235761642456,window_split,101,test
control/fisc_012_test2_trial1_w004.npy,fisc_012,fisc_012|test2|trial1,0,0.6309598088264465,window_split,101,test
pd/fisp_027_test2_trial2_w002.npy,fisp_027,fisp_027|test2|trial2,1,0.7496058940887451,window_split,101,test
pd/fisp_029_test1_trial2_w000.npy,fisp_029,fisp_029|test1|trial2,1,0.6687176823616028,window_split,101,test
pd/fisp_012_test2_trial1_w004.npy,fisp_012,fisp_012|test2|trial1,1,0.5821042656898499,window_split,101,test
control/fisc_043_test1_trial3_w000.npy,fisc_043,fisc_043|test1|trial3,0,0.33985233306884766,window_split,101,test
pd/fisp_037_test2_trial3_w000.npy,fisp_037,fisp_037|test2|trial3,1,0.7004359364509583,window_split,101,test
control/fisc_010_test2_trial3_w003.npy,fisc_010,fisc_010|test2|trial3,0,0.6237409114837646,window_split,101,test
pd/fisp_041_test1_trial3_w000.npy,fisp_041,fisp_041|test1|trial3,1,0.4751879572868347,window_split,101,test
control/fisc_033_test1_trial2_w004.npy,fisc_033,fisc_033|test1|trial2,0,0.31330981850624084,window_split,101,test
pd/fisp_040_test1_trial2_w003.npy,fisp_040,fisp_040|test1|trial2,1,0.5928633809089661,window_split,101,test
control/fisc_034_test2_trial2_w000.npy,fisc_034,fisc_034|test2|trial2,0,0.45434075593948364,window_split,101,test
control/fisc_012_test1_trial2_w006.npy,fisc_012,fisc_012|test1|trial2,0,0.7160970568656921,window_split,101,test
control/fisc_010_test1_trial3_w001.npy,fisc_010,fisc_010|test1|trial3,0,0.6492335200309753,window_split,101,test
control/fisc_050_test1_trial3_w000.npy,fisc_050,fisc_050|test1|trial3,0,0.20026527345180511,window_split,101,test
pd/fisp_041_test2_trial1_w003.npy,fisp_041,fisp_041|test2|trial1,1,0.4037688672542572,window_split,101,test
pd/fisp_040_test2_trial3_w003.npy,fisp_040,fisp_040|test2|trial3,1,0.6604717373847961,window_split,101,test
pd/fisp_040_test2_trial1_w000.npy,fisp_040,fisp_040|test2|trial1,1,0.7714653015136719,window_split,101,test
control/fisc_041_test2_trial3_w000.npy,fisc_041,fisc_041|test2|trial3,0,0.17507268488407135,window_split,101,test
pd/fisp_049_test1_trial1_w004.npy,fisp_049,fisp_049|test1|trial1,1,0.6003976464271545,window_split,101,test
control/fisc_026_test2_trial2_w002.npy,fisc_026,fisc_026|test2|trial2,0,0.6383730173110962,window_split,101,test
control/fisc_044_test1_trial3_w004.npy,fisc_044,fisc_044|test1|trial3,0,0.27201586961746216,window_split,101,test
control/fisc_050_test1_trial1_w002.npy,fisc_050,fisc_050|test1|trial1,0,0.37669530510902405,window_split,101,test
control/fisc_050_test2_trial3_w000.npy,fisc_050,fisc_050|test2|trial3,0,0.27474445104599,window_split,101,test
pd/fisp_051_test1_trial2_w002.npy,fisp_051,fisp_051|test1|trial2,1,0.6372864246368408,window_split,101,test
pd/fisp_031_test2_trial2_w002.npy,fisp_031,fisp_031|test2|trial2,1,0.6510000824928284,window_split,101,test
pd/fisp_012_test2_trial1_w005.npy,fisp_012,fisp_012|test2|trial1,1,0.39667388796806335,window_split,101,test
pd/fisp_022_test1_trial4_w002.npy,fisp_022,fisp_022|test1|trial4,1,0.562827467918396,window_split,101,test
control/fisc_026_test1_trial1_w002.npy,fisc_026,fisc_026|test1|trial1,0,0.34593459963798523,window_split,101,test
pd/fisp_026_test1_trial3_w009.npy,fisp_026,fisp_026|test1|trial3,1,0.8369749188423157,window_split,101,test
pd/fisp_013_test1_trial2_w000.npy,fisp_013,fisp_013|test1|trial2,1,0.7541586756706238,window_split,101,test
pd/fisp_051_test1_trial3_w005.npy,fisp_051,fisp_051|test1|trial3,1,0.7895292639732361,window_split,101,test
control/fisc_033_test1_trial3_w000.npy,fisc_033,fisc_033|test1|trial3,0,0.37910640239715576,window_split,101,test
control/fisc_033_test1_trial1_w006.npy,fisc_033,fisc_033|test1|trial1,0,0.35339897871017456,window_split,101,test
control/fisc_018_test2_trial2_w001.npy,fisc_018,fisc_018|test2|trial2,0,0.23994535207748413,window_split,101,test
pd/fisp_027_test2_trial2_w005.npy,fisp_027,fisp_027|test2|trial2,1,0.7851337790489197,window_split,101,test
control/fisc_034_test2_trial3_w001.npy,fisc_034,fisc_034|test2|trial3,0,0.40027403831481934,window_split,101,test
control/fisc_037_test2_trial1_w003.npy,fisc_037,fisc_037|test2|trial1,0,0.2076992690563202,window_split,101,test
control/fisc_043_test1_trial3_w004.npy,fisc_043,fisc_043|test1|trial3,0,0.48158758878707886,window_split,101,test
pd/fisp_024_test1_trial2_w004.npy,fisp_024,fisp_024|test1|trial2,1,0.7456321716308594,window_split,101,test
control/fisc_014_test1_trial3_w001.npy,fisc_014,fisc_014|test1|trial3,0,0.600290834903717,window_split,101,test
control/fisc_010_test2_trial1_w001.npy,fisc_010,fisc_010|test2|trial1,0,0.6056957840919495,window_split,101,test
control/fisc_041_test2_trial3_w006.npy,fisc_041,fisc_041|test2|trial3,0,0.23600547015666962,window_split,101,test
pd/fisp_049_test1_trial3_w000.npy,fisp_049,fisp_049|test1|trial3,1,0.5435499548912048,window_split,101,test
control/fisc_046_test1_trial1_w003.npy,fisc_046,fisc_046|test1|trial1,0,0.3562210202217102,window_split,101,test
pd/fisp_030_test2_trial2_w000.npy,fisp_030,fisp_030|test2|trial2,1,0.7792606949806213,window_split,101,test
pd/fisp_042_test1_trial2_w005.npy,fisp_042,fisp_042|test1|trial2,1,0.3758927583694458,window_split,101,test
control/fisc_043_test1_trial1_w001.npy,fisc_043,fisc_043|test1|trial1,0,0.1920938938856125,window_split,101,test
pd/fisp_017_test2_trial3_w000.npy,fisp_017,fisp_017|test2|trial3,1,0.7697776556015015,window_split,101,test
control/fisc_010_test2_trial2_w001.npy,fisc_010,fisc_010|test2|trial2,0,0.6783149838447571,window_split,101,test
control/fisc_033_test1_trial1_w004.npy,fisc_033,fisc_033|test1|trial1,0,0.34611043334007263,window_split,101,test
pd/fisp_044_test1_trial3_w003.npy,fisp_044,fisp_044|test1|trial3,1,0.3087540864944458,window_split,101,test
control/fisc_008_test2_trial2_w002.npy,fisc_008,fisc_008|test2|trial2,0,0.5206570625305176,window_split,101,test
pd/fisp_012_test1_trial2_w003.npy,fisp_012,fisp_012|test1|trial2,1,0.6208281517028809,window_split,101,test
pd/fisp_015_test2_trial2_w003.npy,fisp_015,fisp_015|test2|trial2,1,0.6727023720741272,window_split,101,test
control/fisc_007_test1_trial3_w001.npy,fisc_007,fisc_007|test1|trial3,0,0.4465785622596741,window_split,101,test
control/fisc_041_test1_trial2_w001.npy,fisc_041,fisc_041|test1|trial2,0,0.26865145564079285,window_split,101,test
control/fisc_033_test1_trial1_w002.npy,fisc_033,fisc_033|test1|trial1,0,0.7394183278083801,window_split,101,test
pd/fisp_026_test2_trial1_w000.npy,fisp_026,fisp_026|test2|trial1,1,0.7924672961235046,window_split,101,test
pd/fisp_017_test1_trial1_w000.npy,fisp_017,fisp_017|test1|trial1,1,0.7308803200721741,window_split,101,test
pd/fisp_044_test2_trial3_w000.npy,fisp_044,fisp_044|test2|trial3,1,0.6371207237243652,window_split,101,test
pd/fisp_049_test1_trial3_w003.npy,fisp_049,fisp_049|test1|trial3,1,0.35414984822273254,window_split,101,test
control/fisc_043_test1_trial2_w002.npy,fisc_043,fisc_043|test1|trial2,0,0.16557976603507996,window_split,101,test
pd/fisp_014_test1_trial1_w004.npy,fisp_014,fisp_014|test1|trial1,1,0.5601819157600403,window_split,101,test
pd/fisp_051_test1_trial1_w005.npy,fisp_051,fisp_051|test1|trial1,1,0.6881659626960754,window_split,101,test
pd/fisp_051_test1_trial1_w004.npy,fisp_051,fisp_051|test1|trial1,1,0.5675135254859924,window_split,101,test
pd/fisp_026_test2_trial1_w008.npy,fisp_026,fisp_026|test2|trial1,1,0.7958717346191406,window_split,101,test
control/fisc_031_test2_trial3_w003.npy,fisc_031,fisc_031|test2|trial3,0,0.106297567486763,window_split,101,test
pd/fisp_025_test1_trial2_w002.npy,fisp_025,fisp_025|test1|trial2,1,0.735322117805481,window_split,101,test
control/fisc_010_test2_trial1_w003.npy,fisc_010,fisc_010|test2|trial1,0,0.541749894618988,window_split,101,test
pd/fisp_044_test1_trial3_w000.npy,fisp_044,fisp_044|test1|trial3,1,0.5664418935775757,window_split,101,test
pd/fisp_040_test2_trial3_w002.npy,fisp_040,fisp_040|test2|trial3,1,0.5640942454338074,window_split,101,test
pd/fisp_044_test2_trial1_w001.npy,fisp_044,fisp_044|test2|trial1,1,0.3771893084049225,window_split,101,test
pd/fisp_042_test1_trial2_w006.npy,fisp_042,fisp_042|test1|trial2,1,0.5337730646133423,window_split,101,test
control/fisc_012_test2_trial2_w003.npy,fisc_012,fisc_012|test2|trial2,0,0.6837595701217651,window_split,101,test
pd/fisp_026_test1_trial2_w005.npy,fisp_026,fisp_026|test1|trial2,1,0.7564525008201599,window_split,101,test
control/fisc_034_test1_trial3_w001.npy,fisc_034,fisc_034|test1|trial3,0,0.30918872356414795,window_split,101,test
pd/fisp_045_test1_trial3_w001.npy,fisp_045,fisp_045|test1|trial3,1,0.30236175656318665,window_split,101,test
control/fisc_029_test1_trial2_w003.npy,fisc_029,fisc_029|test1|trial2,0,0.4250681400299072,window_split,101,test
control/fisc_010_test1_trial1_w003.npy,fisc_010,fisc_010|test1|trial1,0,0.6140812039375305,window_split,101,test
pd/fisp_027_test1_trial3_w002.npy,fisp_027,fisp_027|test1|trial3,1,0.7503796219825745,window_split,101,test
control/fisc_020_test1_trial3_w003.npy,fisc_020,fisc_020|test1|trial3,0,0.5771645903587341,window_split,101,test
control/fisc_010_test1_trial3_w003.npy,fisc_010,fisc_010|test1|trial3,0,0.5609110593795776,window_split,101,test
control/fisc_032_test1_trial2_w000.npy,fisc_032,fisc_032|test1|trial2,0,0.35504183173179626,window_split,101,test
pd/fisp_026_test1_trial1_w005.npy,fisp_026,fisp_026|test1|trial1,1,0.7759119272232056,window_split,101,test
control/fisc_074_test1_trial2_w002.npy,fisc_074,fisc_074|test1|trial2,0,0.13816244900226593,window_split,101,test
pd/fisp_021_test2_trial2_w002.npy,fisp_021,fisp_021|test2|trial2,1,0.669701099395752,window_split,101,test
control/fisc_042_test1_trial2_w004.npy,fisc_042,fisc_042|test1|trial2,0,0.3417022228240967,window_split,101,test
pd/fisp_021_test1_trial1_w001.npy,fisp_021,fisp_021|test1|trial1,1,0.7018060684204102,window_split,101,test
control/fisc_007_test2_trial3_w001.npy,fisc_007,fisc_007|test2|trial3,0,0.489688903093338,window_split,101,test
pd/fisp_052_test2_trial1_w002.npy,fisp_052,fisp_052|test2|trial1,1,0.38177528977394104,window_split,101,test
pd/fisp_029_test1_trial2_w001.npy,fisp_029,fisp_029|test1|trial2,1,0.6484670042991638,window_split,101,test
pd/fisp_015_test1_trial1_w000.npy,fisp_015,fisp_015|test1|trial1,1,0.7506023645401001,window_split,101,test
pd/fisp_051_test2_trial2_w001.npy,fisp_051,fisp_051|test2|trial2,1,0.745455265045166,window_split,101,test
control/fisc_029_test2_trial3_w001.npy,fisc_029,fisc_029|test2|trial3,0,0.4834216237068176,window_split,101,test
pd/fisp_049_test2_trial1_w002.npy,fisp_049,fisp_049|test2|trial1,1,0.46659576892852783,window_split,101,test
pd/fisp_015_test1_trial1_w003.npy,fisp_015,fisp_015|test1|trial1,1,0.7253696322441101,window_split,101,test
control/fisc_012_test1_trial1_w000.npy,fisc_012,fisc_012|test1|trial1,0,0.8028483986854553,window_split,101,test
pd/fisp_014_test2_trial2_w004.npy,fisp_014,fisp_014|test2|trial2,1,0.3746042549610138,window_split,101,test
control/fisc_035_test2_trial1_w002.npy,fisc_035,fisc_035|test2|trial1,0,0.49502426385879517,window_split,101,test
pd/fisp_024_test1_trial2_w000.npy,fisp_024,fisp_024|test1|trial2,1,0.7002613544464111,window_split,101,test
control/fisc_036_test1_trial1_w002.npy,fisc_036,fisc_036|test1|trial1,0,0.41363725066185,window_split,101,test
control/fisc_027_test1_trial2_w001.npy,fisc_027,fisc_027|test1|trial2,0,0.3316361904144287,window_split,101,test
pd/fisp_040_test1_trial3_w004.npy,fisp_040,fisp_040|test1|trial3,1,0.6997207403182983,window_split,101,test
control/fisc_034_test2_trial2_w002.npy,fisc_034,fisc_034|test2|trial2,0,0.3555689752101898,window_split,101,test
pd/fisp_014_test2_trial1_w001.npy,fisp_014,fisp_014|test2|trial1,1,0.8479177355766296,window_split,101,test
pd/fisp_012_test2_trial3_w004.npy,fisp_012,fisp_012|test2|trial3,1,0.6872579455375671,window_split,101,test
pd/fisp_049_test2_trial2_w003.npy,fisp_049,fisp_049|test2|trial2,1,0.4567528963088989,window_split,101,test
control/fisc_031_test1_trial2_w003.npy,fisc_031,fisc_031|test1|trial2,0,0.2794684171676636,window_split,101,test
control/fisc_008_test2_trial2_w001.npy,fisc_008,fisc_008|test2|trial2,0,0.6621199250221252,window_split,101,test
pd/fisp_015_test1_trial2_w004.npy,fisp_015,fisp_015|test1|trial2,1,0.7403978705406189,window_split,101,test
pd/fisp_012_test1_trial2_w005.npy,fisp_012,fisp_012|test1|trial2,1,0.44422411918640137,window_split,101,test
control/fisc_010_test1_trial1_w000.npy,fisc_010,fisc_010|test1|trial1,0,0.7206920981407166,window_split,102,test
control/fisc_074_test2_trial1_w002.npy,fisc_074,fisc_074|test2|trial1,0,0.15730278193950653,window_split,102,test
control/fisc_045_test2_trial2_w003.npy,fisc_045,fisc_045|test2|trial2,0,0.19651572406291962,window_split,102,test
control/fisc_026_test2_trial3_w003.npy,fisc_026,fisc_026|test2|trial3,0,0.43724656105041504,window_split,102,test
control/fisc_043_test2_trial1_w000.npy,fisc_043,fisc_043|test2|trial1,0,0.21208351850509644,window_split,102,test
control/fisc_016_test2_trial2_w001.npy,fisc_016,fisc_016|test2|trial2,0,0.6891859173774719,window_split,102,test
control/fisc_007_test1_trial2_w000.npy,fisc_007,fisc_007|test1|trial2,0,0.6134157180786133,window_split,102,test
control/fisc_005_test1_trial2_w002.npy,fisc_005,fisc_005|test1|trial2,0,0.533894956111908,window_split,102,test
control/fisc_032_test1_trial3_w003.npy,fisc_032,fisc_032|test1|trial3,0,0.37705156207084656,window_split,102,test
pd/fisp_018_test2_trial1_w000.npy,fisp_018,fisp_018|test2|trial1,1,0.7462136149406433,window_split,102,test
control/fisc_042_test2_trial2_w002.npy,fisc_042,fisc_042|test2|trial2,0,0.16996163129806519,window_split,102,test
pd/fisp_044_test1_trial3_w003.npy,fisp_044,fisp_044|test1|trial3,1,0.2830311059951782,window_split,102,test
control/fisc_044_test2_trial3_w002.npy,fisc_044,fisc_044|test2|trial3,0,0.28697407245635986,window_split,102,test
control/fisc_010_test2_trial2_w001.npy,fisc_010,fisc_010|test2|trial2,0,0.6825470924377441,window_split,102,test
pd/fisp_051_test1_trial1_w007.npy,fisp_051,fisp_051|test1|trial1,1,0.6571483612060547,window_split,102,test
control/fisc_016_test1_trial3_w003.npy,fisc_016,fisc_016|test1|trial3,0,0.8332269191741943,window_split,102,test
control/fisc_026_test2_trial1_w003.npy,fisc_026,fisc_026|test2|trial1,0,0.40075424313545227,window_split,102,test
control/fisc_045_test1_trial2_w000.npy,fisc_045,fisc_045|test1|trial2,0,0.08213936537504196,window_split,102,test
control/fisc_049_test2_trial3_w000.npy,fisc_049,fisc_049|test2|trial3,0,0.2805781066417694,window_split,102,test
pd/fisp_051_test1_trial1_w003.npy,fisp_051,fisp_051|test1|trial1,1,0.6387233734130859,window_split,102,test
control/fisc_006_test1_trial3_w000.npy,fisc_006,fisc_006|test1|trial3,0,0.687572717666626,window_split,102,test
pd/fisp_044_test1_trial1_w000.npy,fisp_044,fisp_044|test1|trial1,1,0.18548694252967834,window_split,102,test
pd/fisp_012_test1_trial1_w000.npy,fisp_012,fisp_012|test1|trial1,1,0.25994789600372314,window_split,102,test
control/fisc_014_test2_trial2_w000.npy,fisc_014,fisc_014|test2|trial2,0,0.6757996678352356,window_split,102,test
control/fisc_040_test1_trial1_w002.npy,fisc_040,fisc_040|test1|trial1,0,0.149267315864563,window_split,102,test
pd/fisp_051_test2_trial3_w004.npy,fisp_051,fisp_051|test2|trial3,1,0.5025980472564697,window_split,102,test
control/fisc_012_test1_trial2_w006.npy,fisc_012,fisc_012|test1|trial2,0,0.6891821026802063,window_split,102,test
pd/fisp_041_test1_trial3_w001.npy,fisp_041,fisp_041|test1|trial3,1,0.5289092659950256,window_split,102,test
control/fisc_047_test1_trial1_w002.npy,fisc_047,fisc_047|test1|trial1,0,0.22822463512420654,window_split,102,test
pd/fisp_045_test2_trial1_w003.npy,fisp_045,fisp_045|test2|trial1,1,0.2665190100669861,window_split,102,test
pd/fisp_025_test1_trial3_w004.npy,fisp_025,fisp_025|test1|trial3,1,0.6613128781318665,window_split,102,test
control/fisc_026_test1_trial3_w000.npy,fisc_026,fisc_026|test1|trial3,0,0.43147554993629456,window_split,102,test
control/fisc_018_test1_trial1_w002.npy,fisc_018,fisc_018|test1|trial1,0,0.2124805748462677,window_split,102,test
control/fisc_012_test1_trial3_w000.npy,fisc_012,fisc_012|test1|trial3,0,0.7373791337013245,window_split,102,test
pd/fisp_012_test1_trial2_w002.npy,fisp_012,fisp_012|test1|trial2,1,0.39370375871658325,window_split,102,test
control/fisc_041_test2_trial1_w005.npy,fisc_041,fisc_041|test2|trial1,0,0.33004435896873474,window_split,102,test
pd/fisp_026_test2_trial1_w005.npy,fisp_026,fisp_026|test2|trial1,1,0.7256308197975159,window_split,102,test
pd/fisp_044_test2_trial3_w000.npy,fisp_044,fisp_044|test2|trial3,1,0.4891930818557739,window_split,102,test
control/fisc_046_test1_trial3_w000.npy,fisc_046,fisc_046|test1|trial3,0,0.10331891477108002,window_split,102,test
control/fisc_048_test1_trial1_w002.npy,fisc_048,fisc_048|test1|trial1,0,0.37470972537994385,window_split,102,test
pd/fisp_042_test1_trial1_w001.npy,fisp_042,fisp_042|test1|trial1,1,0.5484229326248169,window_split,102,test
control/fisc_042_test1_trial2_w003.npy,fisc_042,fisc_042|test1|trial2,0,0.1977555900812149,window_split,102,test
pd/fisp_021_test2_trial1_w001.npy,fisp_021,fisp_021|test2|trial1,1,0.5725927352905273,window_split,102,test
pd/fisp_040_test1_trial2_w003.npy,fisp_040,fisp_040|test1|trial2,1,0.6107394695281982,window_split,102,test
control/fisc_034_test1_trial2_w002.npy,fisc_034,fisc_034|test1|trial2,0,0.22029484808444977,window_split,102,test
control/fisc_012_test1_trial2_w001.npy,fisc_012,fisc_012|test1|trial2,0,0.6935796141624451,window_split,102,test
pd/fisp_025_test2_trial1_w000.npy,fisp_025,fisp_025|test2|trial1,1,0.784896194934845,window_split,102,test
pd/fisp_021_test2_trial2_w003.npy,fisp_021,fisp_021|test2|trial2,1,0.6749163866043091,window_split,102,test
pd/fisp_044_test1_trial2_w000.npy,fisp_044,fisp_044|test1|trial2,1,0.2527945041656494,window_split,102,test
pd/fisp_013_test1_trial1_w002.npy,fisp_013,fisp_013|test1|trial1,1,0.6663448214530945,window_split,102,test
pd/fisp_013_test2_trial3_w001.npy,fisp_013,fisp_013|test2|trial3,1,0.7021870017051697,window_split,102,test
control/fisc_031_test2_trial1_w001.npy,fisc_031,fisc_031|test2|trial1,0,0.20066584646701813,window_split,102,test
pd/fisp_014_test1_trial2_w006.npy,fisp_014,fisp_014|test1|trial2,1,0.24400117993354797,window_split,102,test
control/fisc_026_test1_trial3_w003.npy,fisc_026,fisc_026|test1|trial3,0,0.4558299481868744,window_split,102,test
pd/fisp_022_test2_trial2_w002.npy,fisp_022,fisp_022|test2|trial2,1,0.6482276916503906,window_split,102,test
pd/fisp_045_test2_trial2_w003.npy,fisp_045,fisp_045|test2|trial2,1,0.2527976930141449,window_split,102,test
control/fisc_041_test2_trial1_w000.npy,fisc_041,fisc_041|test2|trial1,0,0.16013994812965393,window_split,102,test
pd/fisp_044_test2_trial2_w005.npy,fisp_044,fisp_044|test2|trial2,1,0.25927451252937317,window_split,102,test
control/fisc_034_test1_trial2_w001.npy,fisc_034,fisc_034|test1|trial2,0,0.19716262817382812,window_split,102,test
pd/fisp_041_test1_trial1_w000.npy,fisp_041,fisp_041|test1|trial1,1,0.1406722366809845,window_split,102,test
pd/fisp_012_test1_trial1_w002.npy,fisp_012,fisp_012|test1|trial1,1,0.4364762604236603,window_split,102,test
pd/fisp_018_test1_trial1_w002.npy,fisp_018,fisp_018|test1|trial1,1,0.7736331820487976,window_split,102,test
control/fisc_034_test1_trial2_w006.npy,fisc_034,fisc_034|test1|trial2,0,0.2032007873058319,window_split,102,test
pd/fisp_037_test2_trial3_w001.npy,fisp_037,fisp_037|test2|trial3,1,0.6968255639076233,window_split,102,test
pd/fisp_017_test1_trial3_w003.npy,fisp_017,fisp_017|test1|trial3,1,0.7083300352096558,window_split,102,test
pd/fisp_022_test2_trial1_w002.npy,fisp_022,fisp_022|test2|trial1,1,0.6664570569992065,window_split,102,test
control/fisc_037_test1_trial2_w001.npy,fisc_037,fisc_037|test1|trial2,0,0.18098033964633942,window_split,102,test
control/fisc_012_test1_trial1_w005.npy,fisc_012,fisc_012|test1|trial1,0,0.6962949633598328,window_split,102,test
control/fisc_029_test2_trial3_w001.npy,fisc_029,fisc_029|test2|trial3,0,0.3630233108997345,window_split,102,test
pd/fisp_048_test1_trial2_w005.npy,fisp_048,fisp_048|test1|trial2,1,0.2940460741519928,window_split,102,test
pd/fisp_026_test1_trial3_w004.npy,fisp_026,fisp_026|test1|trial3,1,0.7444247007369995,window_split,102,test
pd/fisp_041_test2_trial2_w000.npy,fisp_041,fisp_041|test2|trial2,1,0.4970594048500061,window_split,102,test
control/fisc_006_test1_trial2_w002.npy,fisc_006,fisc_006|test1|trial2,0,0.6202357411384583,window_split,102,test
control/fisc_006_test2_trial2_w001.npy,fisc_006,fisc_006|test2|trial2,0,0.6770859956741333,window_split,102,test
pd/fisp_044_test1_trial1_w003.npy,fisp_044,fisp_044|test1|trial1,1,0.2286289930343628,window_split,102,test
pd/fisp_041_test2_trial2_w001.npy,fisp_041,fisp_041|test2|trial2,1,0.37059104442596436,window_split,102,test
pd/fisp_045_test2_trial1_w002.npy,fisp_045,fisp_045|test2|trial1,1,0.3923192322254181,window_split,102,test
pd/fisp_018_test1_trial1_w001.npy,fisp_018,fisp_018|test1|trial1,1,0.7943626046180725,window_split,102,test
pd/fisp_018_test1_trial2_w001.npy,fisp_018,fisp_018|test1|trial2,1,0.7188780903816223,window_split,102,test
pd/fisp_017_test1_trial3_w001.npy,fisp_017,fisp_017|test1|trial3,1,0.6087571382522583,window_split,102,test
control/fisc_041_test1_trial2_w000.npy,fisc_041,fisc_041|test1|trial2,0,0.1588430255651474,window_split,102,test
control/fisc_008_test1_trial1_w002.npy,fisc_008,fisc_008|test1|trial1,0,0.620222806930542,window_split,102,test
pd/fisp_012_test2_trial3_w003.npy,fisp_012,fisp_012|test2|trial3,1,0.44146332144737244,window_split,102,test
control/fisc_040_test1_trial1_w000.npy,fisc_040,fisc_040|test1|trial1,0,0.2919560372829437,window_split,102,test
control/fisc_016_test2_trial2_w002.npy,fisc_016,fisc_016|test2|trial2,0,0.7683213949203491,window_split,102,test
control/fisc_032_test2_trial1_w000.npy,fisc_032,fisc_032|test2|trial1,0,0.33835670351982117,window_split,102,test
pd/fisp_045_test2_trial2_w002.npy,fisp_045,fisp_045|test2|trial2,1,0.1436794400215149,window_split,102,test
pd/fisp_026_test1_trial2_w004.npy,fisp_026,fisp_026|test1|trial2,1,0.7088859677314758,window_split,102,test
pd/fisp_040_test1_trial3_w004.npy,fisp_040,fisp_040|test1|trial3,1,0.6748564839363098,window_split,102,test
pd/fisp_015_test1_trial2_w006.npy,fisp_015,fisp_015|test1|trial2,1,0.7844922542572021,window_split,102,test
control/fisc_037_test1_trial3_w000.npy,fisc_037,fisc_037|test1|trial3,0,0.13550062477588654,window_split,102,test
pd/fisp_051_test1_trial3_w006.npy,fisp_051,fisp_051|test1|trial3,1,0.4949505627155304,window_split,102,test
pd/fisp_025_test1_trial1_w001.npy,fisp_025,fisp_025|test1|trial1,1,0.783043384552002,window_split,102,test
pd/fisp_022_test1_trial3_w002.npy,fisp_022,fisp_022|test1|trial3,1,0.6606040596961975,window_split,102,test
control/fisc_029_test1_trial1_w000.npy,fisc_029,fisc_029|test1|trial1,0,0.33282995223999023,window_split,102,test
control/fisc_034_test1_trial1_w004.npy,fisc_034,fisc_034|test1|trial1,0,0.4489595592021942,window_split,102,test
pd/fisp_052_test2_trial1_w000.npy,fisp_052,fisp_052|test2|trial1,1,0.0783737450838089,window_split,102,test
control/fisc_020_test2_trial1_w001.npy,fisc_020,fisc_020|test2|trial1,0,0.46456196904182434,window_split,102,test
control/fisc_034_test1_trial3_w002.npy,fisc_034,fisc_034|test1|trial3,0,0.22385133802890778,window_split,102,test
control/fisc_018_test1_trial3_w002.npy,fisc_018,fisc_018|test1|trial3,0,0.2593424618244171,window_split,102,test
pd/fisp_044_test2_trial3_w003.npy,fisp_044,fisp_044|test2|trial3,1,0.21677887439727783,window_split,102,test
control/fisc_031_test1_trial1_w002.npy,fisc_031,fisc_031|test1|trial1,0,0.11607647687196732,window_split,102,test
pd/fisp_049_test1_trial3_w004.npy,fisp_049,fisp_049|test1|trial3,1,0.49806854128837585,window_split,102,test
pd/fisp_048_test1_trial2_w003.npy,fisp_048,fisp_048|test1|trial2,1,0.2140590101480484,window_split,102,test
control/fisc_049_test1_trial3_w003.npy,fisc_049,fisc_049|test1|trial3,0,0.21229425072669983,window_split,102,test
control/fisc_074_test1_trial3_w004.npy,fisc_074,fisc_074|test1|trial3,0,0.45648714900016785,window_split,102,test
pd/fisp_026_test2_trial2_w001.npy,fisp_026,fisp_026|test2|trial2,1,0.799732506275177,window_split,102,test
control/fisc_014_test2_trial2_w001.npy,fisc_014,fisc_014|test2|trial2,0,0.6071907877922058,window_split,102,test
pd/fisp_051_test1_trial3_w004.npy,fisp_051,fisp_051|test1|trial3,1,0.3950943648815155,window_split,102,test
control/fisc_035_test2_trial2_w004.npy,fisc_035,fisc_035|test2|trial2,0,0.29203903675079346,window_split,102,test
control/fisc_039_test1_trial2_w000.npy,fisc_039,fisc_039|test1|trial2,0,0.05908459797501564,window_split,102,test
pd/fisp_037_test1_trial3_w000.npy,fisp_037,fisp_037|test1|trial3,1,0.7636278867721558,window_split,102,test
control/fisc_010_test2_trial3_w000.npy,fisc_010,fisc_010|test2|trial3,0,0.6853132843971252,window_split,102,test
pd/fisp_051_test2_trial1_w003.npy,fisp_051,fisp_051|test2|trial1,1,0.5269772410392761,window_split,102,test
pd/fisp_014_test1_trial2_w005.npy,fisp_014,fisp_014|test1|trial2,1,0.12757942080497742,window_split,102,test
control/fisc_006_test2_trial3_w003.npy,fisc_006,fisc_006|test2|trial3,0,0.685687780380249,window_split,102,test
control/fisc_034_test2_trial1_w004.npy,fisc_034,fisc_034|test2|trial1,0,0.32279476523399353,window_split,102,test
control/fisc_045_test2_trial3_w001.npy,fisc_045,fisc_045|test2|trial3,0,0.38263463973999023,window_split,102,test
control/fisc_012_test1_trial1_w002.npy,fisc_012,fisc_012|test1|trial1,0,0.6456760764122009,window_split,102,test
control/fisc_044_test1_trial3_w000.npy,fisc_044,fisc_044|test1|trial3,0,0.0946245789527893,window_split,102,test
control/fisc_035_test2_trial3_w005.npy,fisc_035,fisc_035|test2|trial3,0,0.18333937227725983,window_split,102,test
control/fisc_042_test1_trial3_w002.npy,fisc_042,fisc_042|test1|trial3,0,0.20581255853176117,window_split,102,test
control/fisc_012_test1_trial2_w007.npy,fisc_012,fisc_012|test1|trial2,0,0.7723947167396545,window_split,102,test
control/fisc_010_test1_trial1_w002.npy,fisc_010,fisc_010|test1|trial1,0,0.5618383288383484,window_split,102,test
pd/fisp_027_test2_trial3_w005.npy,fisp_027,fisp_027|test2|trial3,1,0.7428498268127441,window_split,102,test
pd/fisp_044_test2_trial3_w001.npy,fisp_044,fisp_044|test2|trial3,1,0.3028753995895386,window_split,102,test
pd/fisp_024_test2_trial2_w002.npy,fisp_024,fisp_024|test2|trial2,1,0.6684034466743469,window_split,102,test
pd/fisp_051_test2_trial1_w002.npy,fisp_051,fisp_051|test2|trial1,1,0.33842962980270386,window_split,102,test
pd/fisp_025_test2_trial3_w000.npy,fisp_025,fisp_025|test2|trial3,1,0.7814531922340393,window_split,102,test
control/fisc_050_test2_trial3_w001.npy,fisc_050,fisc_050|test2|trial3,0,0.4170708954334259,window_split,102,test
control/fisc_005_test1_trial3_w002.npy,fisc_005,fisc_005|test1|trial3,0,0.5291428565979004,window_split,102,test
pd/fisp_042_test1_trial2_w000.npy,fisp_042,fisp_042|test1|trial2,1,0.45812854170799255,window_split,102,test
control/fisc_050_test1_trial3_w002.npy,fisc_050,fisc_050|test1|trial3,0,0.20463815331459045,window_split,102,test
control/fisc_041_test1_trial3_w005.npy,fisc_041,fisc_041|test1|trial3,0,0.21757134795188904,window_split,102,test
pd/fisp_017_test1_trial2_w000.npy,fisp_017,fisp_017|test1|trial2,1,0.6908701658248901,window_split,102,test
pd/fisp_024_test1_trial1_w000.npy,fisp_024,fisp_024|test1|trial1,1,0.6933155655860901,window_split,102,test
pd/fisp_013_test1_trial3_w000.npy,fisp_013,fisp_013|test1|trial3,1,0.7905762791633606,window_split,102,test
pd/fisp_012_test1_trial3_w000.npy,fisp_012,fisp_012|test1|trial3,1,0.23584571480751038,window_split,102,test
control/fisc_043_test1_trial1_w002.npy,fisc_043,fisc_043|test1|trial1,0,0.09724662452936172,window_split,102,test
control/fisc_036_test1_trial1_w003.npy,fisc_036,fisc_036|test1|trial1,0,0.20156137645244598,window_split,102,test
pd/fisp_041_test1_trial1_w002.npy,fisp_041,fisp_041|test1|trial1,1,0.2691413164138794,window_split,102,test
control/fisc_031_test1_trial3_w001.npy,fisc_031,fisc_031|test1|trial3,0,0.10512903332710266,window_split,102,test
control/fisc_029_test1_trial1_w002.npy,fisc_029,fisc_029|test1|trial1,0,0.3942607045173645,window_split,102,test
control/fisc_032_test2_trial2_w001.npy,fisc_032,fisc_032|test2|trial2,0,0.2789110839366913,window_split,102,test
pd/fisp_017_test2_trial1_w000.npy,fisp_017,fisp_017|test2|trial1,1,0.7308163642883301,window_split,102,test
control/fisc_039_test1_trial3_w001.npy,fisc_039,fisc_039|test1|trial3,0,0.22065973281860352,window_split,102,test
pd/fisp_021_test1_trial1_w000.npy,fisp_021,fisp_021|test1|trial1,1,0.7449661493301392,window_split,102,test
pd/fisp_031_test1_trial1_w003.npy,fisp_031,fisp_031|test1|trial1,1,0.6529406905174255,window_split,102,test
control/fisc_014_test1_trial2_w000.npy,fisc_014,fisc_014|test1|trial2,0,0.6176636219024658,window_split,102,test
pd/fisp_052_test2_trial1_w003.npy,fisp_052,fisp_052|test2|trial1,1,0.32269856333732605,window_split,102,test
control/fisc_033_test2_trial1_w001.npy,fisc_033,fisc_033|test2|trial1,0,0.5791634321212769,window_split,102,test
pd/fisp_037_test2_trial3_w002.npy,fisp_037,fisp_037|test2|trial3,1,0.6619760394096375,window_split,102,test
control/fisc_020_test2_trial2_w001.npy,fisc_020,fisc_020|test2|trial2,0,0.519988477230072,window_split,102,test
pd/fisp_027_test1_trial3_w005.npy,fisp_027,fisp_027|test1|trial3,1,0.7144010066986084,window_split,102,test
pd/fisp_040_test2_trial1_w001.npy,fisp_040,fisp_040|test2|trial1,1,0.6738167405128479,window_split,102,test
pd/fisp_031_test2_trial2_w000.npy,fisp_031,fisp_031|test2|trial2,1,0.6927412152290344,window_split,102,test
control/fisc_074_test2_trial2_w001.npy,fisc_074,fisc_074|test2|trial2,0,0.08050134778022766,window_split,102,test
pd/fisp_013_test1_trial1_w003.npy,fisp_013,fisp_013|test1|trial1,1,0.5075187087059021,window_split,102,test
pd/fisp_044_test2_trial2_w001.npy,fisp_044,fisp_044|test2|trial2,1,0.34789809584617615,window_split,102,test
pd/fisp_012_test1_trial3_w004.npy,fisp_012,fisp_012|test1|trial3,1,0.2683016061782837,window_split,102,test
control/fisc_012_test2_trial1_w005.npy,fisc_012,fisc_012|test2|trial1,0,0.6042893528938293,window_split,102,test
control/fisc_033_test2_trial2_w002.npy,fisc_033,fisc_033|test2|trial2,0,0.2246827781200409,window_split,102,test
control/fisc_035_test1_trial2_w007.npy,fisc_035,fisc_035|test1|trial2,0,0.3904041349887848,window_split,102,test
pd/fisp_049_test2_trial1_w002.npy,fisp_049,fisp_049|test2|trial1,1,0.40564796328544617,window_split,102,test
control/fisc_043_test1_trial3_w001.npy,fisc_043,fisc_043|test1|trial3,0,0.17553599178791046,window_split,102,test
control/fisc_008_test1_trial2_w000.npy,fisc_008,fisc_008|test1|trial2,0,0.6722438335418701,window_split,102,test
control/fisc_018_test1_trial1_w003.npy,fisc_018,fisc_018|test1|trial1,0,0.3856843113899231,window_split,102,test
pd/fisp_044_test2_trial2_w000.npy,fisp_044,fisp_044|test2|trial2,1,0.14965669810771942,window_split,102,test
pd/fisp_026_test1_trial1_w007.npy,fisp_026,fisp_026|test1|trial1,1,0.7190670967102051,window_split,102,test
control/fisc_005_test2_trial1_w002.npy,fisc_005,fisc_005|test2|trial1,0,0.6998254060745239,window_split,102,test
pd/fisp_048_test2_trial1_w000.npy,fisp_048,fisp_048|test2|trial1,1,0.381378710269928,window_split,102,test
pd/fisp_042_test2_trial2_w001.npy,fisp_042,fisp_042|test2|trial2,1,0.5121372938156128,window_split,102,test
control/fisc_006_test1_trial1_w002.npy,fisc_006,fisc_006|test1|trial1,0,0.7317975163459778,window_split,102,test
pd/fisp_048_test1_trial1_w005.npy,fisp_048,fisp_048|test1|trial1,1,0.4043927788734436,window_split,102,test
control/fisc_045_test1_trial3_w000.npy,fisc_045,fisc_045|test1|trial3,0,0.09782477468252182,window_split,102,test
control/fisc_046_test1_trial2_w001.npy,fisc_046,fisc_046|test1|trial2,0,0.048054248094558716,window_split,102,test
control/fisc_045_test1_trial1_w003.npy,fisc_045,fisc_045|test1|trial1,0,0.2710500955581665,window_split,102,test
pd/fisp_052_test2_trial1_w001.npy,fisp_052,fisp_052|test2|trial1,1,0.10869134962558746,window_split,102,test
control/fisc_006_test2_trial1_w001.npy,fisc_006,fisc_006|test2|trial1,0,0.6426180601119995,window_split,102,test
control/fisc_074_test2_trial1_w000.npy,fisc_074,fisc_074|test2|trial1,0,0.16622547805309296,window_split,102,test
pd/fisp_040_test1_trial1_w000.npy,fisp_040,fisp_040|test1|trial1,1,0.659731924533844,window_split,102,test
control/fisc_041_test1_trial3_w007.npy,fisc_041,fisc_041|test1|trial3,0,0.2833881378173828,window_split,102,test
control/fisc_043_test1_trial1_w003.npy,fisc_043,fisc_043|test1|trial1,0,0.1872061938047409,window_split,102,test
control/fisc_027_test1_trial1_w003.npy,fisc_027,fisc_027|test1|trial1,0,0.318583220243454,window_split,102,test
pd/fisp_031_test1_trial3_w002.npy,fisp_031,fisp_031|test1|trial3,1,0.6936547756195068,window_split,102,test
pd/fisp_026_test1_trial3_w006.npy,fisp_026,fisp_026|test1|trial3,1,0.7866153120994568,window_split,102,test
pd/fisp_017_test1_trial2_w001.npy,fisp_017,fisp_017|test1|trial2,1,0.632722020149231,window_split,102,test
control/fisc_010_test1_trial1_w001.npy,fisc_010,fisc_010|test1|trial1,0,0.6915838122367859,window_split,102,test
pd/fisp_014_test1_trial2_w004.npy,fisp_014,fisp_014|test1|trial2,1,0.4354219138622284,window_split,102,test
pd/fisp_025_test1_trial1_w000.npy,fisp_025,fisp_025|test1|trial1,1,0.7076796293258667,window_split,102,test
control/fisc_035_test2_trial2_w001.npy,fisc_035,fisc_035|test2|trial2,0,0.35830602049827576,window_split,102,test
control/fisc_007_test2_trial1_w000.npy,fisc_007,fisc_007|test2|trial1,0,0.645553469657898,window_split,102,test
pd/fisp_015_test2_trial1_w000.npy,fisp_015,fisp_015|test2|trial1,1,0.7292211055755615,window_split,102,test
control/fisc_020_test1_trial3_w003.npy,fisc_020,fisc_020|test1|trial3,0,0.5993461608886719,window_split,102,test
control/fisc_031_test1_trial3_w000.npy,fisc_031,fisc_031|test1|trial3,0,0.20086315274238586,window_split,102,test
control/fisc_018_test2_trial1_w003.npy,fisc_018,fisc_018|test2|trial1,0,0.16284053027629852,window_split,102,test
control/fisc_039_test1_trial3_w003.npy,fisc_039,fisc_039|test1|trial3,0,0.18264953792095184,window_split,102,test
pd/fisp_042_test1_trial2_w007.npy,fisp_042,fisp_042|test1|trial2,1,0.42859363555908203,window_split,102,test
control/fisc_039_test1_trial2_w002.npy,fisc_039,fisc_039|test1|trial2,0,0.10824346542358398,window_split,102,test
pd/fisp_048_test1_trial3_w000.npy,fisp_048,fisp_048|test1|trial3,1,0.5975177884101868,window_split,102,test
pd/fisp_014_test1_trial3_w006.npy,fisp_014,fisp_014|test1|trial3,1,0.509519100189209,window_split,102,test
pd/fisp_013_test1_trial3_w004.npy,fisp_013,fisp_013|test1|trial3,1,0.6143789291381836,window_split,102,test
control/fisc_046_test1_trial3_w001.npy,fisc_046,fisc_046|test1|trial3,0,0.04195202887058258,window_split,102,test
pd/fisp_042_test1_trial3_w001.npy,fisp_042,fisp_042|test1|trial3,1,0.4950507581233978,window_split,102,test
control/fisc_049_test1_trial3_w004.npy,fisc_049,fisc_049|test1|trial3,0,0.1958765685558319,window_split,102,test
control/fisc_035_test1_trial3_w000.npy,fisc_035,fisc_035|test1|trial3,0,0.5126802921295166,window_split,102,test
control/fisc_034_test1_trial3_w000.npy,fisc_034,fisc_034|test1|trial3,0,0.1870078593492508,window_split,102,test
control/fisc_035_test2_trial2_w003.npy,fisc_035,fisc_035|test2|trial2,0,0.44152915477752686,window_split,102,test
pd/fisp_026_test1_trial3_w000.npy,fisp_026,fisp_026|test1|trial3,1,0.7664139866828918,window_split,102,test
pd/fisp_012_test2_trial3_w001.npy,fisp_012,fisp_012|test2|trial3,1,0.4815874397754669,window_split,102,test
control/fisc_027_test1_trial1_w000.npy,fisc_027,fisc_027|test1|trial1,0,0.31869247555732727,window_split,102,test
pd/fisp_014_test1_trial3_w005.npy,fisp_014,fisp_014|test1|trial3,1,0.21654397249221802,window_split,102,test
pd/fisp_024_test1_trial1_w001.npy,fisp_024,fisp_024|test1|trial1,1,0.5881982445716858,window_split,102,test
pd/fisp_022_test1_trial2_w001.npy,fisp_022,fisp_022|test1|trial2,1,0.6364157199859619,window_split,102,test
pd/fisp_027_test2_trial3_w000.npy,fisp_027,fisp_027|test2|trial3,1,0.704168975353241,window_split,102,test
pd/fisp_051_test1_trial2_w001.npy,fisp_051,fisp_051|test1|trial2,1,0.46857577562332153,window_split,102,test
control/fisc_040_test1_trial3_w003.npy,fisc_040,fisc_040|test1|trial3,0,0.2539390027523041,window_split,102,test
pd/fisp_048_test2_trial1_w004.npy,fisp_048,fisp_048|test2|trial1,1,0.21230067312717438,window_split,102,test
control/fisc_032_test2_trial3_w000.npy,fisc_032,fisc_032|test2|trial3,0,0.23258043825626373,window_split,102,test
pd/fisp_048_test2_trial1_w003.npy,fisp_048,fisp_048|test2|trial1,1,0.18756645917892456,window_split,102,test
control/fisc_041_test2_trial3_w005.npy,fisc_041,fisc_041|test2|trial3,0,0.17057107388973236,window_split,102,test
control/fisc_027_test2_trial3_w003.npy,fisc_027,fisc_027|test2|trial3,0,0.2516533136367798,window_split,102,test
control/fisc_040_test1_trial3_w000.npy,fisc_040,fisc_040|test1|trial3,0,0.2827650010585785,window_split,102,test
control/fisc_005_test1_trial1_w003.npy,fisc_005,fisc_005|test1|trial1,0,0.6335979104042053,window_split,102,test
pd/fisp_040_test1_trial1_w001.npy,fisp_040,fisp_040|test1|trial1,1,0.6822925806045532,window_split,102,test
control/fisc_041_test2_trial2_w004.npy,fisc_041,fisc_041|test2|trial2,0,0.33050641417503357,window_split,102,test
control/fisc_045_test1_trial3_w001.npy,fisc_045,fisc_045|test1|trial3,0,0.26155537366867065,window_split,102,test
pd/fisp_029_test1_trial3_w001.npy,fisp_029,fisp_029|test1|trial3,1,0.6116949915885925,window_split,102,test
control/fisc_032_test2_trial3_w003.npy,fisc_032,fisc_032|test2|trial3,0,0.3828878104686737,window_split,102,test
control/fisc_031_test1_trial1_w000.npy,fisc_031,fisc_031|test1|trial1,0,0.12672415375709534,window_split,102,test
control/fisc_046_test2_trial2_w000.npy,fisc_046,fisc_046|test2|trial2,0,0.1281237155199051,window_split,102,test
control/fisc_044_test2_trial1_w004.npy,fisc_044,fisc_044|test2|trial1,0,0.20216211676597595,window_split,102,test
pd/fisp_048_test1_trial3_w004.npy,fisp_048,fisp_048|test1|trial3,1,0.4010828137397766,window_split,102,test
control/fisc_029_test2_trial1_w004.npy,fisc_029,fisc_029|test2|trial1,0,0.16359834372997284,window_split,102,test
pd/fisp_040_test1_trial3_w000.npy,fisp_040,fisp_040|test1|trial3,1,0.7227848768234253,window_split,102,test
control/fisc_032_test1_trial1_w000.npy,fisc_032,fisc_032|test1|trial1,0,0.1640504002571106,window_split,102,test
pd/fisp_012_test2_trial2_w001.npy,fisp_012,fisp_012|test2|trial2,1,0.39634692668914795,window_split,102,test
control/fisc_008_test2_trial2_w002.npy,fisc_008,fisc_008|test2|trial2,0,0.5718908309936523,window_split,102,test
pd/fisp_021_test2_trial2_w001.npy,fisp_021,fisp_021|test2|trial2,1,0.5733561515808105,window_split,102,test
control/fisc_037_test2_trial3_w001.npy,fisc_037,fisc_037|test2|trial3,0,0.16228878498077393,window_split,102,test
control/fisc_044_test1_trial2_w003.npy,fisc_044,fisc_044|test1|trial2,0,0.2236044555902481,window_split,102,test
control/fisc_043_test1_trial3_w000.npy,fisc_043,fisc_043|test1|trial3,0,0.19215735793113708,window_split,102,test
control/fisc_033_test1_trial3_w005.npy,fisc_033,fisc_033|test1|trial3,0,0.1890345811843872,window_split,102,test
pd/fisp_027_test2_trial1_w004.npy,fisp_027,fisp_027|test2|trial1,1,0.6658918261528015,window_split,102,test
control/fisc_014_test2_trial3_w001.npy,fisc_014,fisc_014|test2|trial3,0,0.6267310380935669,window_split,102,test
pd/fisp_029_test1_trial1_w003.npy,fisp_029,fisp_029|test1|trial1,1,0.6811442971229553,window_split,102,test
pd/fisp_026_test2_trial2_w004.npy,fisp_026,fisp_026|test2|trial2,1,0.7410157918930054,window_split,102,test
control/fisc_039_test1_trial3_w000.npy,fisc_039,fisc_039|test1|trial3,0,0.11577967554330826,window_split,102,test
control/fisc_006_test1_trial1_w003.npy,fisc_006,fisc_006|test1|trial1,0,0.7112498879432678,window_split,102,test
control/fisc_043_test2_trial1_w001.npy,fisc_043,fisc_043|test2|trial1,0,0.05583205819129944,window_split,102,test
control/fisc_035_test1_trial1_w005.npy,fisc_035,fisc_035|test1|trial1,0,0.2609623074531555,window_split,102,test
control/fisc_041_test1_trial2_w002.npy,fisc_041,fisc_041|test1|trial2,0,0.4131055176258087,window_split,103,test
control/fisc_034_test1_trial3_w003.npy,fisc_034,fisc_034|test1|trial3,0,0.5256629586219788,window_split,103,test
pd/fisp_017_test1_trial1_w003.npy,fisp_017,fisp_017|test1|trial1,1,0.8180585503578186,window_split,103,test
pd/fisp_014_test2_trial1_w002.npy,fisp_014,fisp_014|test2|trial1,1,0.6128981113433838,window_split,103,test
control/fisc_049_test1_trial2_w000.npy,fisc_049,fisc_049|test1|trial2,0,0.21327686309814453,window_split,103,test
pd/fisp_031_test2_trial3_w001.npy,fisp_031,fisp_031|test2|trial3,1,0.7445544600486755,window_split,103,test
control/fisc_049_test1_trial2_w002.npy,fisc_049,fisc_049|test1|trial2,0,0.3324100971221924,window_split,103,test
pd/fisp_045_test1_trial1_w004.npy,fisp_045,fisp_045|test1|trial1,1,0.39640527963638306,window_split,103,test
pd/fisp_026_test1_trial3_w000.npy,fisp_026,fisp_026|test1|trial3,1,0.8398631811141968,window_split,103,test
control/fisc_043_test1_trial1_w001.npy,fisc_043,fisc_043|test1|trial1,0,0.313498318195343,window_split,103,test
pd/fisp_027_test2_trial3_w002.npy,fisp_027,fisp_027|test2|trial3,1,0.7572238445281982,window_split,103,test
control/fisc_044_test2_trial2_w001.npy,fisc_044,fisc_044|test2|trial2,0,0.6283005475997925,window_split,103,test
pd/fisp_021_test1_trial2_w002.npy,fisp_021,fisp_021|test1|trial2,1,0.8192863464355469,window_split,103,test
pd/fisp_015_test1_trial2_w005.npy,fisp_015,fisp_015|test1|trial2,1,0.8548450469970703,window_split,103,test
pd/fisp_021_test1_trial1_w002.npy,fisp_021,fisp_021|test1|trial1,1,0.7392243146896362,window_split,103,test
pd/fisp_027_test2_trial3_w006.npy,fisp_027,fisp_027|test2|trial3,1,0.8620417714118958,window_split,103,test
pd/fisp_051_test1_trial2_w006.npy,fisp_051,fisp_051|test1|trial2,1,0.8530749082565308,window_split,103,test
pd/fisp_044_test1_trial1_w001.npy,fisp_044,fisp_044|test1|trial1,1,0.655840277671814,window_split,103,test
pd/fisp_012_test1_trial1_w003.npy,fisp_012,fisp_012|test1|trial1,1,0.6989396810531616,window_split,103,test
pd/fisp_021_test1_trial3_w000.npy,fisp_021,fisp_021|test1|trial3,1,0.8765273690223694,window_split,103,test
control/fisc_045_test1_trial1_w004.npy,fisc_045,fisc_045|test1|trial1,0,0.380561500787735,window_split,103,test
pd/fisp_025_test2_trial2_w000.npy,fisp_025,fisp_025|test2|trial2,1,0.8028268814086914,window_split,103,test
pd/fisp_012_test1_trial2_w005.npy,fisp_012,fisp_012|test1|trial2,1,0.5412094593048096,window_split,103,test
pd/fisp_017_test1_trial1_w002.npy,fisp_017,fisp_017|test1|trial1,1,0.7428363561630249,window_split,103,test
control/fisc_007_test1_trial1_w000.npy,fisc_007,fisc_007|test1|trial1,0,0.7666578888893127,window_split,103,test
control/fisc_005_test1_trial3_w002.npy,fisc_005,fisc_005|test1|trial3,0,0.5974788665771484,window_split,103,test
pd/fisp_012_test1_trial3_w003.npy,fisp_012,fisp_012|test1|trial3,1,0.4860369861125946,window_split,103,test
pd/fisp_012_test2_trial2_w003.npy,fisp_012,fisp_012|test2|trial2,1,0.43968963623046875,window_split,103,test
control/fisc_026_test2_trial3_w000.npy,fisc_026,fisc_026|test2|trial3,0,0.7145251631736755,window_split,103,test
pd/fisp_018_test1_trial1_w006.npy,fisp_018,fisp_018|test1|trial1,1,0.84686279296875,window_split,103,test
control/fisc_042_test1_trial2_w003.npy,fisc_042,fisc_042|test1|trial2,0,0.29651176929473877,window_split,103,test
control/fisc_037_test1_trial3_w003.npy,fisc_037,fisc_037|test1|trial3,0,0.36013710498809814,window_split,103,test
control/fisc_050_test1_trial1_w002.npy,fisc_050,fisc_050|test1|trial1,0,0.4861977696418762,window_split,103,test
pd/fisp_017_test1_trial1_w001.npy,fisp_017,fisp_017|test1|trial1,1,0.7286238074302673,window_split,103,test
control/fisc_074_test2_trial2_w000.npy,fisc_074,fisc_074|test2|trial2,0,0.3365492522716522,window_split,103,test
pd/fisp_049_test1_trial2_w004.npy,fisp_049,fisp_049|test1|trial2,1,0.6461329460144043,window_split,103,test
control/fisc_048_test1_trial2_w000.npy,fisc_048,fisc_048|test1|trial2,0,0.44957828521728516,window_split,103,test
control/fisc_047_test2_trial3_w000.npy,fisc_047,fisc_047|test2|trial3,0,0.292367160320282,window_split,103,test
control/fisc_029_test1_trial1_w002.npy,fisc_029,fisc_029|test1|trial1,0,0.5886667370796204,window_split,103,test
control/fisc_044_test1_trial1_w003.npy,fisc_044,fisc_044|test1|trial1,0,0.3302103877067566,window_split,103,test
pd/fisp_022_test1_trial2_w000.npy,fisp_022,fisp_022|test1|trial2,1,0.7769647836685181,window_split,103,test
control/fisc_037_test2_trial2_w004.npy,fisc_037,fisc_037|test2|trial2,0,0.3933814764022827,window_split,103,test
pd/fisp_024_test1_trial3_w001.npy,fisp_024,fisp_024|test1|trial3,1,0.7358676195144653,window_split,103,test
control/fisc_020_test1_trial1_w000.npy,fisc_020,fisc_020|test1|trial1,0,0.6724769473075867,window_split,103,test
control/fisc_048_test1_trial1_w002.npy,fisc_048,fisc_048|test1|trial1,0,0.5814797878265381,window_split,103,test
control/fisc_045_test2_trial3_w001.npy,fisc_045,fisc_045|test2|trial3,0,0.5443604588508606,window_split,103,test
pd/fisp_015_test1_trial3_w004.npy,fisp_015,fisp_015|test1|trial3,1,0.7472007870674133,window_split,103,test
pd/fisp_045_test2_trial1_w003.npy,fisp_045,fisp_045|test2|trial1,1,0.44120922684669495,window_split,103,test
control/fisc_018_test1_trial1_w000.npy,fisc_018,fisc_018|test1|trial1,0,0.345004141330719,window_split,103,test
control/fisc_033_test1_trial3_w003.npy,fisc_033,fisc_033|test1|trial3,0,0.6171478629112244,window_split,103,test
control/fisc_016_test2_trial3_w002.npy,fisc_016,fisc_016|test2|trial3,0,0.8367962837219238,window_split,103,test
pd/fisp_022_test1_trial3_w002.npy,fisp_022,fisp_022|test1|trial3,1,0.7708988189697266,window_split,103,test
control/fisc_033_test2_trial1_w001.npy,fisc_033,fisc_033|test2|trial1,0,0.7169334292411804,window_split,103,test
pd/fisp_044_test1_trial2_w002.npy,fisp_044,fisp_044|test1|trial2,1,0.47639214992523193,window_split,103,test
control/fisc_034_test2_trial2_w002.npy,fisc_034,fisc_034|test2|trial2,0,0.43534553050994873,window_split,103,test
control/fisc_012_test1_trial2_w004.npy,fisc_012,fisc_012|test1|trial2,0,0.7964943647384644,window_split,103,test
control/fisc_042_test1_trial3_w003.npy,fisc_042,fisc_042|test1|trial3,0,0.6143767237663269,window_split,103,test
control/fisc_018_test1_trial3_w000.npy,fisc_018,fisc_018|test1|trial3,0,0.4757315218448639,window_split,103,test
control/fisc_043_test1_trial3_w003.npy,fisc_043,fisc_043|test1|trial3,0,0.5035496354103088,window_split,103,test
pd/fisp_049_test1_trial1_w004.npy,fisp_049,fisp_049|test1|trial1,1,0.6809993982315063,window_split,103,test
control/fisc_074_test1_trial3_w003.npy,fisc_074,fisc_074|test1|trial3,0,0.43369582295417786,window_split,103,test
control/fisc_007_test1_trial3_w002.npy,fisc_007,fisc_007|test1|trial3,0,0.6802370548248291,window_split,103,test
control/fisc_035_test1_trial2_w003.npy,fisc_035,fisc_035|test1|trial2,0,0.6054860353469849,window_split,103,test
pd/fisp_029_test1_trial3_w004.npy,fisp_029,fisp_029|test1|trial3,1,0.8720448017120361,window_split,103,test
control/fisc_035_test2_trial3_w004.npy,fisc_035,fisc_035|test2|trial3,0,0.3119822144508362,window_split,103,test
control/fisc_008_test1_trial2_w002.npy,fisc_008,fisc_008|test1|trial2,0,0.7517061829566956,window_split,103,test
pd/fisp_042_test1_trial3_w001.npy,fisp_042,fisp_042|test1|trial3,1,0.7159436941146851,window_split,103,test
control/fisc_031_test2_trial1_w000.npy,fisc_031,fisc_031|test2|trial1,0,0.41646111011505127,window_split,103,test
control/fisc_029_test2_trial1_w004.npy,fisc_029,fisc_029|test2|trial1,0,0.3227999210357666,window_split,103,test
control/fisc_041_test1_trial2_w000.npy,fisc_041,fisc_041|test1|trial2,0,0.2583164870738983,window_split,103,test
control/fisc_036_test1_trial2_w004.npy,fisc_036,fisc_036|test1|trial2,0,0.411653995513916,window_split,103,test
pd/fisp_014_test1_trial1_w000.npy,fisp_014,fisp_014|test1|trial1,1,0.5983957648277283,window_split,103,test
control/fisc_007_test1_trial1_w004.npy,fisc_007,fisc_007|test1|trial1,0,0.7260436415672302,window_split,103,test
pd/fisp_030_test2_trial2_w002.npy,fisp_030,fisp_030|test2|trial2,1,0.785434901714325,window_split,103,test
pd/fisp_044_test1_trial2_w004.npy,fisp_044,fisp_044|test1|trial2,1,0.41257256269454956,window_split,103,test
pd/fisp_051_test2_trial1_w005.npy,fisp_051,fisp_051|test2|trial1,1,0.7855657935142517,window_split,103,test
pd/fisp_031_test2_trial2_w001.npy,fisp_031,fisp_031|test2|trial2,1,0.7080087661743164,window_split,103,test
pd/fisp_041_test2_trial2_w003.npy,fisp_041,fisp_041|test2|trial2,1,0.516954243183136,window_split,103,test
control/fisc_074_test2_trial1_w003.npy,fisc_074,fisc_074|test2|trial1,0,0.2907118797302246,window_split,103,test
control/fisc_027_test2_trial1_w001.npy,fisc_027,fisc_027|test2|trial1,0,0.5685428380966187,window_split,103,test
control/fisc_033_test2_trial2_w004.npy,fisc_033,fisc_033|test2|trial2,0,0.20457398891448975,window_split,103,test
control/fisc_050_test2_trial1_w003.npy,fisc_050,fisc_050|test2|trial1,0,0.3504505753517151,window_split,103,test
pd/fisp_015_test2_trial1_w001.npy,fisp_015,fisp_015|test2|trial1,1,0.7644869685173035,window_split,103,test
control/fisc_018_test2_trial3_w000.npy,fisc_018,fisc_018|test2|trial3,0,0.24431873857975006,window_split,103,test
control/fisc_037_test2_trial1_w004.npy,fisc_037,fisc_037|test2|trial1,0,0.23262640833854675,window_split,103,test
control/fisc_032_test1_trial3_w000.npy,fisc_032,fisc_032|test1|trial3,0,0.4605042636394501,window_split,103,test
pd/fisp_014_test2_trial1_w004.npy,fisp_014,fisp_014|test2|trial1,1,0.5310304760932922,window_split,103,test
control/fisc_041_test2_trial1_w001.npy,fisc_041,fisc_041|test2|trial1,0,0.6645413637161255,window_split,103,test
control/fisc_005_test2_trial1_w002.npy,fisc_005,fisc_005|test2|trial1,0,0.781969428062439,window_split,103,test
control/fisc_016_test1_trial2_w003.npy,fisc_016,fisc_016|test1|trial2,0,0.8075358867645264,window_split,103,test
control/fisc_041_test1_trial2_w001.npy,fisc_041,fisc_041|test1|trial2,0,0.39598116278648376,window_split,103,test
pd/fisp_045_test1_trial1_w001.npy,fisp_045,fisp_045|test1|trial1,1,0.6260006427764893,window_split,103,test
control/fisc_027_test2_trial3_w003.npy,fisc_027,fisc_027|test2|trial3,0,0.41121813654899597,window_split,103,test
control/fisc_050_test1_trial3_w003.npy,fisc_050,fisc_050|test1|trial3,0,0.4918758273124695,window_split,103,test
pd/fisp_051_test1_trial2_w005.npy,fisp_051,fisp_051|test1|trial2,1,0.7964709997177124,window_split,103,test
pd/fisp_018_test2_trial1_w002.npy,fisp_018,fisp_018|test2|trial1,1,0.6905657052993774,window_split,103,test
pd/fisp_041_test1_trial2_w002.npy,fisp_041,fisp_041|test1|trial2,1,0.49285322427749634,window_split,103,test
pd/fisp_042_test1_trial1_w000.npy,fisp_042,fisp_042|test1|trial1,1,0.7213609218597412,window_split,103,test
control/fisc_029_test2_trial2_w004.npy,fisc_029,fisc_029|test2|trial2,0,0.7522274851799011,window_split,103,test
control/fisc_043_test1_trial2_w001.npy,fisc_043,fisc_043|test1|trial2,0,0.2619662880897522,window_split,103,test
control/fisc_032_test2_trial3_w003.npy,fisc_032,fisc_032|test2|trial3,0,0.5157209038734436,window_split,103,test
pd/fisp_051_test2_trial2_w000.npy,fisp_051,fisp_051|test2|trial2,1,0.7739537358283997,window_split,103,test
control/fisc_012_test1_trial1_w007.npy,fisc_012,fisc_012|test1|trial1,0,0.8310534954071045,window_split,103,test
control/fisc_029_test2_trial1_w001.npy,fisc_029,fisc_029|test2|trial1,0,0.7310687303543091,window_split,103,test
pd/fisp_013_test2_trial1_w004.npy,fisp_013,fisp_013|test2|trial1,1,0.8319149613380432,window_split,103,test
control/fisc_050_test1_trial2_w000.npy,fisc_050,fisc_050|test1|trial2,0,0.3990340530872345,window_split,103,test
pd/fisp_041_test2_trial3_w002.npy,fisp_041,fisp_041|test2|trial3,1,0.6012365818023682,window_split,103,test
control/fisc_050_test1_trial2_w001.npy,fisc_050,fisc_050|test1|trial2,0,0.2529037296772003,window_split,103,test
pd/fisp_014_test1_trial1_w004.npy,fisp_014,fisp_014|test1|trial1,1,0.7445221543312073,window_split,103,test
control/fisc_040_test1_trial1_w002.npy,fisc_040,fisc_040|test1|trial1,0,0.2793119549751282,window_split,103,test
control/fisc_039_test1_trial1_w000.npy,fisc_039,fisc_039|test1|trial1,0,0.22246211767196655,window_split,103,test
pd/fisp_048_test1_trial1_w006.npy,fisp_048,fisp_048|test1|trial1,1,0.39854609966278076,window_split,103,test
control/fisc_041_test1_trial1_w000.npy,fisc_041,fisc_041|test1|trial1,0,0.30078473687171936,window_split,103,test
pd/fisp_041_test1_trial1_w002.npy,fisp_041,fisp_041|test1|trial1,1,0.5083897709846497,window_split,103,test
control/fisc_032_test1_trial3_w003.npy,fisc_032,fisc_032|test1|trial3,0,0.5849189758300781,window_split,103,test
pd/fisp_026_test2_trial1_w008.npy,fisp_026,fisp_026|test2|trial1,1,0.8394297361373901,window_split,103,test
pd/fisp_048_test1_trial1_w000.npy,fisp_048,fisp_048|test1|trial1,1,0.49758389592170715,window_split,103,test
pd/fisp_041_test1_trial1_w004.npy,fisp_041,fisp_041|test1|trial1,1,0.408375084400177,window_split,103,test
pd/fisp_021_test2_trial3_w001.npy,fisp_021,fisp_021|test2|trial3,1,0.7065086960792542,window_split,103,test
control/fisc_035_test1_trial1_w001.npy,fisc_035,fisc_035|test1|trial1,0,0.5920485258102417,window_split,103,test
control/fisc_048_test1_trial1_w004.npy,fisc_048,fisc_048|test1|trial1,0,0.2752944529056549,window_split,103,test
control/fisc_044_test1_trial2_w005.npy,fisc_044,fisc_044|test1|trial2,0,0.2903662323951721,window_split,103,test
pd/fisp_013_test1_trial2_w005.npy,fisp_013,fisp_013|test1|trial2,1,0.7440590262413025,window_split,103,test
control/fisc_043_test2_trial2_w001.npy,fisc_043,fisc_043|test2|trial2,0,0.27681538462638855,window_split,103,test
pd/fisp_045_test2_trial1_w002.npy,fisp_045,fisp_045|test2|trial1,1,0.6058844327926636,window_split,103,test
control/fisc_043_test2_trial3_w001.npy,fisc_043,fisc_043|test2|trial3,0,0.3183797299861908,window_split,103,test
control/fisc_014_test1_trial2_w002.npy,fisc_014,fisc_014|test1|trial2,0,0.6105735301971436,window_split,103,test
pd/fisp_045_test2_trial2_w002.npy,fisp_045,fisp_045|test2|trial2,1,0.30329880118370056,window_split,103,test
pd/fisp_040_test1_trial1_w000.npy,fisp_040,fisp_040|test1|trial1,1,0.8092776536941528,window_split,103,test
control/fisc_044_test2_trial2_w004.npy,fisc_044,fisc_044|test2|trial2,0,0.19243524968624115,window_split,103,test
control/fisc_046_test1_trial3_w001.npy,fisc_046,fisc_046|test1|trial3,0,0.08736391365528107,window_split,103,test
pd/fisp_024_test1_trial1_w004.npy,fisp_024,fisp_024|test1|trial1,1,0.8406952023506165,window_split,103,test
pd/fisp_042_test1_trial3_w004.npy,fisp_042,fisp_042|test1|trial3,1,0.48195013403892517,window_split,103,test
pd/fisp_030_test1_trial2_w000.npy,fisp_030,fisp_030|test1|trial2,1,0.819688618183136,window_split,103,test
pd/fisp_014_test1_trial3_w006.npy,fisp_014,fisp_014|test1|trial3,1,0.56638103723526,window_split,103,test
pd/fisp_041_test2_trial2_w002.npy,fisp_041,fisp_041|test2|trial2,1,0.4017889201641083,window_split,103,test
control/fisc_045_test1_trial1_w000.npy,fisc_045,fisc_045|test1|trial1,0,0.3773893713951111,window_split,103,test
pd/fisp_021_test2_trial1_w000.npy,fisp_021,fisp_021|test2|trial1,1,0.8482905626296997,window_split,103,test
control/fisc_041_test1_trial3_w003.npy,fisc_041,fisc_041|test1|trial3,0,0.24371913075447083,window_split,103,test
pd/fisp_026_test1_trial2_w007.npy,fisp_026,fisp_026|test1|trial2,1,0.8410524129867554,window_split,103,test
pd/fisp_015_test2_trial1_w000.npy,fisp_015,fisp_015|test2|trial1,1,0.822704017162323,window_split,103,test
control/fisc_026_test1_trial3_w002.npy,fisc_026,fisc_026|test1|trial3,0,0.4793783128261566,window_split,103,test
pd/fisp_012_test2_trial3_w005.npy,fisp_012,fisp_012|test2|trial3,1,0.38463738560676575,window_split,103,test
control/fisc_018_test2_trial3_w001.npy,fisc_018,fisc_018|test2|trial3,0,0.3734494745731354,window_split,103,test
control/fisc_049_test1_trial3_w000.npy,fisc_049,fisc_049|test1|trial3,0,0.09959743916988373,window_split,103,test
control/fisc_007_test2_trial3_w000.npy,fisc_007,fisc_007|test2|trial3,0,0.6771454811096191,window_split,103,test
pd/fisp_049_test2_trial2_w002.npy,fisp_049,fisp_049|test2|trial2,1,0.575375497341156,window_split,103,test
pd/fisp_045_test2_trial1_w000.npy,fisp_045,fisp_045|test2|trial1,1,0.5313532948493958,window_split,103,test
pd/fisp_022_test1_trial4_w001.npy,fisp_022,fisp_022|test1|trial4,1,0.7047324776649475,window_split,103,test
control/fisc_018_test1_trial3_w004.npy,fisc_018,fisc_018|test1|trial3,0,0.4830063283443451,window_split,103,test
pd/fisp_012_test2_trial1_w003.npy,fisp_012,fisp_012|test2|trial1,1,0.7195395827293396,window_split,103,test
control/fisc_032_test1_trial1_w001.npy,fisc_032,fisc_032|test1|trial1,0,0.6090613603591919,window_split,103,test
pd/fisp_022_test1_trial1_w001.npy,fisp_022,fisp_022|test1|trial1,1,0.7938966155052185,window_split,103,test
pd/fisp_048_test1_trial1_w002.npy,fisp_048,fisp_048|test1|trial1,1,0.406941294670105,window_split,103,test
pd/fisp_031_test2_trial3_w002.npy,fisp_031,fisp_031|test2|trial3,1,0.7304953336715698,window_split,103,test
control/fisc_016_test1_trial3_w000.npy,fisc_016,fisc_016|test1|trial3,0,0.8793466091156006,window_split,103,test
pd/fisp_045_test2_trial3_w001.npy,fisp_045,fisp_045|test2|trial3,1,0.5002766847610474,window_split,103,test
control/fisc_008_test2_trial2_w001.npy,fisc_008,fisc_008|test2|trial2,0,0.7865390181541443,window_split,103,test
control/fisc_042_test1_trial3_w001.npy,fisc_042,fisc_042|test1|trial3,0,0.1068047508597374,window_split,103,test
pd/fisp_044_test2_trial3_w004.npy,fisp_044,fisp_044|test2|trial3,1,0.4912472069263458,window_split,103,test
control/fisc_041_test2_trial1_w003.npy,fisc_041,fisc_041|test2|trial1,0,0.7463639378547668,window_split,103,test
pd/fisp_044_test2_trial2_w000.npy,fisp_044,fisp_044|test2|trial2,1,0.42249736189842224,window_split,103,test
control/fisc_012_test2_trial2_w000.npy,fisc_012,fisc_012|test2|trial2,0,0.8658673167228699,window_split,103,test
pd/fisp_044_test1_trial3_w004.npy,fisp_044,fisp_044|test1|trial3,1,0.46806439757347107,window_split,103,test
control/fisc_050_test2_trial3_w003.npy,fisc_050,fisc_050|test2|trial3,0,0.34775230288505554,window_split,103,test
pd/fisp_042_test2_trial3_w000.npy,fisp_042,fisp_042|test2|trial3,1,0.7337648272514343,window_split,103,test
control/fisc_044_test2_trial1_w003.npy,fisc_044,fisc_044|test2|trial1,0,0.43865150213241577,window_split,103,test
pd/fisp_026_test2_trial2_w001.npy,fisp_026,fisp_026|test2|trial2,1,0.8776741027832031,window_split,103,test
pd/fisp_049_test2_trial1_w002.npy,fisp_049,fisp_049|test2|trial1,1,0.5332232117652893,window_split,103,test
control/fisc_046_test1_trial3_w000.npy,fisc_046,fisc_046|test1|trial3,0,0.1993546485900879,window_split,103,test
control/fisc_046_test1_trial3_w003.npy,fisc_046,fisc_046|test1|trial3,0,0.5483936071395874,window_split,103,test
control/fisc_043_test1_trial2_w003.npy,fisc_043,fisc_043|test1|trial2,0,0.39050114154815674,window_split,103,test
pd/fisp_048_test1_trial3_w004.npy,fisp_048,fisp_048|test1|trial3,1,0.6291871070861816,window_split,103,test
pd/fisp_026_test2_trial2_w000.npy,fisp_026,fisp_026|test2|trial2,1,0.8951032757759094,window_split,103,test
control/fisc_031_test1_trial2_w002.npy,fisc_031,fisc_031|test1|trial2,0,0.39502131938934326,window_split,103,test
control/fisc_014_test1_trial1_w003.npy,fisc_014,fisc_014|test1|trial1,0,0.6326268315315247,window_split,103,test
control/fisc_010_test2_trial1_w001.npy,fisc_010,fisc_010|test2|trial1,0,0.7090796232223511,window_split,103,test
control/fisc_026_test2_trial1_w000.npy,fisc_026,fisc_026|test2|trial1,0,0.729213297367096,window_split,103,test
pd/fisp_024_test1_trial2_w001.npy,fisp_024,fisp_024|test1|trial2,1,0.7082734704017639,window_split,103,test
control/fisc_039_test1_trial3_w001.npy,fisc_039,fisc_039|test1|trial3,0,0.3978864550590515,window_split,103,test
control/fisc_050_test1_trial2_w002.npy,fisc_050,fisc_050|test1|trial2,0,0.3661387264728546,window_split,103,test
control/fisc_027_test1_trial1_w000.npy,fisc_027,fisc_027|test1|trial1,0,0.5236185789108276,window_split,103,test
pd/fisp_052_test1_trial1_w003.npy,fisp_052,fisp_052|test1|trial1,1,0.3880334198474884,window_split,103,test
control/fisc_020_test2_trial2_w000.npy,fisc_020,fisc_020|test2|trial2,0,0.7575146555900574,window_split,103,test
control/fisc_044_test2_trial2_w002.npy,fisc_044,fisc_044|test2|trial2,0,0.6265952587127686,window_split,103,test
control/fisc_032_test2_trial1_w000.npy,fisc_032,fisc_032|test2|trial1,0,0.4331941306591034,window_split,103,test
control/fisc_010_test2_trial2_w003.npy,fisc_010,fisc_010|test2|trial2,0,0.7076787948608398,window_split,103,test
control/fisc_012_test1_trial2_w000.npy,fisc_012,fisc_012|test1|trial2,0,0.8385146856307983,window_split,103,test
control/fisc_027_test1_trial3_w004.npy,fisc_027,fisc_027|test1|trial3,0,0.32285743951797485,window_split,103,test
pd/fisp_022_test1_trial1_w002.npy,fisp_022,fisp_022|test1|trial1,1,0.736358106136322,window_split,103,test
control/fisc_047_test1_trial3_w003.npy,fisc_047,fisc_047|test1|trial3,0,0.356309711933136,window_split,103,test
control/fisc_041_test1_trial2_w008.npy,fisc_041,fisc_041|test1|trial2,0,0.20039881765842438,window_split,103,test
control/fisc_033_test1_trial3_w002.npy,fisc_033,fisc_033|test1|trial3,0,0.654036283493042,window_split,103,test
pd/fisp_022_test1_trial4_w003.npy,fisp_022,fisp_022|test1|trial4,1,0.6964966058731079,window_split,103,test
control/fisc_035_test1_trial2_w008.npy,fisc_035,fisc_035|test1|trial2,0,0.3540123403072357,window_split,103,test
control/fisc_018_test2_trial1_w003.npy,fisc_018,fisc_018|test2|trial1,0,0.3561282455921173,window_split,103,test
control/fisc_034_test1_trial2_w001.npy,fisc_034,fisc_034|test1|trial2,0,0.4064718782901764,window_split,103,test
pd/fisp_051_test2_trial3_w003.npy,fisp_051,fisp_051|test2|trial3,1,0.7206224799156189,window_split,103,test
control/fisc_027_test2_trial1_w000.npy,fisc_027,fisc_027|test2|trial1,0,0.6500818133354187,window_split,103,test
control/fisc_047_test1_trial2_w002.npy,fisc_047,fisc_047|test1|trial2,0,0.5160223245620728,window_split,103,test
control/fisc_033_test1_trial1_w002.npy,fisc_033,fisc_033|test1|trial1,0,0.8088365197181702,window_split,103,test
control/fisc_034_test2_trial2_w001.npy,fisc_034,fisc_034|test2|trial2,0,0.5560477375984192,window_split,103,test
pd/fisp_041_test1_trial2_w003.npy,fisp_041,fisp_041|test1|trial2,1,0.4894556999206543,window_split,103,test
pd/fisp_044_test1_trial3_w002.npy,fisp_044,fisp_044|test1|trial3,1,0.6326481103897095,window_split,103,test
control/fisc_035_test2_trial2_w000.npy,fisc_035,fisc_035|test2|trial2,0,0.6685198545455933,window_split,103,test
pd/fisp_017_test1_trial3_w003.npy,fisp_017,fisp_017|test1|trial3,1,0.8524165153503418,window_split,103,test
pd/fisp_027_test1_trial1_w006.npy,fisp_027,fisp_027|test1|trial1,1,0.8160416483879089,window_split,103,test
control/fisc_041_test2_trial2_w000.npy,fisc_041,fisc_041|test2|trial2,0,0.3894121050834656,window_split,103,test
pd/fisp_040_test2_trial3_w001.npy,fisp_040,fisp_040|test2|trial3,1,0.833708643913269,window_split,103,test
control/fisc_041_test1_trial3_w006.npy,fisc_041,fisc_041|test1|trial3,0,0.29305681586265564,window_split,103,test
pd/fisp_027_test2_trial2_w004.npy,fisp_027,fisp_027|test2|trial2,1,0.8342128992080688,window_split,103,test
pd/fisp_049_test2_trial2_w000.npy,fisp_049,fisp_049|test2|trial2,1,0.5746891498565674,window_split,103,test
pd/fisp_030_test2_trial1_w000.npy,fisp_030,fisp_030|test2|trial1,1,0.8517673015594482,window_split,103,test
control/fisc_008_test1_trial1_w000.npy,fisc_008,fisc_008|test1|trial1,0,0.79200279712677,window_split,103,test
pd/fisp_051_test2_trial2_w003.npy,fisp_051,fisp_051|test2|trial2,1,0.7967491149902344,window_split,103,test
pd/fisp_027_test1_trial2_w002.npy,fisp_027,fisp_027|test1|trial2,1,0.8200290203094482,window_split,103,test
pd/fisp_040_test2_trial1_w001.npy,fisp_040,fisp_040|test2|trial1,1,0.7443223595619202,window_split,103,test
pd/fisp_048_test2_trial1_w003.npy,fisp_048,fisp_048|test2|trial1,1,0.3892887234687805,window_split,103,test
pd/fisp_049_test2_trial1_w000.npy,fisp_049,fisp_049|test2|trial1,1,0.8269442915916443,window_split,103,test
pd/fisp_051_test1_trial3_w008.npy,fisp_051,fisp_051|test1|trial3,1,0.636609673500061,window_split,103,test
control/fisc_012_test1_trial1_w002.npy,fisc_012,fisc_012|test1|trial1,0,0.7851784825325012,window_split,103,test
control/fisc_006_test2_trial1_w003.npy,fisc_006,fisc_006|test2|trial1,0,0.7958693504333496,window_split,103,test
control/fisc_074_test1_trial1_w002.npy,fisc_074,fisc_074|test1|trial1,0,0.3817472755908966,window_split,103,test
pd/fisp_012_test1_trial3_w002.npy,fisp_012,fisp_012|test1|trial3,1,0.5847857594490051,window_split,103,test
control/fisc_050_test2_trial3_w000.npy,fisc_050,fisc_050|test2|trial3,0,0.3884078562259674,window_split,103,test
control/fisc_026_test1_trial1_w001.npy,fisc_026,fisc_026|test1|trial1,0,0.8686563372612,window_split,103,test
pd/fisp_030_test1_trial2_w002.npy,fisp_030,fisp_030|test1|trial2,1,0.8184380531311035,window_split,103,test
control/fisc_042_test2_trial3_w002.npy,fisc_042,fisc_042|test2|trial3,0,0.35999229550361633,window_split,103,test
pd/fisp_051_test2_trial1_w000.npy,fisp_051,fisp_051|test2|trial1,1,0.6690763831138611,window_split,103,test
pd/fisp_029_test1_trial2_w000.npy,fisp_029,fisp_029|test1|trial2,1,0.8035545349121094,window_split,103,test
control/fisc_034_test1_trial2_w004.npy,fisc_034,fisc_034|test1|trial2,0,0.5099063515663147,window_split,103,test
control/fisc_037_test1_trial2_w002.npy,fisc_037,fisc_037|test1|trial2,0,0.3805142343044281,window_split,103,test
pd/fisp_026_test1_trial1_w008.npy,fisp_026,fisp_026|test1|trial1,1,0.8674231171607971,window_split,103,test
pd/fisp_041_test1_trial3_w002.npy,fisp_041,fisp_041|test1|trial3,1,0.6185073852539062,window_split,103,test
control/fisc_010_test1_trial1_w001.npy,fisc_010,fisc_010|test1|trial1,0,0.8032228350639343,window_split,103,test
control/fisc_029_test2_trial3_w001.npy,fisc_029,fisc_029|test2|trial3,0,0.6172168850898743,window_split,103,test
control/fisc_010_test1_trial2_w004.npy,fisc_010,fisc_010|test1|trial2,0,0.8785296678543091,window_split,103,test
pd/fisp_022_test1_trial2_w004.npy,fisp_022,fisp_022|test1|trial2,1,0.6804359555244446,window_split,103,test
control/fisc_044_test1_trial2_w002.npy,fisc_044,fisc_044|test1|trial2,0,0.3848654329776764,window_split,103,test
pd/fisp_045_test1_trial1_w002.npy,fisp_045,fisp_045|test1|trial1,1,0.40463870763778687,window_split,103,test
pd/fisp_024_test2_trial1_w002.npy,fisp_024,fisp_024|test2|trial1,1,0.8010496497154236,window_split,103,test
pd/fisp_013_test1_trial1_w000.npy,fisp_013,fisp_013|test1|trial1,1,0.8153592348098755,window_split,103,test
pd/fisp_014_test2_trial2_w000.npy,fisp_014,fisp_014|test2|trial2,1,0.8085078597068787,window_split,103,test
pd/fisp_017_test1_trial3_w000.npy,fisp_017,fisp_017|test1|trial3,1,0.8611097931861877,window_split,103,test
pd/fisp_049_test1_trial2_w002.npy,fisp_049,fisp_049|test1|trial2,1,0.5358462333679199,window_split,103,test
control/fisc_016_test2_trial3_w000.npy,fisc_016,fisc_016|test2|trial3,0,0.7906803488731384,window_split,103,test
control/fisc_046_test1_trial2_w000.npy,fisc_046,fisc_046|test1|trial2,0,0.17543022334575653,window_split,103,test
control/fisc_039_test1_trial3_w002.npy,fisc_039,fisc_039|test1|trial3,0,0.4124281108379364,window_split,103,test
pd/fisp_027_test2_trial1_w004.npy,fisp_027,fisp_027|test2|trial1,1,0.739000678062439,window_split,103,test
control/fisc_036_test2_trial1_w003.npy,fisc_036,fisc_036|test2|trial1,0,0.30385103821754456,window_split,103,test
control/fisc_036_test2_trial3_w002.npy,fisc_036,fisc_036|test2|trial3,0,0.2796953320503235,window_split,103,test
control/fisc_005_test1_trial1_w000.npy,fisc_005,fisc_005|test1|trial1,0,0.7605467438697815,recording_split,201,test
control/fisc_005_test1_trial1_w001.npy,fisc_005,fisc_005|test1|trial1,0,0.6745949387550354,recording_split,201,test
control/fisc_005_test1_trial1_w002.npy,fisc_005,fisc_005|test1|trial1,0,0.7043954133987427,recording_split,201,test
control/fisc_005_test1_trial1_w003.npy,fisc_005,fisc_005|test1|trial1,0,0.7358452677726746,recording_split,201,test
control/fisc_006_test1_trial3_w000.npy,fisc_006,fisc_006|test1|trial3,0,0.7520917654037476,recording_split,201,test
control/fisc_006_test1_trial3_w001.npy,fisc_006,fisc_006|test1|trial3,0,0.7629722952842712,recording_split,201,test
control/fisc_006_test1_trial3_w002.npy,fisc_006,fisc_006|test1|trial3,0,0.7420990467071533,recording_split,201,test
control/fisc_006_test1_trial3_w003.npy,fisc_006,fisc_006|test1|trial3,0,0.765019416809082,recording_split,201,test
control/fisc_006_test2_trial1_w000.npy,fisc_006,fisc_006|test2|trial1,0,0.794615626335144,recording_split,201,test
control/fisc_006_test2_trial1_w001.npy,fisc_006,fisc_006|test2|trial1,0,0.7747880816459656,recording_split,201,test
control/fisc_006_test2_trial1_w002.npy,fisc_006,fisc_006|test2|trial1,0,0.8018470406532288,recording_split,201,test
control/fisc_006_test2_trial1_w003.npy,fisc_006,fisc_006|test2|trial1,0,0.7626180648803711,recording_split,201,test
control/fisc_006_test2_trial2_w000.npy,fisc_006,fisc_006|test2|trial2,0,0.7874536514282227,recording_split,201,test
control/fisc_006_test2_trial2_w001.npy,fisc_006,fisc_006|test2|trial2,0,0.7706150412559509,recording_split,201,test
control/fisc_006_test2_trial2_w002.npy,fisc_006,fisc_006|test2|trial2,0,0.7834978103637695,recording_split,201,test
control/fisc_007_test2_trial2_w000.npy,fisc_007,fisc_007|test2|trial2,0,0.7257000803947449,recording_split,201,test
control/fisc_007_test2_trial2_w001.npy,fisc_007,fisc_007|test2|trial2,0,0.7277173399925232,recording_split,201,test
control/fisc_007_test2_trial2_w002.npy,fisc_007,fisc_007|test2|trial2,0,0.7579169273376465,recording_split,201,test
control/fisc_008_test1_trial3_w000.npy,fisc_008,fisc_008|test1|trial3,0,0.7801279425621033,recording_split,201,test
control/fisc_008_test1_trial3_w001.npy,fisc_008,fisc_008|test1|trial3,0,0.7355213761329651,recording_split,201,test
control/fisc_008_test1_trial3_w002.npy,fisc_008,fisc_008|test1|trial3,0,0.8082514405250549,recording_split,201,test
control/fisc_008_test2_trial3_w000.npy,fisc_008,fisc_008|test2|trial3,0,0.8093493580818176,recording_split,201,test
control/fisc_008_test2_trial3_w001.npy,fisc_008,fisc_008|test2|trial3,0,0.7730875611305237,recording_split,201,test
control/fisc_010_test1_trial3_w000.npy,fisc_010,fisc_010|test1|trial3,0,0.7914119958877563,recording_split,201,test
control/fisc_010_test1_trial3_w001.npy,fisc_010,fisc_010|test1|trial3,0,0.758586585521698,recording_split,201,test
control/fisc_010_test1_trial3_w002.npy,fisc_010,fisc_010|test1|trial3,0,0.6346407532691956,recording_split,201,test
control/fisc_010_test1_trial3_w003.npy,fisc_010,fisc_010|test1|trial3,0,0.7036129832267761,recording_split,201,test
control/fisc_010_test1_trial3_w004.npy,fisc_010,fisc_010|test1|trial3,0,0.7719680666923523,recording_split,201,test
control/fisc_018_test1_trial3_w000.npy,fisc_018,fisc_018|test1|trial3,0,0.24500826001167297,recording_split,201,test
control/fisc_018_test1_trial3_w001.npy,fisc_018,fisc_018|test1|trial3,0,0.208986297249794,recording_split,201,test
control/fisc_018_test1_trial3_w002.npy,fisc_018,fisc_018|test1|trial3,0,0.3308812975883484,recording_split,201,test
control/fisc_018_test1_trial3_w003.npy,fisc_018,fisc_018|test1|trial3,0,0.4152067005634308,recording_split,201,test
control/fisc_018_test1_trial3_w004.npy,fisc_018,fisc_018|test1|trial3,0,0.28494229912757874,recording_split,201,test
control/fisc_018_test1_trial3_w005.npy,fisc_018,fisc_018|test1|trial3,0,0.28459641337394714,recording_split,201,test
control/fisc_018_test2_trial3_w000.npy,fisc_018,fisc_018|test2|trial3,0,0.21396957337856293,recording_split,201,test
control/fisc_018_test2_trial3_w001.npy,fisc_018,fisc_018|test2|trial3,0,0.214633509516716,recording_split,201,test
control/fisc_018_test2_trial3_w002.npy,fisc_018,fisc_018|test2|trial3,0,0.38582104444503784,recording_split,201,test
control/fisc_026_test1_trial1_w000.npy,fisc_026,fisc_026|test1|trial1,0,0.4317132234573364,recording_split,201,test
control/fisc_026_test1_trial1_w001.npy,fisc_026,fisc_026|test1|trial1,0,0.354559063911438,recording_split,201,test
control/fisc_026_test1_trial1_w002.npy,fisc_026,fisc_026|test1|trial1,0,0.5142241716384888,recording_split,201,test
control/fisc_026_test1_trial1_w003.npy,fisc_026,fisc_026|test1|trial1,0,0.39030957221984863,recording_split,201,test
control/fisc_026_test1_trial1_w004.npy,fisc_026,fisc_026|test1|trial1,0,0.4214763939380646,recording_split,201,test
control/fisc_026_test2_trial1_w000.npy,fisc_026,fisc_026|test2|trial1,0,0.40866345167160034,recording_split,201,test
control/fisc_026_test2_trial1_w001.npy,fisc_026,fisc_026|test2|trial1,0,0.2511073350906372,recording_split,201,test
control/fisc_026_test2_trial1_w002.npy,fisc_026,fisc_026|test2|trial1,0,0.47173523902893066,recording_split,201,test
control/fisc_026_test2_trial1_w003.npy,fisc_026,fisc_026|test2|trial1,0,0.4245137572288513,recording_split,201,test
control/fisc_032_test2_trial1_w000.npy,fisc_032,fisc_032|test2|trial1,0,0.31491580605506897,recording_split,201,test
control/fisc_032_test2_trial1_w001.npy,fisc_032,fisc_032|test2|trial1,0,0.2623494267463684,recording_split,201,test
control/fisc_032_test2_trial1_w002.npy,fisc_032,fisc_032|test2|trial1,0,0.31569063663482666,recording_split,201,test
control/fisc_032_test2_trial1_w003.npy,fisc_032,fisc_032|test2|trial1,0,0.3271549940109253,recording_split,201,test
control/fisc_032_test2_trial2_w000.npy,fisc_032,fisc_032|test2|trial2,0,0.19637876749038696,recording_split,201,test
control/fisc_032_test2_trial2_w001.npy,fisc_032,fisc_032|test2|trial2,0,0.21545977890491486,recording_split,201,test
control/fisc_032_test2_trial2_w002.npy,fisc_032,fisc_032|test2|trial2,0,0.27004215121269226,recording_split,201,test
control/fisc_032_test2_trial2_w003.npy,fisc_032,fisc_032|test2|trial2,0,0.36300429701805115,recording_split,201,test
control/fisc_033_test1_trial1_w000.npy,fisc_033,fisc_033|test1|trial1,0,0.4781970977783203,recording_split,201,test
control/fisc_033_test1_trial1_w001.npy,fisc_033,fisc_033|test1|trial1,0,0.6507143974304199,recording_split,201,test
control/fisc_033_test1_trial1_w002.npy,fisc_033,fisc_033|test1|trial1,0,0.7107437252998352,recording_split,201,test
control/fisc_033_test1_trial1_w003.npy,fisc_033,fisc_033|test1|trial1,0,0.6587051749229431,recording_split,201,test
control/fisc_033_test1_trial1_w004.npy,fisc_033,fisc_033|test1|trial1,0,0.5551493167877197,recording_split,201,test
control/fisc_033_test1_trial1_w005.npy,fisc_033,fisc_033|test1|trial1,0,0.482192724943161,recording_split,201,test
control/fisc_033_test1_trial1_w006.npy,fisc_033,fisc_033|test1|trial1,0,0.575570285320282,recording_split,201,test
control/fisc_033_test1_trial3_w000.npy,fisc_033,fisc_033|test1|trial3,0,0.4728092551231384,recording_split,201,test
control/fisc_033_test1_trial3_w001.npy,fisc_033,fisc_033|test1|trial3,0,0.34708166122436523,recording_split,201,test
control/fisc_033_test1_trial3_w002.npy,fisc_033,fisc_033|test1|trial3,0,0.23116301000118256,recording_split,201,test
control/fisc_033_test1_trial3_w003.npy,fisc_033,fisc_033|test1|trial3,0,0.4130086898803711,recording_split,201,test
control/fisc_033_test1_trial3_w004.npy,fisc_033,fisc_033|test1|trial3,0,0.45089462399482727,recording_split,201,test
control/fisc_033_test1_trial3_w005.npy,fisc_033,fisc_033|test1|trial3,0,0.5039185881614685,recording_split,201,test
control/fisc_033_test1_trial3_w006.npy,fisc_033,fisc_033|test1|trial3,0,0.4477328658103943,recording_split,201,test
control/fisc_033_test2_trial3_w000.npy,fisc_033,fisc_033|test2|trial3,0,0.3023150563240051,recording_split,201,test
control/fisc_033_test2_trial3_w001.npy,fisc_033,fisc_033|test2|trial3,0,0.29395294189453125,recording_split,201,test
control/fisc_033_test2_trial3_w002.npy,fisc_033,fisc_033|test2|trial3,0,0.3194572329521179,recording_split,201,test
control/fisc_033_test2_trial3_w003.npy,fisc_033,fisc_033|test2|trial3,0,0.41393253207206726,recording_split,201,test
control/fisc_033_test2_trial3_w004.npy,fisc_033,fisc_033|test2|trial3,0,0.4823979437351227,recording_split,201,test
control/fisc_034_test2_trial1_w000.npy,fisc_034,fisc_034|test2|trial1,0,0.35280171036720276,recording_split,201,test
control/fisc_034_test2_trial1_w001.npy,fisc_034,fisc_034|test2|trial1,0,0.4654334485530853,recording_split,201,test
control/fisc_034_test2_trial1_w002.npy,fisc_034,fisc_034|test2|trial1,0,0.3169180750846863,recording_split,201,test
control/fisc_034_test2_trial1_w003.npy,fisc_034,fisc_034|test2|trial1,0,0.44761162996292114,recording_split,201,test
control/fisc_034_test2_trial1_w004.npy,fisc_034,fisc_034|test2|trial1,0,0.5096204280853271,recording_split,201,test
control/fisc_039_test1_trial3_w000.npy,fisc_039,fisc_039|test1|trial3,0,0.16549478471279144,recording_split,201,test
control/fisc_039_test1_trial3_w001.npy,fisc_039,fisc_039|test1|trial3,0,0.1705637276172638,recording_split,201,test
control/fisc_039_test1_trial3_w002.npy,fisc_039,fisc_039|test1|trial3,0,0.3568061590194702,recording_split,201,test
control/fisc_039_test1_trial3_w003.npy,fisc_039,fisc_039|test1|trial3,0,0.3498076796531677,recording_split,201,test
control/fisc_039_test2_trial2_w000.npy,fisc_039,fisc_039|test2|trial2,0,0.20238997042179108,recording_split,201,test
control/fisc_039_test2_trial2_w001.npy,fisc_039,fisc_039|test2|trial2,0,0.22718089818954468,recording_split,201,test
control/fisc_039_test2_trial2_w002.npy,fisc_039,fisc_039|test2|trial2,0,0.45260030031204224,recording_split,201,test
control/fisc_039_test2_trial2_w003.npy,fisc_039,fisc_039|test2|trial2,0,0.25214970111846924,recording_split,201,test
control/fisc_041_test1_trial2_w000.npy,fisc_041,fisc_041|test1|trial2,0,0.357392281293869,recording_split,201,test
control/fisc_041_test1_trial2_w001.npy,fisc_041,fisc_041|test1|trial2,0,0.55047607421875,recording_split,201,test
control/fisc_041_test1_trial2_w002.npy,fisc_041,fisc_041|test1|trial2,0,0.4583112299442291,recording_split,201,test
control/fisc_041_test1_trial2_w003.npy,fisc_041,fisc_041|test1|trial2,0,0.38990092277526855,recording_split,201,test
control/fisc_041_test1_trial2_w004.npy,fisc_041,fisc_041|test1|trial2,0,0.42682281136512756,recording_split,201,test
control/fisc_041_test1_trial2_w005.npy,fisc_041,fisc_041|test1|trial2,0,0.6468976736068726,recording_split,201,test
control/fisc_041_test1_trial2_w006.npy,fisc_041,fisc_041|test1|trial2,0,0.5410698056221008,recording_split,201,test
control/fisc_041_test1_trial2_w007.npy,fisc_041,fisc_041|test1|trial2,0,0.3788847029209137,recording_split,201,test
control/fisc_041_test1_trial2_w008.npy,fisc_041,fisc_041|test1|trial2,0,0.40789705514907837,recording_split,201,test
control/fisc_041_test2_trial2_w000.npy,fisc_041,fisc_041|test2|trial2,0,0.3434024453163147,recording_split,201,test
control/fisc_041_test2_trial2_w001.npy,fisc_041,fisc_041|test2|trial2,0,0.5049076676368713,recording_split,201,test
control/fisc_041_test2_trial2_w002.npy,fisc_041,fisc_041|test2|trial2,0,0.2908357083797455,recording_split,201,test
control/fisc_041_test2_trial2_w003.npy,fisc_041,fisc_041|test2|trial2,0,0.379561185836792,recording_split,201,test
control/fisc_041_test2_trial2_w004.npy,fisc_041,fisc_041|test2|trial2,0,0.4201393127441406,recording_split,201,test
control/fisc_041_test2_trial2_w005.npy,fisc_041,fisc_041|test2|trial2,0,0.39908367395401,recording_split,201,test
control/fisc_045_test1_trial2_w000.npy,fisc_045,fisc_045|test1|trial2,0,0.16986976563930511,recording_split,201,test
control/fisc_045_test1_trial2_w001.npy,fisc_045,fisc_045|test1|trial2,0,0.20847150683403015,recording_split,201,test
control/fisc_045_test1_trial2_w002.npy,fisc_045,fisc_045|test1|trial2,0,0.4209212064743042,recording_split,201,test
control/fisc_045_test1_trial2_w003.npy,fisc_045,fisc_045|test1|trial2,0,0.26682719588279724,recording_split,201,test
control/fisc_045_test2_trial3_w000.npy,fisc_045,fisc_045|test2|trial3,0,0.2576373219490051,recording_split,201,test
control/fisc_045_test2_trial3_w001.npy,fisc_045,fisc_045|test2|trial3,0,0.2524234652519226,recording_split,201,test
control/fisc_045_test2_trial3_w002.npy,fisc_045,fisc_045|test2|trial3,0,0.4144299328327179,recording_split,201,test
control/fisc_046_test1_trial2_w000.npy,fisc_046,fisc_046|test1|trial2,0,0.2604115903377533,recording_split,201,test
control/fisc_046_test1_trial2_w001.npy,fisc_046,fisc_046|test1|trial2,0,0.19246824085712433,recording_split,201,test
control/fisc_046_test1_trial2_w002.npy,fisc_046,fisc_046|test1|trial2,0,0.32622089982032776,recording_split,201,test
control/fisc_046_test1_trial2_w003.npy,fisc_046,fisc_046|test1|trial2,0,0.4832756519317627,recording_split,201,test
control/fisc_047_test2_trial1_w000.npy,fisc_047,fisc_047|test2|trial1,0,0.24158285558223724,recording_split,201,test
control/fisc_047_test2_trial1_w001.npy,fisc_047,fisc_047|test2|trial1,0,0.24392053484916687,recording_split,201,test
control/fisc_047_test2_trial1_w002.npy,fisc_047,fisc_047|test2|trial1,0,0.3343396782875061,recording_split,201,test
control/fisc_048_test1_trial1_w000.npy,fisc_048,fisc_048|test1|trial1,0,0.22615526616573334,recording_split,201,test
control/fisc_048_test1_trial1_w001.npy,fisc_048,fisc_048|test1|trial1,0,0.17983518540859222,recording_split,201,test
control/fisc_048_test1_trial1_w002.npy,fisc_048,fisc_048|test1|trial1,0,0.3405865430831909,recording_split,201,test
control/fisc_048_test1_trial1_w003.npy,fisc_048,fisc_048|test1|trial1,0,0.32842034101486206,recording_split,201,test
control/fisc_048_test1_trial1_w004.npy,fisc_048,fisc_048|test1|trial1,0,0.30352678894996643,recording_split,201,test
control/fisc_049_test1_trial1_w000.npy,fisc_049,fisc_049|test1|trial1,0,0.2116791009902954,recording_split,201,test
control/fisc_049_test1_trial1_w001.npy,fisc_049,fisc_049|test1|trial1,0,0.1458541303873062,recording_split,201,test
control/fisc_049_test1_trial1_w002.npy,fisc_049,fisc_049|test1|trial1,0,0.2669900059700012,recording_split,201,test
control/fisc_049_test1_trial1_w003.npy,fisc_049,fisc_049|test1|trial1,0,0.23700644075870514,recording_split,201,test
control/fisc_050_test1_trial3_w000.npy,fisc_050,fisc_050|test1|trial3,0,0.24378913640975952,recording_split,201,test
control/fisc_050_test1_trial3_w001.npy,fisc_050,fisc_050|test1|trial3,0,0.3105386197566986,recording_split,201,test
control/fisc_050_test1_trial3_w002.npy,fisc_050,fisc_050|test1|trial3,0,0.45487678050994873,recording_split,201,test
control/fisc_050_test1_trial3_w003.npy,fisc_050,fisc_050|test1|trial3,0,0.37699270248413086,recording_split,201,test
control/fisc_050_test1_trial3_w004.npy,fisc_050,fisc_050|test1|trial3,0,0.30619585514068604,recording_split,201,test
control/fisc_050_test1_trial3_w005.npy,fisc_050,fisc_050|test1|trial3,0,0.2557370364665985,recording_split,201,test
control/fisc_050_test2_trial1_w000.npy,fisc_050,fisc_050|test2|trial1,0,0.320823073387146,recording_split,201,test
control/fisc_050_test2_trial1_w001.npy,fisc_050,fisc_050|test2|trial1,0,0.3061530590057373,recording_split,201,test
control/fisc_050_test2_trial1_w002.npy,fisc_050,fisc_050|test2|trial1,0,0.3784755766391754,recording_split,201,test
control/fisc_050_test2_trial1_w003.npy,fisc_050,fisc_050|test2|trial1,0,0.29947495460510254,recording_split,201,test
pd/fisp_012_test1_trial1_w000.npy,fisp_012,fisp_012|test1|trial1,1,0.30061671137809753,recording_split,201,test
pd/fisp_012_test1_trial1_w001.npy,fisp_012,fisp_012|test1|trial1,1,0.2995544373989105,recording_split,201,test
pd/fisp_012_test1_trial1_w002.npy,fisp_012,fisp_012|test1|trial1,1,0.4006027579307556,recording_split,201,test
pd/fisp_012_test1_trial1_w003.npy,fisp_012,fisp_012|test1|trial1,1,0.4746336042881012,recording_split,201,test
pd/fisp_012_test1_trial1_w004.npy,fisp_012,fisp_012|test1|trial1,1,0.4352865517139435,recording_split,201,test
pd/fisp_012_test1_trial1_w005.npy,fisp_012,fisp_012|test1|trial1,1,0.31125932931900024,recording_split,201,test
pd/fisp_012_test1_trial1_w006.npy,fisp_012,fisp_012|test1|trial1,1,0.31957024335861206,recording_split,201,test
pd/fisp_012_test1_trial1_w007.npy,fisp_012,fisp_012|test1|trial1,1,0.39337047934532166,recording_split,201,test
pd/fisp_012_test1_trial1_w008.npy,fisp_012,fisp_012|test1|trial1,1,0.3436043858528137,recording_split,201,test
pd/fisp_012_test1_trial2_w000.npy,fisp_012,fisp_012|test1|trial2,1,0.2748810052871704,recording_split,201,test
pd/fisp_012_test1_trial2_w001.npy,fisp_012,fisp_012|test1|trial2,1,0.1983959972858429,recording_split,201,test
pd/fisp_012_test1_trial2_w002.npy,fisp_012,fisp_012|test1|trial2,1,0.2901683449745178,recording_split,201,test
pd/fisp_012_test1_trial2_w003.npy,fisp_012,fisp_012|test1|trial2,1,0.39572691917419434,recording_split,201,test
pd/fisp_012_test1_trial2_w004.npy,fisp_012,fisp_012|test1|trial2,1,0.35802191495895386,recording_split,201,test
pd/fisp_012_test1_trial2_w005.npy,fisp_012,fisp_012|test1|trial2,1,0.31625691056251526,recording_split,201,test
pd/fisp_012_test1_trial2_w006.npy,fisp_012,fisp_012|test1|trial2,1,0.28066858649253845,recording_split,201,test
pd/fisp_012_test1_trial2_w007.npy,fisp_012,fisp_012|test1|trial2,1,0.23736630380153656,recording_split,201,test
pd/fisp_012_test1_trial3_w000.npy,fisp_012,fisp_012|test1|trial3,1,0.2921227514743805,recording_split,201,test
pd/fisp_012_test1_trial3_w001.npy,fisp_012,fisp_012|test1|trial3,1,0.2197747528553009,recording_split,201,test
pd/fisp_012_test1_trial3_w002.npy,fisp_012,fisp_012|test1|trial3,1,0.37837567925453186,recording_split,201,test
pd/fisp_012_test1_trial3_w003.npy,fisp_012,fisp_012|test1|trial3,1,0.36745476722717285,recording_split,201,test
pd/fisp_012_test1_trial3_w004.npy,fisp_012,fisp_012|test1|trial3,1,0.30677229166030884,recording_split,201,test
pd/fisp_012_test1_trial3_w005.npy,fisp_012,fisp_012|test1|trial3,1,0.3411342203617096,recording_split,201,test
pd/fisp_013_test1_trial1_w000.npy,fisp_013,fisp_013|test1|trial1,1,0.7709907293319702,recording_split,201,test
pd/fisp_013_test1_trial1_w001.npy,fisp_013,fisp_013|test1|trial1,1,0.7603104710578918,recording_split,201,test
pd/fisp_013_test1_trial1_w002.npy,fisp_013,fisp_013|test1|trial1,1,0.7001817226409912,recording_split,201,test
pd/fisp_013_test1_trial1_w003.npy,fisp_013,fisp_013|test1|trial1,1,0.6446840167045593,recording_split,201,test
pd/fisp_013_test1_trial1_w004.npy,fisp_013,fisp_013|test1|trial1,1,0.6860097050666809,recording_split,201,test
pd/fisp_013_test1_trial1_w005.npy,fisp_013,fisp_013|test1|trial1,1,0.7727595567703247,recording_split,201,test
pd/fisp_013_test1_trial1_w006.npy,fisp_013,fisp_013|test1|trial1,1,0.7736037373542786,recording_split,201,test
pd/fisp_013_test1_trial1_w007.npy,fisp_013,fisp_013|test1|trial1,1,0.7746732234954834,recording_split,201,test
pd/fisp_013_test1_trial1_w008.npy,fisp_013,fisp_013|test1|trial1,1,0.7683683633804321,recording_split,201,test
pd/fisp_013_test2_trial2_w000.npy,fisp_013,fisp_013|test2|trial2,1,0.7824494242668152,recording_split,201,test
pd/fisp_013_test2_trial2_w001.npy,fisp_013,fisp_013|test2|trial2,1,0.7654296159744263,recording_split,201,test
pd/fisp_013_test2_trial2_w002.npy,fisp_013,fisp_013|test2|trial2,1,0.6860382556915283,recording_split,201,test
pd/fisp_013_test2_trial2_w003.npy,fisp_013,fisp_013|test2|trial2,1,0.6403415203094482,recording_split,201,test
pd/fisp_013_test2_trial2_w004.npy,fisp_013,fisp_013|test2|trial2,1,0.717199981212616,recording_split,201,test
pd/fisp_017_test1_trial3_w000.npy,fisp_017,fisp_017|test1|trial3,1,0.7752598524093628,recording_split,201,test
pd/fisp_017_test1_trial3_w001.npy,fisp_017,fisp_017|test1|trial3,1,0.7793982625007629,recording_split,201,test
pd/fisp_017_test1_trial3_w002.npy,fisp_017,fisp_017|test1|trial3,1,0.7805714011192322,recording_split,201,test
pd/fisp_017_test1_trial3_w003.npy,fisp_017,fisp_017|test1|trial3,1,0.7546586394309998,recording_split,201,test
pd/fisp_018_test2_trial1_w000.npy,fisp_018,fisp_018|test2|trial1,1,0.7538963556289673,recording_split,201,test
pd/fisp_018_test2_trial1_w001.npy,fisp_018,fisp_018|test2|trial1,1,0.732147216796875,recording_split,201,test
pd/fisp_018_test2_trial1_w002.npy,fisp_018,fisp_018|test2|trial1,1,0.7409951686859131,recording_split,201,test
pd/fisp_021_test1_trial1_w000.npy,fisp_021,fisp_021|test1|trial1,1,0.7701412439346313,recording_split,201,test
pd/fisp_021_test1_trial1_w001.npy,fisp_021,fisp_021|test1|trial1,1,0.7745326161384583,recording_split,201,test
pd/fisp_021_test1_trial1_w002.npy,fisp_021,fisp_021|test1|trial1,1,0.7522183656692505,recording_split,201,test
pd/fisp_021_test1_trial1_w003.npy,fisp_021,fisp_021|test1|trial1,1,0.766366183757782,recording_split,201,test
pd/fisp_021_test2_trial3_w000.npy,fisp_021,fisp_021|test2|trial3,1,0.7906370759010315,recording_split,201,test
pd/fisp_021_test2_trial3_w001.npy,fisp_021,fisp_021|test2|trial3,1,0.6792330145835876,recording_split,201,test
pd/fisp_021_test2_trial3_w002.npy,fisp_021,fisp_021|test2|trial3,1,0.6881149411201477,recording_split,201,test
pd/fisp_021_test2_trial3_w003.npy,fisp_021,fisp_021|test2|trial3,1,0.7336813807487488,recording_split,201,test
pd/fisp_022_test1_trial1_w000.npy,fisp_022,fisp_022|test1|trial1,1,0.7600327730178833,recording_split,201,test
pd/fisp_022_test1_trial1_w001.npy,fisp_022,fisp_022|test1|trial1,1,0.7600027322769165,recording_split,201,test
pd/fisp_022_test1_trial1_w002.npy,fisp_022,fisp_022|test1|trial1,1,0.7600404024124146,recording_split,201,test
pd/fisp_022_test1_trial1_w003.npy,fisp_022,fisp_022|test1|trial1,1,0.7569141983985901,recording_split,201,test
pd/fisp_022_test1_trial1_w004.npy,fisp_022,fisp_022|test1|trial1,1,0.7253506183624268,recording_split,201,test
pd/fisp_022_test1_trial3_w000.npy,fisp_022,fisp_022|test1|trial3,1,0.7619075775146484,recording_split,201,test
pd/fisp_022_test1_trial3_w001.npy,fisp_022,fisp_022|test1|trial3,1,0.7403931617736816,recording_split,201,test
pd/fisp_022_test1_trial3_w002.npy,fisp_022,fisp_022|test1|trial3,1,0.7417458891868591,recording_split,201,test
pd/fisp_022_test1_trial3_w003.npy,fisp_022,fisp_022|test1|trial3,1,0.7822164297103882,recording_split,201,test
pd/fisp_024_test2_trial1_w000.npy,fisp_024,fisp_024|test2|trial1,1,0.7652115821838379,recording_split,201,test
pd/fisp_024_test2_trial1_w001.npy,fisp_024,fisp_024|test2|trial1,1,0.6340451836585999,recording_split,201,test
pd/fisp_024_test2_trial1_w002.npy,fisp_024,fisp_024|test2|trial1,1,0.7227723002433777,recording_split,201,test
pd/fisp_024_test2_trial1_w003.npy,fisp_024,fisp_024|test2|trial1,1,0.7840660214424133,recording_split,201,test
pd/fisp_025_test1_trial2_w000.npy,fisp_025,fisp_025|test1|trial2,1,0.7573376297950745,recording_split,201,test
pd/fisp_025_test1_trial2_w001.npy,fisp_025,fisp_025|test1|trial2,1,0.7844675183296204,recording_split,201,test
pd/fisp_025_test1_trial2_w002.npy,fisp_025,fisp_025|test1|trial2,1,0.8002257347106934,recording_split,201,test
pd/fisp_025_test1_trial2_w003.npy,fisp_025,fisp_025|test1|trial2,1,0.778285026550293,recording_split,201,test
pd/fisp_025_test1_trial2_w004.npy,fisp_025,fisp_025|test1|trial2,1,0.762410044670105,recording_split,201,test
pd/fisp_029_test2_trial2_w000.npy,fisp_029,fisp_029|test2|trial2,1,0.759543776512146,recording_split,201,test
pd/fisp_029_test2_trial2_w001.npy,fisp_029,fisp_029|test2|trial2,1,0.717997133731842,recording_split,201,test
pd/fisp_029_test2_trial2_w002.npy,fisp_029,fisp_029|test2|trial2,1,0.7424971461296082,recording_split,201,test
pd/fisp_029_test2_trial2_w003.npy,fisp_029,fisp_029|test2|trial2,1,0.7571884989738464,recording_split,201,test
pd/fisp_030_test1_trial3_w000.npy,fisp_030,fisp_030|test1|trial3,1,0.7918938994407654,recording_split,201,test
pd/fisp_030_test1_trial3_w001.npy,fisp_030,fisp_030|test1|trial3,1,0.7334490418434143,recording_split,201,test
pd/fisp_030_test1_trial3_w002.npy,fisp_030,fisp_030|test1|trial3,1,0.7450853586196899,recording_split,201,test
pd/fisp_030_test1_trial3_w003.npy,fisp_030,fisp_030|test1|trial3,1,0.7644028663635254,recording_split,201,test
pd/fisp_030_test2_trial1_w000.npy,fisp_030,fisp_030|test2|trial1,1,0.7857311964035034,recording_split,201,test
pd/fisp_030_test2_trial1_w001.npy,fisp_030,fisp_030|test2|trial1,1,0.7571670413017273,recording_split,201,test
pd/fisp_030_test2_trial1_w002.npy,fisp_030,fisp_030|test2|trial1,1,0.7718231081962585,recording_split,201,test
pd/fisp_040_test1_trial3_w000.npy,fisp_040,fisp_040|test1|trial3,1,0.7743578553199768,recording_split,201,test
pd/fisp_040_test1_trial3_w001.npy,fisp_040,fisp_040|test1|trial3,1,0.7776656746864319,recording_split,201,test
pd/fisp_040_test1_trial3_w002.npy,fisp_040,fisp_040|test1|trial3,1,0.7772624492645264,recording_split,201,test
pd/fisp_040_test1_trial3_w003.npy,fisp_040,fisp_040|test1|trial3,1,0.7437633275985718,recording_split,201,test
pd/fisp_040_test1_trial3_w004.npy,fisp_040,fisp_040|test1|trial3,1,0.7862599492073059,recording_split,201,test
pd/fisp_045_test1_trial1_w000.npy,fisp_045,fisp_045|test1|trial1,1,0.17510025203227997,recording_split,201,test
pd/fisp_045_test1_trial1_w001.npy,fisp_045,fisp_045|test1|trial1,1,0.2689903974533081,recording_split,201,test
pd/fisp_045_test1_trial1_w002.npy,fisp_045,fisp_045|test1|trial1,1,0.29363831877708435,recording_split,201,test
pd/fisp_045_test1_trial1_w003.npy,fisp_045,fisp_045|test1|trial1,1,0.42367103695869446,recording_split,201,test
pd/fisp_045_test1_trial1_w004.npy,fisp_045,fisp_045|test1|trial1,1,0.399077445268631,recording_split,201,test
pd/fisp_048_test1_trial1_w000.npy,fisp_048,fisp_048|test1|trial1,1,0.2513428330421448,recording_split,201,test
pd/fisp_048_test1_trial1_w001.npy,fisp_048,fisp_048|test1|trial1,1,0.3444247245788574,recording_split,201,test
pd/fisp_048_test1_trial1_w002.npy,fisp_048,fisp_048|test1|trial1,1,0.43946367502212524,recording_split,201,test
pd/fisp_048_test1_trial1_w003.npy,fisp_048,fisp_048|test1|trial1,1,0.43606725335121155,recording_split,201,test
pd/fisp_048_test1_trial1_w004.npy,fisp_048,fisp_048|test1|trial1,1,0.30049651861190796,recording_split,201,test
pd/fisp_048_test1_trial1_w005.npy,fisp_048,fisp_048|test1|trial1,1,0.27627113461494446,recording_split,201,test
pd/fisp_048_test1_trial1_w006.npy,fisp_048,fisp_048|test1|trial1,1,0.28341567516326904,recording_split,201,test
pd/fisp_048_test1_trial2_w000.npy,fisp_048,fisp_048|test1|trial2,1,0.3822283446788788,recording_split,201,test
pd/fisp_048_test1_trial2_w001.npy,fisp_048,fisp_048|test1|trial2,1,0.3709842264652252,recording_split,201,test
pd/fisp_048_test1_trial2_w002.npy,fisp_048,fisp_048|test1|trial2,1,0.41500985622406006,recording_split,201,test
pd/fisp_048_test1_trial2_w003.npy,fisp_048,fisp_048|test1|trial2,1,0.4810743033885956,recording_split,201,test
pd/fisp_048_test1_trial2_w004.npy,fisp_048,fisp_048|test1|trial2,1,0.33566075563430786,recording_split,201,test
pd/fisp_048_test1_trial2_w005.npy,fisp_048,fisp_048|test1|trial2,1,0.41839978098869324,recording_split,201,test
pd/fisp_051_test1_trial1_w000.npy,fisp_051,fisp_051|test1|trial1,1,0.2785937488079071,recording_split,201,test
pd/fisp_051_test1_trial1_w001.npy,fisp_051,fisp_051|test1|trial1,1,0.3692828416824341,recording_split,201,test
pd/fisp_051_test1_trial1_w002.npy,fisp_051,fisp_051|test1|trial1,1,0.3931191861629486,recording_split,201,test
pd/fisp_051_test1_trial1_w003.npy,fisp_051,fisp_051|test1|trial1,1,0.32512328028678894,recording_split,201,test
pd/fisp_051_test1_trial1_w004.npy,fisp_051,fisp_051|test1|trial1,1,0.35958611965179443,recording_split,201,test
pd/fisp_051_test1_trial1_w005.npy,fisp_051,fisp_051|test1|trial1,1,0.4503774046897888,recording_split,201,test
pd/fisp_051_test1_trial1_w006.npy,fisp_051,fisp_051|test1|trial1,1,0.43825870752334595,recording_split,201,test
pd/fisp_051_test1_trial1_w007.npy,fisp_051,fisp_051|test1|trial1,1,0.37877386808395386,recording_split,201,test
pd/fisp_051_test1_trial1_w008.npy,fisp_051,fisp_051|test1|trial1,1,0.3257303237915039,recording_split,201,test
pd/fisp_051_test1_trial3_w000.npy,fisp_051,fisp_051|test1|trial3,1,0.28256991505622864,recording_split,201,test
pd/fisp_051_test1_trial3_w001.npy,fisp_051,fisp_051|test1|trial3,1,0.37259843945503235,recording_split,201,test
pd/fisp_051_test1_trial3_w002.npy,fisp_051,fisp_051|test1|trial3,1,0.2969179153442383,recording_split,201,test
pd/fisp_051_test1_trial3_w003.npy,fisp_051,fisp_051|test1|trial3,1,0.2870491147041321,recording_split,201,test
pd/fisp_051_test1_trial3_w004.npy,fisp_051,fisp_051|test1|trial3,1,0.30983802676200867,recording_split,201,test
pd/fisp_051_test1_trial3_w005.npy,fisp_051,fisp_051|test1|trial3,1,0.42251652479171753,recording_split,201,test
pd/fisp_051_test1_trial3_w006.npy,fisp_051,fisp_051|test1|trial3,1,0.48655033111572266,recording_split,201,test
pd/fisp_051_test1_trial3_w007.npy,fisp_051,fisp_051|test1|trial3,1,0.287353515625,recording_split,201,test
pd/fisp_051_test1_trial3_w008.npy,fisp_051,fisp_051|test1|trial3,1,0.23811711370944977,recording_split,201,test
pd/fisp_052_test2_trial2_w000.npy,fisp_052,fisp_052|test2|trial2,1,0.16634425520896912,recording_split,201,test
pd/fisp_052_test2_trial2_w001.npy,fisp_052,fisp_052|test2|trial2,1,0.1825883835554123,recording_split,201,test
pd/fisp_052_test2_trial2_w002.npy,fisp_052,fisp_052|test2|trial2,1,0.27712321281433105,recording_split,201,test
control/fisc_005_test2_trial1_w000.npy,fisc_005,fisc_005|test2|trial1,0,0.535868763923645,recording_split,202,test
control/fisc_005_test2_trial1_w001.npy,fisc_005,fisc_005|test2|trial1,0,0.5576573610305786,recording_split,202,test
control/fisc_005_test2_trial1_w002.npy,fisc_005,fisc_005|test2|trial1,0,0.6793726086616516,recording_split,202,test
control/fisc_008_test1_trial3_w000.npy,fisc_008,fisc_008|test1|trial3,0,0.6033703684806824,recording_split,202,test
control/fisc_008_test1_trial3_w001.npy,fisc_008,fisc_008|test1|trial3,0,0.5775085687637329,recording_split,202,test
control/fisc_008_test1_trial3_w002.npy,fisc_008,fisc_008|test1|trial3,0,0.5270102024078369,recording_split,202,test
control/fisc_008_test2_trial3_w000.npy,fisc_008,fisc_008|test2|trial3,0,0.7133512496948242,recording_split,202,test
control/fisc_008_test2_trial3_w001.npy,fisc_008,fisc_008|test2|trial3,0,0.697325587272644,recording_split,202,test
control/fisc_014_test1_trial1_w000.npy,fisc_014,fisc_014|test1|trial1,0,0.7083326578140259,recording_split,202,test
control/fisc_014_test1_trial1_w001.npy,fisc_014,fisc_014|test1|trial1,0,0.5617819428443909,recording_split,202,test
control/fisc_014_test1_trial1_w002.npy,fisc_014,fisc_014|test1|trial1,0,0.4843423664569855,recording_split,202,test
control/fisc_014_test1_trial1_w003.npy,fisc_014,fisc_014|test1|trial1,0,0.5175107717514038,recording_split,202,test
control/fisc_016_test1_trial2_w000.npy,fisc_016,fisc_016|test1|trial2,0,0.7681217193603516,recording_split,202,test
control/fisc_016_test1_trial2_w001.npy,fisc_016,fisc_016|test1|trial2,0,0.7595580220222473,recording_split,202,test
control/fisc_016_test1_trial2_w002.npy,fisc_016,fisc_016|test1|trial2,0,0.8028191328048706,recording_split,202,test
control/fisc_016_test1_trial2_w003.npy,fisc_016,fisc_016|test1|trial2,0,0.7527652382850647,recording_split,202,test
control/fisc_016_test1_trial2_w004.npy,fisc_016,fisc_016|test1|trial2,0,0.8034614324569702,recording_split,202,test
control/fisc_016_test1_trial2_w005.npy,fisc_016,fisc_016|test1|trial2,0,0.8067861199378967,recording_split,202,test
control/fisc_016_test2_trial2_w000.npy,fisc_016,fisc_016|test2|trial2,0,0.8388500809669495,recording_split,202,test
control/fisc_016_test2_trial2_w001.npy,fisc_016,fisc_016|test2|trial2,0,0.7882903814315796,recording_split,202,test
control/fisc_016_test2_trial2_w002.npy,fisc_016,fisc_016|test2|trial2,0,0.7996991276741028,recording_split,202,test
control/fisc_016_test2_trial2_w003.npy,fisc_016,fisc_016|test2|trial2,0,0.787402331829071,recording_split,202,test
control/fisc_027_test1_trial2_w000.npy,fisc_027,fisc_027|test1|trial2,0,0.3744276762008667,recording_split,202,test
control/fisc_027_test1_trial2_w001.npy,fisc_027,fisc_027|test1|trial2,0,0.39728087186813354,recording_split,202,test
control/fisc_027_test1_trial2_w002.npy,fisc_027,fisc_027|test1|trial2,0,0.48348647356033325,recording_split,202,test
control/fisc_027_test1_trial2_w003.npy,fisc_027,fisc_027|test1|trial2,0,0.36560559272766113,recording_split,202,test
control/fisc_027_test1_trial2_w004.npy,fisc_027,fisc_027|test1|trial2,0,0.3952505588531494,recording_split,202,test
control/fisc_027_test1_trial2_w005.npy,fisc_027,fisc_027|test1|trial2,0,0.327487975358963,recording_split,202,test
control/fisc_027_test2_trial2_w000.npy,fisc_027,fisc_027|test2|trial2,0,0.6841908693313599,recording_split,202,test
control/fisc_027_test2_trial2_w001.npy,fisc_027,fisc_027|test2|trial2,0,0.3973264694213867,recording_split,202,test
control/fisc_027_test2_trial2_w002.npy,fisc_027,fisc_027|test2|trial2,0,0.2739418148994446,recording_split,202,test
control/fisc_027_test2_trial2_w003.npy,fisc_027,fisc_027|test2|trial2,0,0.5370379686355591,recording_split,202,test
control/fisc_029_test1_trial1_w000.npy,fisc_029,fisc_029|test1|trial1,0,0.5188933610916138,recording_split,202,test
control/fisc_029_test1_trial1_w001.npy,fisc_029,fisc_029|test1|trial1,0,0.519116997718811,recording_split,202,test
control/fisc_029_test1_trial1_w002.npy,fisc_029,fisc_029|test1|trial1,0,0.5790458917617798,recording_split,202,test
control/fisc_029_test1_trial1_w003.npy,fisc_029,fisc_029|test1|trial1,0,0.5203566551208496,recording_split,202,test
control/fisc_029_test1_trial1_w004.npy,fisc_029,fisc_029|test1|trial1,0,0.49068567156791687,recording_split,202,test
control/fisc_029_test1_trial1_w005.npy,fisc_029,fisc_029|test1|trial1,0,0.42848920822143555,recording_split,202,test
control/fisc_035_test1_trial1_w000.npy,fisc_035,fisc_035|test1|trial1,0,0.7214217782020569,recording_split,202,test
control/fisc_035_test1_trial1_w001.npy,fisc_035,fisc_035|test1|trial1,0,0.5139150619506836,recording_split,202,test
control/fisc_035_test1_trial1_w002.npy,fisc_035,fisc_035|test1|trial1,0,0.34970858693122864,recording_split,202,test
control/fisc_035_test1_trial1_w003.npy,fisc_035,fisc_035|test1|trial1,0,0.315660297870636,recording_split,202,test
control/fisc_035_test1_trial1_w004.npy,fisc_035,fisc_035|test1|trial1,0,0.3471759855747223,recording_split,202,test
control/fisc_035_test1_trial1_w005.npy,fisc_035,fisc_035|test1|trial1,0,0.38747909665107727,recording_split,202,test
control/fisc_035_test1_trial1_w006.npy,fisc_035,fisc_035|test1|trial1,0,0.4931793808937073,recording_split,202,test
control/fisc_035_test1_trial1_w007.npy,fisc_035,fisc_035|test1|trial1,0,0.6318861246109009,recording_split,202,test
control/fisc_035_test1_trial1_w008.npy,fisc_035,fisc_035|test1|trial1,0,0.4834584891796112,recording_split,202,test
control/fisc_036_test2_trial2_w000.npy,fisc_036,fisc_036|test2|trial2,0,0.46036916971206665,recording_split,202,test
control/fisc_036_test2_trial2_w001.npy,fisc_036,fisc_036|test2|trial2,0,0.4378005266189575,recording_split,202,test
control/fisc_036_test2_trial2_w002.npy,fisc_036,fisc_036|test2|trial2,0,0.5497171878814697,recording_split,202,test
control/fisc_036_test2_trial2_w003.npy,fisc_036,fisc_036|test2|trial2,0,0.4055154323577881,recording_split,202,test
control/fisc_037_test2_trial1_w000.npy,fisc_037,fisc_037|test2|trial1,0,0.3914317786693573,recording_split,202,test
control/fisc_037_test2_trial1_w001.npy,fisc_037,fisc_037|test2|trial1,0,0.2556745409965515,recording_split,202,test
control/fisc_037_test2_trial1_w002.npy,fisc_037,fisc_037|test2|trial1,0,0.21957232058048248,recording_split,202,test
control/fisc_037_test2_trial1_w003.npy,fisc_037,fisc_037|test2|trial1,0,0.19975964725017548,recording_split,202,test
control/fisc_037_test2_trial1_w004.npy,fisc_037,fisc_037|test2|trial1,0,0.20474611222743988,recording_split,202,test
control/fisc_037_test2_trial3_w000.npy,fisc_037,fisc_037|test2|trial3,0,0.41553378105163574,recording_split,202,test
control/fisc_037_test2_trial3_w001.npy,fisc_037,fisc_037|test2|trial3,0,0.2701316475868225,recording_split,202,test
control/fisc_037_test2_trial3_w002.npy,fisc_037,fisc_037|test2|trial3,0,0.43449917435646057,recording_split,202,test
control/fisc_039_test1_trial2_w000.npy,fisc_039,fisc_039|test1|trial2,0,0.15700718760490417,recording_split,202,test
control/fisc_039_test1_trial2_w001.npy,fisc_039,fisc_039|test1|trial2,0,0.20749139785766602,recording_split,202,test
control/fisc_039_test1_trial2_w002.npy,fisc_039,fisc_039|test1|trial2,0,0.2382591962814331,recording_split,202,test
control/fisc_039_test1_trial2_w003.npy,fisc_039,fisc_039|test1|trial2,0,0.32909372448921204,recording_split,202,test
control/fisc_039_test1_trial3_w000.npy,fisc_039,fisc_039|test1|trial3,0,0.2475205659866333,recording_split,202,test
control/fisc_039_test1_trial3_w001.npy,fisc_039,fisc_039|test1|trial3,0,0.37046027183532715,recording_split,202,test
control/fisc_039_test1_trial3_w002.npy,fisc_039,fisc_039|test1|trial3,0,0.30640044808387756,recording_split,202,test
control/fisc_039_test1_trial3_w003.npy,fisc_039,fisc_039|test1|trial3,0,0.36418861150741577,recording_split,202,test
control/fisc_039_test2_trial3_w000.npy,fisc_039,fisc_039|test2|trial3,0,0.45618075132369995,recording_split,202,test
control/fisc_039_test2_trial3_w001.npy,fisc_039,fisc_039|test2|trial3,0,0.38433638215065,recording_split,202,test
control/fisc_039_test2_trial3_w002.npy,fisc_039,fisc_039|test2|trial3,0,0.5387449264526367,recording_split,202,test
control/fisc_040_test1_trial2_w000.npy,fisc_040,fisc_040|test1|trial2,0,0.35939839482307434,recording_split,202,test
control/fisc_040_test1_trial2_w001.npy,fisc_040,fisc_040|test1|trial2,0,0.30826300382614136,recording_split,202,test
control/fisc_040_test1_trial2_w002.npy,fisc_040,fisc_040|test1|trial2,0,0.2217697948217392,recording_split,202,test
control/fisc_040_test1_trial2_w003.npy,fisc_040,fisc_040|test1|trial2,0,0.29164302349090576,recording_split,202,test
control/fisc_040_test2_trial1_w000.npy,fisc_040,fisc_040|test2|trial1,0,0.7009831070899963,recording_split,202,test
control/fisc_040_test2_trial1_w001.npy,fisc_040,fisc_040|test2|trial1,0,0.2566912770271301,recording_split,202,test
control/fisc_040_test2_trial1_w002.npy,fisc_040,fisc_040|test2|trial1,0,0.3519373834133148,recording_split,202,test
control/fisc_041_test2_trial3_w000.npy,fisc_041,fisc_041|test2|trial3,0,0.19618572294712067,recording_split,202,test
control/fisc_041_test2_trial3_w001.npy,fisc_041,fisc_041|test2|trial3,0,0.3357694447040558,recording_split,202,test
control/fisc_041_test2_trial3_w002.npy,fisc_041,fisc_041|test2|trial3,0,0.3056917190551758,recording_split,202,test
control/fisc_041_test2_trial3_w003.npy,fisc_041,fisc_041|test2|trial3,0,0.28494682908058167,recording_split,202,test
control/fisc_041_test2_trial3_w004.npy,fisc_041,fisc_041|test2|trial3,0,0.24661196768283844,recording_split,202,test
control/fisc_041_test2_trial3_w005.npy,fisc_041,fisc_041|test2|trial3,0,0.30150794982910156,recording_split,202,test
control/fisc_041_test2_trial3_w006.npy,fisc_041,fisc_041|test2|trial3,0,0.2989141345024109,recording_split,202,test
control/fisc_042_test2_trial2_w000.npy,fisc_042,fisc_042|test2|trial2,0,0.15913711488246918,recording_split,202,test
control/fisc_042_test2_trial2_w001.npy,fisc_042,fisc_042|test2|trial2,0,0.12830625474452972,recording_split,202,test
control/fisc_042_test2_trial2_w002.npy,fisc_042,fisc_042|test2|trial2,0,0.18774080276489258,recording_split,202,test
control/fisc_044_test1_trial1_w000.npy,fisc_044,fisc_044|test1|trial1,0,0.1987825185060501,recording_split,202,test
control/fisc_044_test1_trial1_w001.npy,fisc_044,fisc_044|test1|trial1,0,0.2869907021522522,recording_split,202,test
control/fisc_044_test1_trial1_w002.npy,fisc_044,fisc_044|test1|trial1,0,0.26978105306625366,recording_split,202,test
control/fisc_044_test1_trial1_w003.npy,fisc_044,fisc_044|test1|trial1,0,0.19526633620262146,recording_split,202,test
control/fisc_044_test1_trial1_w004.npy,fisc_044,fisc_044|test1|trial1,0,0.2414611428976059,recording_split,202,test
control/fisc_044_test1_trial1_w005.npy,fisc_044,fisc_044|test1|trial1,0,0.26289504766464233,recording_split,202,test
control/fisc_044_test1_trial2_w000.npy,fisc_044,fisc_044|test1|trial2,0,0.29552143812179565,recording_split,202,test
control/fisc_044_test1_trial2_w001.npy,fisc_044,fisc_044|test1|trial2,0,0.3677006959915161,recording_split,202,test
control/fisc_044_test1_trial2_w002.npy,fisc_044,fisc_044|test1|trial2,0,0.32931801676750183,recording_split,202,test
control/fisc_044_test1_trial2_w003.npy,fisc_044,fisc_044|test1|trial2,0,0.3444448411464691,recording_split,202,test
control/fisc_044_test1_trial2_w004.npy,fisc_044,fisc_044|test1|trial2,0,0.23217687010765076,recording_split,202,test
control/fisc_044_test1_trial2_w005.npy,fisc_044,fisc_044|test1|trial2,0,0.28727853298187256,recording_split,202,test
control/fisc_044_test1_trial3_w000.npy,fisc_044,fisc_044|test1|trial3,0,0.24010060727596283,recording_split,202,test
control/fisc_044_test1_trial3_w001.npy,fisc_044,fisc_044|test1|trial3,0,0.3862764835357666,recording_split,202,test
control/fisc_044_test1_trial3_w002.npy,fisc_044,fisc_044|test1|trial3,0,0.26669812202453613,recording_split,202,test
control/fisc_044_test1_trial3_w003.npy,fisc_044,fisc_044|test1|trial3,0,0.3750109076499939,recording_split,202,test
control/fisc_044_test1_trial3_w004.npy,fisc_044,fisc_044|test1|trial3,0,0.354265034198761,recording_split,202,test
control/fisc_046_test1_trial3_w000.npy,fisc_046,fisc_046|test1|trial3,0,0.21754826605319977,recording_split,202,test
control/fisc_046_test1_trial3_w001.npy,fisc_046,fisc_046|test1|trial3,0,0.08376714587211609,recording_split,202,test
control/fisc_046_test1_trial3_w002.npy,fisc_046,fisc_046|test1|trial3,0,0.2744238078594208,recording_split,202,test
control/fisc_046_test1_trial3_w003.npy,fisc_046,fisc_046|test1|trial3,0,0.4015340805053711,recording_split,202,test
control/fisc_047_test1_trial3_w000.npy,fisc_047,fisc_047|test1|trial3,0,0.136936753988266,recording_split,202,test
control/fisc_047_test1_trial3_w001.npy,fisc_047,fisc_047|test1|trial3,0,0.3280099630355835,recording_split,202,test
control/fisc_047_test1_trial3_w002.npy,fisc_047,fisc_047|test1|trial3,0,0.5958321690559387,recording_split,202,test
control/fisc_047_test1_trial3_w003.npy,fisc_047,fisc_047|test1|trial3,0,0.2532462477684021,recording_split,202,test
control/fisc_047_test1_trial3_w004.npy,fisc_047,fisc_047|test1|trial3,0,0.15524768829345703,recording_split,202,test
control/fisc_047_test2_trial2_w000.npy,fisc_047,fisc_047|test2|trial2,0,0.42308714985847473,recording_split,202,test
control/fisc_047_test2_trial2_w001.npy,fisc_047,fisc_047|test2|trial2,0,0.21103553473949432,recording_split,202,test
control/fisc_047_test2_trial2_w002.npy,fisc_047,fisc_047|test2|trial2,0,0.4386584162712097,recording_split,202,test
control/fisc_047_test2_trial2_w003.npy,fisc_047,fisc_047|test2|trial2,0,0.4019028842449188,recording_split,202,test
control/fisc_048_test1_trial1_w000.npy,fisc_048,fisc_048|test1|trial1,0,0.22641196846961975,recording_split,202,test
control/fisc_048_test1_trial1_w001.npy,fisc_048,fisc_048|test1|trial1,0,0.364888459444046,recording_split,202,test
control/fisc_048_test1_trial1_w002.npy,fisc_048,fisc_048|test1|trial1,0,0.4233500063419342,recording_split,202,test
control/fisc_048_test1_trial1_w003.npy,fisc_048,fisc_048|test1|trial1,0,0.22734367847442627,recording_split,202,test
control/fisc_048_test1_trial1_w004.npy,fisc_048,fisc_048|test1|trial1,0,0.2703374922275543,recording_split,202,test
control/fisc_049_test2_trial2_w000.npy,fisc_049,fisc_049|test2|trial2,0,0.5391515493392944,recording_split,202,test
control/fisc_049_test2_trial2_w001.npy,fisc_049,fisc_049|test2|trial2,0,0.5602028965950012,recording_split,202,test
control/fisc_049_test2_trial2_w002.npy,fisc_049,fisc_049|test2|trial2,0,0.5063526630401611,recording_split,202,test
control/fisc_049_test2_trial2_w003.npy,fisc_049,fisc_049|test2|trial2,0,0.29969364404678345,recording_split,202,test
control/fisc_050_test2_trial1_w000.npy,fisc_050,fisc_050|test2|trial1,0,0.38119882345199585,recording_split,202,test
control/fisc_050_test2_trial1_w001.npy,fisc_050,fisc_050|test2|trial1,0,0.5394212007522583,recording_split,202,test
control/fisc_050_test2_trial1_w002.npy,fisc_050,fisc_050|test2|trial1,0,0.4052402973175049,recording_split,202,test
control/fisc_050_test2_trial1_w003.npy,fisc_050,fisc_050|test2|trial1,0,0.24075141549110413,recording_split,202,test
control/fisc_074_test1_trial1_w000.npy,fisc_074,fisc_074|test1|trial1,0,0.46760356426239014,recording_split,202,test
control/fisc_074_test1_trial1_w001.npy,fisc_074,fisc_074|test1|trial1,0,0.3675752282142639,recording_split,202,test
control/fisc_074_test1_trial1_w002.npy,fisc_074,fisc_074|test1|trial1,0,0.2688920795917511,recording_split,202,test
control/fisc_074_test1_trial1_w003.npy,fisc_074,fisc_074|test1|trial1,0,0.22416053712368011,recording_split,202,test
control/fisc_074_test1_trial1_w004.npy,fisc_074,fisc_074|test1|trial1,0,0.45040276646614075,recording_split,202,test
pd/fisp_012_test2_trial1_w000.npy,fisp_012,fisp_012|test2|trial1,1,0.5433954000473022,recording_split,202,test
pd/fisp_012_test2_trial1_w001.npy,fisp_012,fisp_012|test2|trial1,1,0.5259488821029663,recording_split,202,test
pd/fisp_012_test2_trial1_w002.npy,fisp_012,fisp_012|test2|trial1,1,0.6853172183036804,recording_split,202,test
pd/fisp_012_test2_trial1_w003.npy,fisp_012,fisp_012|test2|trial1,1,0.61455237865448,recording_split,202,test
pd/fisp_012_test2_trial1_w004.npy,fisp_012,fisp_012|test2|trial1,1,0.5391196012496948,recording_split,202,test
pd/fisp_012_test2_trial1_w005.npy,fisp_012,fisp_012|test2|trial1,1,0.4519280195236206,recording_split,202,test
pd/fisp_013_test2_trial1_w000.npy,fisp_013,fisp_013|test2|trial1,1,0.8249577879905701,recording_split,202,test
pd/fisp_013_test2_trial1_w001.npy,fisp_013,fisp_013|test2|trial1,1,0.7477714419364929,recording_split,202,test
pd/fisp_013_test2_trial1_w002.npy,fisp_013,fisp_013|test2|trial1,1,0.7067545056343079,recording_split,202,test
pd/fisp_013_test2_trial1_w003.npy,fisp_013,fisp_013|test2|trial1,1,0.6979829668998718,recording_split,202,test
pd/fisp_013_test2_trial1_w004.npy,fisp_013,fisp_013|test2|trial1,1,0.8184072375297546,recording_split,202,test
pd/fisp_013_test2_trial2_w000.npy,fisp_013,fisp_013|test2|trial2,1,0.7572682499885559,recording_split,202,test
pd/fisp_013_test2_trial2_w001.npy,fisp_013,fisp_013|test2|trial2,1,0.7409475445747375,recording_split,202,test
pd/fisp_013_test2_trial2_w002.npy,fisp_013,fisp_013|test2|trial2,1,0.63578861951828,recording_split,202,test
pd/fisp_013_test2_trial2_w003.npy,fisp_013,fisp_013|test2|trial2,1,0.6036840081214905,recording_split,202,test
pd/fisp_013_test2_trial2_w004.npy,fisp_013,fisp_013|test2|trial2,1,0.7061048746109009,recording_split,202,test
pd/fisp_013_test2_trial3_w000.npy,fisp_013,fisp_013|test2|trial3,1,0.7928311824798584,recording_split,202,test
pd/fisp_013_test2_trial3_w001.npy,fisp_013,fisp_013|test2|trial3,1,0.6760574579238892,recording_split,202,test
pd/fisp_013_test2_trial3_w002.npy,fisp_013,fisp_013|test2|trial3,1,0.5390061736106873,recording_split,202,test
pd/fisp_013_test2_trial3_w003.npy,fisp_013,fisp_013|test2|trial3,1,0.6147111654281616,recording_split,202,test
pd/fisp_013_test2_trial3_w004.npy,fisp_013,fisp_013|test2|trial3,1,0.7758182883262634,recording_split,202,test
pd/fisp_013_test2_trial3_w005.npy,fisp_013,fisp_013|test2|trial3,1,0.8082380890846252,recording_split,202,test
pd/fisp_015_test1_trial1_w000.npy,fisp_015,fisp_015|test1|trial1,1,0.744875431060791,recording_split,202,test
pd/fisp_015_test1_trial1_w001.npy,fisp_015,fisp_015|test1|trial1,1,0.7520378828048706,recording_split,202,test
pd/fisp_015_test1_trial1_w002.npy,fisp_015,fisp_015|test1|trial1,1,0.652371346950531,recording_split,202,test
pd/fisp_015_test1_trial1_w003.npy,fisp_015,fisp_015|test1|trial1,1,0.6980703473091125,recording_split,202,test
pd/fisp_015_test1_trial1_w004.npy,fisp_015,fisp_015|test1|trial1,1,0.7550191283226013,recording_split,202,test
pd/fisp_015_test1_trial1_w005.npy,fisp_015,fisp_015|test1|trial1,1,0.7821622490882874,recording_split,202,test
pd/fisp_015_test1_trial1_w006.npy,fisp_015,fisp_015|test1|trial1,1,0.7852563261985779,recording_split,202,test
pd/fisp_022_test2_trial1_w000.npy,fisp_022,fisp_022|test2|trial1,1,0.628852367401123,recording_split,202,test
pd/fisp_022_test2_trial1_w001.npy,fisp_022,fisp_022|test2|trial1,1,0.6917303800582886,recording_split,202,test
pd/fisp_022_test2_trial1_w002.npy,fisp_022,fisp_022|test2|trial1,1,0.6806566119194031,recording_split,202,test
pd/fisp_022_test2_trial1_w003.npy,fisp_022,fisp_022|test2|trial1,1,0.6919637322425842,recording_split,202,test
pd/fisp_024_test2_trial3_w000.npy,fisp_024,fisp_024|test2|trial3,1,0.7717118263244629,recording_split,202,test
pd/fisp_024_test2_trial3_w001.npy,fisp_024,fisp_024|test2|trial3,1,0.7195150256156921,recording_split,202,test
pd/fisp_024_test2_trial3_w002.npy,fisp_024,fisp_024|test2|trial3,1,0.7048483490943909,recording_split,202,test
pd/fisp_024_test2_trial3_w003.npy,fisp_024,fisp_024|test2|trial3,1,0.6440567374229431,recording_split,202,test
pd/fisp_027_test1_trial2_w000.npy,fisp_027,fisp_027|test1|trial2,1,0.8374388217926025,recording_split,202,test
pd/fisp_027_test1_trial2_w001.npy,fisp_027,fisp_027|test1|trial2,1,0.7559553384780884,recording_split,202,test
pd/fisp_027_test1_trial2_w002.npy,fisp_027,fisp_027|test1|trial2,1,0.7389812469482422,recording_split,202,test
pd/fisp_027_test1_trial2_w003.npy,fisp_027,fisp_027|test1|trial2,1,0.6502775549888611,recording_split,202,test
pd/fisp_027_test1_trial2_w004.npy,fisp_027,fisp_027|test1|trial2,1,0.6517353057861328,recording_split,202,test
pd/fisp_027_test1_trial2_w005.npy,fisp_027,fisp_027|test1|trial2,1,0.7254570126533508,recording_split,202,test
pd/fisp_027_test1_trial2_w006.npy,fisp_027,fisp_027|test1|trial2,1,0.8331201672554016,recording_split,202,test
pd/fisp_027_test1_trial2_w007.npy,fisp_027,fisp_027|test1|trial2,1,0.8554172515869141,recording_split,202,test
pd/fisp_027_test1_trial2_w008.npy,fisp_027,fisp_027|test1|trial2,1,0.8650190830230713,recording_split,202,test
pd/fisp_029_test1_trial2_w000.npy,fisp_029,fisp_029|test1|trial2,1,0.6771765947341919,recording_split,202,test
pd/fisp_029_test1_trial2_w001.npy,fisp_029,fisp_029|test1|trial2,1,0.6166024804115295,recording_split,202,test
pd/fisp_029_test1_trial2_w002.npy,fisp_029,fisp_029|test1|trial2,1,0.6069381237030029,recording_split,202,test
pd/fisp_029_test1_trial2_w003.npy,fisp_029,fisp_029|test1|trial2,1,0.7114158868789673,recording_split,202,test
pd/fisp_029_test2_trial1_w000.npy,fisp_029,fisp_029|test2|trial1,1,0.7116997241973877,recording_split,202,test
pd/fisp_029_test2_trial1_w001.npy,fisp_029,fisp_029|test2|trial1,1,0.6656956672668457,recording_split,202,test
pd/fisp_029_test2_trial1_w002.npy,fisp_029,fisp_029|test2|trial1,1,0.680330753326416,recording_split,202,test
pd/fisp_029_test2_trial2_w000.npy,fisp_029,fisp_029|test2|trial2,1,0.6740481853485107,recording_split,202,test
pd/fisp_029_test2_trial2_w001.npy,fisp_029,fisp_029|test2|trial2,1,0.5771030187606812,recording_split,202,test
pd/fisp_029_test2_trial2_w002.npy,fisp_029,fisp_029|test2|trial2,1,0.6091868281364441,recording_split,202,test
pd/fisp_029_test2_trial2_w003.npy,fisp_029,fisp_029|test2|trial2,1,0.72721928358078,recording_split,202,test
pd/fisp_030_test2_trial2_w000.npy,fisp_030,fisp_030|test2|trial2,1,0.7719428539276123,recording_split,202,test
pd/fisp_030_test2_trial2_w001.npy,fisp_030,fisp_030|test2|trial2,1,0.6795352101325989,recording_split,202,test
pd/fisp_030_test2_trial2_w002.npy,fisp_030,fisp_030|test2|trial2,1,0.7339407205581665,recording_split,202,test
pd/fisp_030_test2_trial2_w003.npy,fisp_030,fisp_030|test2|trial2,1,0.6940786242485046,recording_split,202,test
pd/fisp_031_test1_trial1_w000.npy,fisp_031,fisp_031|test1|trial1,1,0.7024244070053101,recording_split,202,test
pd/fisp_031_test1_trial1_w001.npy,fisp_031,fisp_031|test1|trial1,1,0.5998643040657043,recording_split,202,test
pd/fisp_031_test1_trial1_w002.npy,fisp_031,fisp_031|test1|trial1,1,0.6401248574256897,recording_split,202,test
pd/fisp_031_test1_trial1_w003.npy,fisp_031,fisp_031|test1|trial1,1,0.5697743892669678,recording_split,202,test
pd/fisp_031_test1_trial1_w004.npy,fisp_031,fisp_031|test1|trial1,1,0.5949137210845947,recording_split,202,test
pd/fisp_031_test1_trial1_w005.npy,fisp_031,fisp_031|test1|trial1,1,0.7916709780693054,recording_split,202,test
pd/fisp_037_test1_trial2_w000.npy,fisp_037,fisp_037|test1|trial2,1,0.7201417684555054,recording_split,202,test
pd/fisp_037_test1_trial2_w001.npy,fisp_037,fisp_037|test1|trial2,1,0.6401687264442444,recording_split,202,test
pd/fisp_037_test1_trial2_w002.npy,fisp_037,fisp_037|test1|trial2,1,0.6220000982284546,recording_split,202,test
pd/fisp_037_test2_trial2_w000.npy,fisp_037,fisp_037|test2|trial2,1,0.7565408945083618,recording_split,202,test
pd/fisp_037_test2_trial2_w001.npy,fisp_037,fisp_037|test2|trial2,1,0.7604736685752869,recording_split,202,test
pd/fisp_037_test2_trial2_w002.npy,fisp_037,fisp_037|test2|trial2,1,0.5789468884468079,recording_split,202,test
pd/fisp_040_test1_trial2_w000.npy,fisp_040,fisp_040|test1|trial2,1,0.7488686442375183,recording_split,202,test
pd/fisp_040_test1_trial2_w001.npy,fisp_040,fisp_040|test1|trial2,1,0.698561429977417,recording_split,202,test
pd/fisp_040_test1_trial2_w002.npy,fisp_040,fisp_040|test1|trial2,1,0.7576189041137695,recording_split,202,test
pd/fisp_040_test1_trial2_w003.npy,fisp_040,fisp_040|test1|trial2,1,0.6303369998931885,recording_split,202,test
pd/fisp_040_test1_trial2_w004.npy,fisp_040,fisp_040|test1|trial2,1,0.7631333470344543,recording_split,202,test
pd/fisp_040_test2_trial1_w000.npy,fisp_040,fisp_040|test2|trial1,1,0.7777780890464783,recording_split,202,test
pd/fisp_040_test2_trial1_w001.npy,fisp_040,fisp_040|test2|trial1,1,0.6550101041793823,recording_split,202,test
pd/fisp_040_test2_trial1_w002.npy,fisp_040,fisp_040|test2|trial1,1,0.7971747517585754,recording_split,202,test
pd/fisp_040_test2_trial1_w003.npy,fisp_040,fisp_040|test2|trial1,1,0.7315899133682251,recording_split,202,test
pd/fisp_041_test2_trial1_w000.npy,fisp_041,fisp_041|test2|trial1,1,0.6716771125793457,recording_split,202,test
pd/fisp_041_test2_trial1_w001.npy,fisp_041,fisp_041|test2|trial1,1,0.7488921880722046,recording_split,202,test
pd/fisp_041_test2_trial1_w002.npy,fisp_041,fisp_041|test2|trial1,1,0.703184187412262,recording_split,202,test
pd/fisp_041_test2_trial1_w003.npy,fisp_041,fisp_041|test2|trial1,1,0.5491164326667786,recording_split,202,test
pd/fisp_042_test1_trial1_w000.npy,fisp_042,fisp_042|test1|trial1,1,0.7289577126502991,recording_split,202,test
pd/fisp_042_test1_trial1_w001.npy,fisp_042,fisp_042|test1|trial1,1,0.7095843553543091,recording_split,202,test
pd/fisp_042_test1_trial1_w002.npy,fisp_042,fisp_042|test1|trial1,1,0.6055009961128235,recording_split,202,test
pd/fisp_042_test1_trial1_w003.npy,fisp_042,fisp_042|test1|trial1,1,0.5432868599891663,recording_split,202,test
pd/fisp_042_test1_trial3_w000.npy,fisp_042,fisp_042|test1|trial3,1,0.6792534589767456,recording_split,202,test
pd/fisp_042_test1_trial3_w001.npy,fisp_042,fisp_042|test1|trial3,1,0.6491184234619141,recording_split,202,test
pd/fisp_042_test1_trial3_w002.npy,fisp_042,fisp_042|test1|trial3,1,0.35122379660606384,recording_split,202,test
pd/fisp_042_test1_trial3_w003.npy,fisp_042,fisp_042|test1|trial3,1,0.5419338345527649,recording_split,202,test
pd/fisp_042_test1_trial3_w004.npy,fisp_042,fisp_042|test1|trial3,1,0.4003123342990875,recording_split,202,test
pd/fisp_042_test1_trial3_w005.npy,fisp_042,fisp_042|test1|trial3,1,0.400700181722641,recording_split,202,test
pd/fisp_042_test1_trial3_w006.npy,fisp_042,fisp_042|test1|trial3,1,0.5718992352485657,recording_split,202,test
pd/fisp_044_test2_trial3_w000.npy,fisp_044,fisp_044|test2|trial3,1,0.7432377338409424,recording_split,202,test
pd/fisp_044_test2_trial3_w001.npy,fisp_044,fisp_044|test2|trial3,1,0.5518352389335632,recording_split,202,test
pd/fisp_044_test2_trial3_w002.npy,fisp_044,fisp_044|test2|trial3,1,0.4974370300769806,recording_split,202,test
pd/fisp_044_test2_trial3_w003.npy,fisp_044,fisp_044|test2|trial3,1,0.3100554943084717,recording_split,202,test
pd/fisp_044_test2_trial3_w004.npy,fisp_044,fisp_044|test2|trial3,1,0.4041389226913452,recording_split,202,test
pd/fisp_048_test2_trial1_w000.npy,fisp_048,fisp_048|test2|trial1,1,0.6972712874412537,recording_split,202,test
pd/fisp_048_test2_trial1_w001.npy,fisp_048,fisp_048|test2|trial1,1,0.4814910590648651,recording_split,202,test
pd/fisp_048_test2_trial1_w002.npy,fisp_048,fisp_048|test2|trial1,1,0.26184847950935364,recording_split,202,test
pd/fisp_048_test2_trial1_w003.npy,fisp_048,fisp_048|test2|trial1,1,0.2377447485923767,recording_split,202,test
pd/fisp_048_test2_trial1_w004.npy,fisp_048,fisp_048|test2|trial1,1,0.2358301877975464,recording_split,202,test
pd/fisp_052_test1_trial1_w000.npy,fisp_052,fisp_052|test1|trial1,1,0.2813132107257843,recording_split,202,test
pd/fisp_052_test1_trial1_w001.npy,fisp_052,fisp_052|test1|trial1,1,0.34667861461639404,recording_split,202,test
pd/fisp_052_test1_trial1_w002.npy,fisp_052,fisp_052|test1|trial1,1,0.25458285212516785,recording_split,202,test
pd/fisp_052_test1_trial1_w003.npy,fisp_052,fisp_052|test1|trial1,1,0.24720576405525208,recording_split,202,test
control/fisc_005_test1_trial2_w000.npy,fisc_005,fisc_005|test1|trial2,0,0.7227379083633423,recording_split,203,test
control/fisc_005_test1_trial2_w001.npy,fisc_005,fisc_005|test1|trial2,0,0.6343356370925903,recording_split,203,test
control/fisc_005_test1_trial2_w002.npy,fisc_005,fisc_005|test1|trial2,0,0.6530665755271912,recording_split,203,test
control/fisc_005_test1_trial2_w003.npy,fisc_005,fisc_005|test1|trial2,0,0.7141833305358887,recording_split,203,test
control/fisc_005_test1_trial3_w000.npy,fisc_005,fisc_005|test1|trial3,0,0.7152065634727478,recording_split,203,test
control/fisc_005_test1_trial3_w001.npy,fisc_005,fisc_005|test1|trial3,0,0.6312206387519836,recording_split,203,test
control/fisc_005_test1_trial3_w002.npy,fisc_005,fisc_005|test1|trial3,0,0.6107765436172485,recording_split,203,test
control/fisc_006_test2_trial2_w000.npy,fisc_006,fisc_006|test2|trial2,0,0.8144549131393433,recording_split,203,test
control/fisc_006_test2_trial2_w001.npy,fisc_006,fisc_006|test2|trial2,0,0.6925557255744934,recording_split,203,test
control/fisc_006_test2_trial2_w002.npy,fisc_006,fisc_006|test2|trial2,0,0.7204806208610535,recording_split,203,test
control/fisc_007_test2_trial3_w000.npy,fisc_007,fisc_007|test2|trial3,0,0.7031629681587219,recording_split,203,test
control/fisc_007_test2_trial3_w001.npy,fisc_007,fisc_007|test2|trial3,0,0.6534572243690491,recording_split,203,test
control/fisc_008_test1_trial2_w000.npy,fisc_008,fisc_008|test1|trial2,0,0.7358090877532959,recording_split,203,test
control/fisc_008_test1_trial2_w001.npy,fisc_008,fisc_008|test1|trial2,0,0.6922407746315002,recording_split,203,test
control/fisc_008_test1_trial2_w002.npy,fisc_008,fisc_008|test1|trial2,0,0.7204619646072388,recording_split,203,test
control/fisc_008_test2_trial2_w000.npy,fisc_008,fisc_008|test2|trial2,0,0.7533761262893677,recording_split,203,test
control/fisc_008_test2_trial2_w001.npy,fisc_008,fisc_008|test2|trial2,0,0.7236558794975281,recording_split,203,test
control/fisc_008_test2_trial2_w002.npy,fisc_008,fisc_008|test2|trial2,0,0.623600959777832,recording_split,203,test
control/fisc_012_test2_trial3_w000.npy,fisc_012,fisc_012|test2|trial3,0,0.7863441109657288,recording_split,203,test
control/fisc_012_test2_trial3_w001.npy,fisc_012,fisc_012|test2|trial3,0,0.809278666973114,recording_split,203,test
control/fisc_012_test2_trial3_w002.npy,fisc_012,fisc_012|test2|trial3,0,0.7719660997390747,recording_split,203,test
control/fisc_012_test2_trial3_w003.npy,fisc_012,fisc_012|test2|trial3,0,0.7663653492927551,recording_split,203,test
control/fisc_012_test2_trial3_w004.npy,fisc_012,fisc_012|test2|trial3,0,0.6698371767997742,recording_split,203,test
control/fisc_012_test2_trial3_w005.npy,fisc_012,fisc_012|test2|trial3,0,0.658897340297699,recording_split,203,test
control/fisc_014_test2_trial2_w000.npy,fisc_014,fisc_014|test2|trial2,0,0.7197424173355103,recording_split,203,test
control/fisc_014_test2_trial2_w001.npy,fisc_014,fisc_014|test2|trial2,0,0.6628461480140686,recording_split,203,test
control/fisc_014_test2_trial2_w002.npy,fisc_014,fisc_014|test2|trial2,0,0.6690442562103271,recording_split,203,test
control/fisc_018_test1_trial1_w000.npy,fisc_018,fisc_018|test1|trial1,0,0.3371123969554901,recording_split,203,test
control/fisc_018_test1_trial1_w001.npy,fisc_018,fisc_018|test1|trial1,0,0.4368691146373749,recording_split,203,test
control/fisc_018_test1_trial1_w002.npy,fisc_018,fisc_018|test1|trial1,0,0.3612314760684967,recording_split,203,test
control/fisc_018_test1_trial1_w003.npy,fisc_018,fisc_018|test1|trial1,0,0.4737910330295563,recording_split,203,test
control/fisc_018_test1_trial1_w004.npy,fisc_018,fisc_018|test1|trial1,0,0.5806086659431458,recording_split,203,test
control/fisc_018_test2_trial2_w000.npy,fisc_018,fisc_018|test2|trial2,0,0.4749389588832855,recording_split,203,test
control/fisc_018_test2_trial2_w001.npy,fisc_018,fisc_018|test2|trial2,0,0.3596714735031128,recording_split,203,test
control/fisc_018_test2_trial2_w002.npy,fisc_018,fisc_018|test2|trial2,0,0.4502551257610321,recording_split,203,test
control/fisc_020_test1_trial1_w000.npy,fisc_020,fisc_020|test1|trial1,0,0.6054335832595825,recording_split,203,test
control/fisc_020_test1_trial1_w001.npy,fisc_020,fisc_020|test1|trial1,0,0.6403142809867859,recording_split,203,test
control/fisc_020_test1_trial1_w002.npy,fisc_020,fisc_020|test1|trial1,0,0.6060038805007935,recording_split,203,test
control/fisc_020_test1_trial1_w003.npy,fisc_020,fisc_020|test1|trial1,0,0.7092147469520569,recording_split,203,test
control/fisc_027_test2_trial1_w000.npy,fisc_027,fisc_027|test2|trial1,0,0.6225743293762207,recording_split,203,test
control/fisc_027_test2_trial1_w001.npy,fisc_027,fisc_027|test2|trial1,0,0.42406004667282104,recording_split,203,test
control/fisc_027_test2_trial1_w002.npy,fisc_027,fisc_027|test2|trial1,0,0.48942670226097107,recording_split,203,test
control/fisc_027_test2_trial1_w003.npy,fisc_027,fisc_027|test2|trial1,0,0.5030925273895264,recording_split,203,test
control/fisc_029_test2_trial2_w000.npy,fisc_029,fisc_029|test2|trial2,0,0.665229320526123,recording_split,203,test
control/fisc_029_test2_trial2_w001.npy,fisc_029,fisc_029|test2|trial2,0,0.7061489224433899,recording_split,203,test
control/fisc_029_test2_trial2_w002.npy,fisc_029,fisc_029|test2|trial2,0,0.6107615232467651,recording_split,203,test
control/fisc_029_test2_trial2_w003.npy,fisc_029,fisc_029|test2|trial2,0,0.5099974870681763,recording_split,203,test
control/fisc_029_test2_trial2_w004.npy,fisc_029,fisc_029|test2|trial2,0,0.6698853969573975,recording_split,203,test
control/fisc_029_test2_trial2_w005.npy,fisc_029,fisc_029|test2|trial2,0,0.31678375601768494,recording_split,203,test
control/fisc_031_test2_trial2_w000.npy,fisc_031,fisc_031|test2|trial2,0,0.6221669912338257,recording_split,203,test
control/fisc_031_test2_trial2_w001.npy,fisc_031,fisc_031|test2|trial2,0,0.5171376466751099,recording_split,203,test
control/fisc_031_test2_trial2_w002.npy,fisc_031,fisc_031|test2|trial2,0,0.45360973477363586,recording_split,203,test
control/fisc_031_test2_trial2_w003.npy,fisc_031,fisc_031|test2|trial2,0,0.5424277186393738,recording_split,203,test
control/fisc_034_test1_trial3_w000.npy,fisc_034,fisc_034|test1|trial3,0,0.31322768330574036,recording_split,203,test
control/fisc_034_test1_trial3_w001.npy,fisc_034,fisc_034|test1|trial3,0,0.3505292534828186,recording_split,203,test
control/fisc_034_test1_trial3_w002.npy,fisc_034,fisc_034|test1|trial3,0,0.2991827130317688,recording_split,203,test
control/fisc_034_test1_trial3_w003.npy,fisc_034,fisc_034|test1|trial3,0,0.4178667962551117,recording_split,203,test
control/fisc_034_test1_trial3_w004.npy,fisc_034,fisc_034|test1|trial3,0,0.5680816173553467,recording_split,203,test
control/fisc_034_test1_trial3_w005.npy,fisc_034,fisc_034|test1|trial3,0,0.5223163962364197,recording_split,203,test
control/fisc_036_test1_trial3_w000.npy,fisc_036,fisc_036|test1|trial3,0,0.4811328649520874,recording_split,203,test
control/fisc_036_test1_trial3_w001.npy,fisc_036,fisc_036|test1|trial3,0,0.46801841259002686,recording_split,203,test
control/fisc_036_test1_trial3_w002.npy,fisc_036,fisc_036|test1|trial3,0,0.3934307396411896,recording_split,203,test
control/fisc_036_test1_trial3_w003.npy,fisc_036,fisc_036|test1|trial3,0,0.26088380813598633,recording_split,203,test
control/fisc_036_test1_trial3_w004.npy,fisc_036,fisc_036|test1|trial3,0,0.3897615373134613,recording_split,203,test
control/fisc_040_test1_trial3_w000.npy,fisc_040,fisc_040|test1|trial3,0,0.4426037669181824,recording_split,203,test
control/fisc_040_test1_trial3_w001.npy,fisc_040,fisc_040|test1|trial3,0,0.2925592064857483,recording_split,203,test
control/fisc_040_test1_trial3_w002.npy,fisc_040,fisc_040|test1|trial3,0,0.2644863724708557,recording_split,203,test
control/fisc_040_test1_trial3_w003.npy,fisc_040,fisc_040|test1|trial3,0,0.36823582649230957,recording_split,203,test
control/fisc_040_test2_trial1_w000.npy,fisc_040,fisc_040|test2|trial1,0,0.6288137435913086,recording_split,203,test
control/fisc_040_test2_trial1_w001.npy,fisc_040,fisc_040|test2|trial1,0,0.30583229660987854,recording_split,203,test
control/fisc_040_test2_trial1_w002.npy,fisc_040,fisc_040|test2|trial1,0,0.38356131315231323,recording_split,203,test
control/fisc_042_test1_trial1_w000.npy,fisc_042,fisc_042|test1|trial1,0,0.232239231467247,recording_split,203,test
control/fisc_042_test1_trial1_w001.npy,fisc_042,fisc_042|test1|trial1,0,0.10862535983324051,recording_split,203,test
control/fisc_042_test1_trial1_w002.npy,fisc_042,fisc_042|test1|trial1,0,0.19457696378231049,recording_split,203,test
control/fisc_042_test1_trial1_w003.npy,fisc_042,fisc_042|test1|trial1,0,0.4015447199344635,recording_split,203,test
control/fisc_042_test1_trial1_w004.npy,fisc_042,fisc_042|test1|trial1,0,0.5267578363418579,recording_split,203,test
control/fisc_042_test2_trial3_w000.npy,fisc_042,fisc_042|test2|trial3,0,0.2049226313829422,recording_split,203,test
control/fisc_042_test2_trial3_w001.npy,fisc_042,fisc_042|test2|trial3,0,0.06288684159517288,recording_split,203,test
control/fisc_042_test2_trial3_w002.npy,fisc_042,fisc_042|test2|trial3,0,0.25450634956359863,recording_split,203,test
control/fisc_044_test1_trial1_w000.npy,fisc_044,fisc_044|test1|trial1,0,0.17051762342453003,recording_split,203,test
control/fisc_044_test1_trial1_w001.npy,fisc_044,fisc_044|test1|trial1,0,0.2434891015291214,recording_split,203,test
control/fisc_044_test1_trial1_w002.npy,fisc_044,fisc_044|test1|trial1,0,0.3020561635494232,recording_split,203,test
control/fisc_044_test1_trial1_w003.npy,fisc_044,fisc_044|test1|trial1,0,0.30726972222328186,recording_split,203,test
control/fisc_044_test1_trial1_w004.npy,fisc_044,fisc_044|test1|trial1,0,0.23776380717754364,recording_split,203,test
control/fisc_044_test1_trial1_w005.npy,fisc_044,fisc_044|test1|trial1,0,0.20606596767902374,recording_split,203,test
control/fisc_044_test2_trial1_w000.npy,fisc_044,fisc_044|test2|trial1,0,0.42479875683784485,recording_split,203,test
control/fisc_044_test2_trial1_w001.npy,fisc_044,fisc_044|test2|trial1,0,0.47576475143432617,recording_split,203,test
control/fisc_044_test2_trial1_w002.npy,fisc_044,fisc_044|test2|trial1,0,0.3067786991596222,recording_split,203,test
control/fisc_044_test2_trial1_w003.npy,fisc_044,fisc_044|test2|trial1,0,0.3952541649341583,recording_split,203,test
control/fisc_044_test2_trial1_w004.npy,fisc_044,fisc_044|test2|trial1,0,0.2831369936466217,recording_split,203,test
control/fisc_045_test2_trial3_w000.npy,fisc_045,fisc_045|test2|trial3,0,0.5217517614364624,recording_split,203,test
control/fisc_045_test2_trial3_w001.npy,fisc_045,fisc_045|test2|trial3,0,0.4275805950164795,recording_split,203,test
control/fisc_045_test2_trial3_w002.npy,fisc_045,fisc_045|test2|trial3,0,0.42282751202583313,recording_split,203,test
control/fisc_046_test2_trial2_w000.npy,fisc_046,fisc_046|test2|trial2,0,0.2564292252063751,recording_split,203,test
control/fisc_046_test2_trial2_w001.npy,fisc_046,fisc_046|test2|trial2,0,0.08464553952217102,recording_split,203,test
control/fisc_046_test2_trial2_w002.npy,fisc_046,fisc_046|test2|trial2,0,0.20150771737098694,recording_split,203,test
control/fisc_047_test1_trial2_w000.npy,fisc_047,fisc_047|test1|trial2,0,0.1677456498146057,recording_split,203,test
control/fisc_047_test1_trial2_w001.npy,fisc_047,fisc_047|test1|trial2,0,0.3285404443740845,recording_split,203,test
control/fisc_047_test1_trial2_w002.npy,fisc_047,fisc_047|test1|trial2,0,0.5018236637115479,recording_split,203,test
control/fisc_047_test1_trial2_w003.npy,fisc_047,fisc_047|test1|trial2,0,0.4031785726547241,recording_split,203,test
control/fisc_047_test2_trial3_w000.npy,fisc_047,fisc_047|test2|trial3,0,0.30920466780662537,recording_split,203,test
control/fisc_047_test2_trial3_w001.npy,fisc_047,fisc_047|test2|trial3,0,0.28093528747558594,recording_split,203,test
control/fisc_047_test2_trial3_w002.npy,fisc_047,fisc_047|test2|trial3,0,0.45538243651390076,recording_split,203,test
control/fisc_048_test2_trial1_w000.npy,fisc_048,fisc_048|test2|trial1,0,0.16815343499183655,recording_split,203,test
control/fisc_048_test2_trial1_w001.npy,fisc_048,fisc_048|test2|trial1,0,0.4337654709815979,recording_split,203,test
control/fisc_048_test2_trial1_w002.npy,fisc_048,fisc_048|test2|trial1,0,0.5618480443954468,recording_split,203,test
control/fisc_048_test2_trial1_w003.npy,fisc_048,fisc_048|test2|trial1,0,0.2723843455314636,recording_split,203,test
control/fisc_049_test1_trial1_w000.npy,fisc_049,fisc_049|test1|trial1,0,0.20151449739933014,recording_split,203,test
control/fisc_049_test1_trial1_w001.npy,fisc_049,fisc_049|test1|trial1,0,0.3696165382862091,recording_split,203,test
control/fisc_049_test1_trial1_w002.npy,fisc_049,fisc_049|test1|trial1,0,0.5898671746253967,recording_split,203,test
control/fisc_049_test1_trial1_w003.npy,fisc_049,fisc_049|test1|trial1,0,0.21965757012367249,recording_split,203,test
control/fisc_049_test2_trial1_w000.npy,fisc_049,fisc_049|test2|trial1,0,0.5114285945892334,recording_split,203,test
control/fisc_049_test2_trial1_w001.npy,fisc_049,fisc_049|test2|trial1,0,0.5343480110168457,recording_split,203,test
control/fisc_049_test2_trial1_w002.npy,fisc_049,fisc_049|test2|trial1,0,0.4388135075569153,recording_split,203,test
control/fisc_049_test2_trial1_w003.npy,fisc_049,fisc_049|test2|trial1,0,0.3012405335903168,recording_split,203,test
control/fisc_074_test1_trial1_w000.npy,fisc_074,fisc_074|test1|trial1,0,0.3151277005672455,recording_split,203,test
control/fisc_074_test1_trial1_w001.npy,fisc_074,fisc_074|test1|trial1,0,0.3572555184364319,recording_split,203,test
control/fisc_074_test1_trial1_w002.npy,fisc_074,fisc_074|test1|trial1,0,0.33707746863365173,recording_split,203,test
control/fisc_074_test1_trial1_w003.npy,fisc_074,fisc_074|test1|trial1,0,0.3925555944442749,recording_split,203,test
control/fisc_074_test1_trial1_w004.npy,fisc_074,fisc_074|test1|trial1,0,0.35242000222206116,recording_split,203,test
pd/fisp_013_test1_trial1_w000.npy,fisp_013,fisp_013|test1|trial1,1,0.7679656147956848,recording_split,203,test
pd/fisp_013_test1_trial1_w001.npy,fisp_013,fisp_013|test1|trial1,1,0.7246171236038208,recording_split,203,test
pd/fisp_013_test1_trial1_w002.npy,fisp_013,fisp_013|test1|trial1,1,0.6811962127685547,recording_split,203,test
pd/fisp_013_test1_trial1_w003.npy,fisp_013,fisp_013|test1|trial1,1,0.5884759426116943,recording_split,203,test
pd/fisp_013_test1_trial1_w004.npy,fisp_013,fisp_013|test1|trial1,1,0.6140769720077515,recording_split,203,test
pd/fisp_013_test1_trial1_w005.npy,fisp_013,fisp_013|test1|trial1,1,0.6786742210388184,recording_split,203,test
pd/fisp_013_test1_trial1_w006.npy,fisp_013,fisp_013|test1|trial1,1,0.7475862503051758,recording_split,203,test
pd/fisp_013_test1_trial1_w007.npy,fisp_013,fisp_013|test1|trial1,1,0.7317638397216797,recording_split,203,test
pd/fisp_013_test1_trial1_w008.npy,fisp_013,fisp_013|test1|trial1,1,0.7271413207054138,recording_split,203,test
pd/fisp_014_test1_trial3_w000.npy,fisp_014,fisp_014|test1|trial3,1,0.4911479353904724,recording_split,203,test
pd/fisp_014_test1_trial3_w001.npy,fisp_014,fisp_014|test1|trial3,1,0.44727638363838196,recording_split,203,test
pd/fisp_014_test1_trial3_w002.npy,fisp_014,fisp_014|test1|trial3,1,0.4605594277381897,recording_split,203,test
pd/fisp_014_test1_trial3_w003.npy,fisp_014,fisp_014|test1|trial3,1,0.5403407216072083,recording_split,203,test
pd/fisp_014_test1_trial3_w004.npy,fisp_014,fisp_014|test1|trial3,1,0.5279361605644226,recording_split,203,test
pd/fisp_014_test1_trial3_w005.npy,fisp_014,fisp_014|test1|trial3,1,0.3793003261089325,recording_split,203,test
pd/fisp_014_test1_trial3_w006.npy,fisp_014,fisp_014|test1|trial3,1,0.6153164505958557,recording_split,203,test
pd/fisp_015_test1_trial1_w000.npy,fisp_015,fisp_015|test1|trial1,1,0.7604349851608276,recording_split,203,test
pd/fisp_015_test1_trial1_w001.npy,fisp_015,fisp_015|test1|trial1,1,0.7961115837097168,recording_split,203,test
pd/fisp_015_test1_trial1_w002.npy,fisp_015,fisp_015|test1|trial1,1,0.7332292199134827,recording_split,203,test
pd/fisp_015_test1_trial1_w003.npy,fisp_015,fisp_015|test1|trial1,1,0.720797598361969,recording_split,203,test
pd/fisp_015_test1_trial1_w004.npy,fisp_015,fisp_015|test1|trial1,1,0.8129922747612,recording_split,203,test
pd/fisp_015_test1_trial1_w005.npy,fisp_015,fisp_015|test1|trial1,1,0.7844457626342773,recording_split,203,test
pd/fisp_015_test1_trial1_w006.npy,fisp_015,fisp_015|test1|trial1,1,0.816483736038208,recording_split,203,test
pd/fisp_017_test1_trial1_w000.npy,fisp_017,fisp_017|test1|trial1,1,0.7945375442504883,recording_split,203,test
pd/fisp_017_test1_trial1_w001.npy,fisp_017,fisp_017|test1|trial1,1,0.729764997959137,recording_split,203,test
pd/fisp_017_test1_trial1_w002.npy,fisp_017,fisp_017|test1|trial1,1,0.7128554582595825,recording_split,203,test
pd/fisp_017_test1_trial1_w003.npy,fisp_017,fisp_017|test1|trial1,1,0.776298463344574,recording_split,203,test
pd/fisp_018_test2_trial2_w000.npy,fisp_018,fisp_018|test2|trial2,1,0.7841874361038208,recording_split,203,test
pd/fisp_018_test2_trial2_w001.npy,fisp_018,fisp_018|test2|trial2,1,0.7095322608947754,recording_split,203,test
pd/fisp_018_test2_trial2_w002.npy,fisp_018,fisp_018|test2|trial2,1,0.756560742855072,recording_split,203,test
pd/fisp_021_test1_trial3_w000.npy,fisp_021,fisp_021|test1|trial3,1,0.8027414679527283,recording_split,203,test
pd/fisp_021_test1_trial3_w001.npy,fisp_021,fisp_021|test1|trial3,1,0.7443758249282837,recording_split,203,test
pd/fisp_021_test1_trial3_w002.npy,fisp_021,fisp_021|test1|trial3,1,0.6883168816566467,recording_split,203,test
pd/fisp_021_test1_trial3_w003.npy,fisp_021,fisp_021|test1|trial3,1,0.7002586722373962,recording_split,203,test
pd/fisp_021_test2_trial1_w000.npy,fisp_021,fisp_021|test2|trial1,1,0.8064244985580444,recording_split,203,test
pd/fisp_021_test2_trial1_w001.npy,fisp_021,fisp_021|test2|trial1,1,0.685530424118042,recording_split,203,test
pd/fisp_021_test2_trial1_w002.npy,fisp_021,fisp_021|test2|trial1,1,0.6834661364555359,recording_split,203,test
pd/fisp_022_test2_trial1_w000.npy,fisp_022,fisp_022|test2|trial1,1,0.7098628282546997,recording_split,203,test
pd/fisp_022_test2_trial1_w001.npy,fisp_022,fisp_022|test2|trial1,1,0.7160082459449768,recording_split,203,test
pd/fisp_022_test2_trial1_w002.npy,fisp_022,fisp_022|test2|trial1,1,0.7323654890060425,recording_split,203,test
pd/fisp_022_test2_trial1_w003.npy,fisp_022,fisp_022|test2|trial1,1,0.7682575583457947,recording_split,203,test
pd/fisp_024_test1_trial2_w000.npy,fisp_024,fisp_024|test1|trial2,1,0.7619724869728088,recording_split,203,test
pd/fisp_024_test1_trial2_w001.npy,fisp_024,fisp_024|test1|trial2,1,0.6430110335350037,recording_split,203,test
pd/fisp_024_test1_trial2_w002.npy,fisp_024,fisp_024|test1|trial2,1,0.5509757995605469,recording_split,203,test
pd/fisp_024_test1_trial2_w003.npy,fisp_024,fisp_024|test1|trial2,1,0.6604222059249878,recording_split,203,test
pd/fisp_024_test1_trial2_w004.npy,fisp_024,fisp_024|test1|trial2,1,0.7589211463928223,recording_split,203,test
pd/fisp_025_test1_trial1_w000.npy,fisp_025,fisp_025|test1|trial1,1,0.7175736427307129,recording_split,203,test
pd/fisp_025_test1_trial1_w001.npy,fisp_025,fisp_025|test1|trial1,1,0.750343918800354,recording_split,203,test
pd/fisp_025_test1_trial1_w002.npy,fisp_025,fisp_025|test1|trial1,1,0.6958013772964478,recording_split,203,test
pd/fisp_025_test1_trial1_w003.npy,fisp_025,fisp_025|test1|trial1,1,0.7303226590156555,recording_split,203,test
pd/fisp_025_test1_trial1_w004.npy,fisp_025,fisp_025|test1|trial1,1,0.7085234522819519,recording_split,203,test
pd/fisp_025_test1_trial3_w000.npy,fisp_025,fisp_025|test1|trial3,1,0.7627803683280945,recording_split,203,test
pd/fisp_025_test1_trial3_w001.npy,fisp_025,fisp_025|test1|trial3,1,0.7812356352806091,recording_split,203,test
pd/fisp_025_test1_trial3_w002.npy,fisp_025,fisp_025|test1|trial3,1,0.6930917501449585,recording_split,203,test
pd/fisp_025_test1_trial3_w003.npy,fisp_025,fisp_025|test1|trial3,1,0.6838223934173584,recording_split,203,test
pd/fisp_025_test1_trial3_w004.npy,fisp_025,fisp_025|test1|trial3,1,0.6907505989074707,recording_split,203,test
pd/fisp_025_test2_trial1_w000.npy,fisp_025,fisp_025|test2|trial1,1,0.752210259437561,recording_split,203,test
pd/fisp_025_test2_trial1_w001.npy,fisp_025,fisp_025|test2|trial1,1,0.7275417447090149,recording_split,203,test
pd/fisp_025_test2_trial1_w002.npy,fisp_025,fisp_025|test2|trial1,1,0.7230126261711121,recording_split,203,test
pd/fisp_025_test2_trial2_w000.npy,fisp_025,fisp_025|test2|trial2,1,0.7407441139221191,recording_split,203,test
pd/fisp_025_test2_trial2_w001.npy,fisp_025,fisp_025|test2|trial2,1,0.7211952209472656,recording_split,203,test
pd/fisp_025_test2_trial2_w002.npy,fisp_025,fisp_025|test2|trial2,1,0.72337406873703,recording_split,203,test
pd/fisp_025_test2_trial2_w003.npy,fisp_025,fisp_025|test2|trial2,1,0.7125660181045532,recording_split,203,test
pd/fisp_026_test2_trial1_w000.npy,fisp_026,fisp_026|test2|trial1,1,0.7771559357643127,recording_split,203,test
pd/fisp_026_test2_trial1_w001.npy,fisp_026,fisp_026|test2|trial1,1,0.7199636697769165,recording_split,203,test
pd/fisp_026_test2_trial1_w002.npy,fisp_026,fisp_026|test2|trial1,1,0.7054856419563293,recording_split,203,test
pd/fisp_026_test2_trial1_w003.npy,fisp_026,fisp_026|test2|trial1,1,0.6648488640785217,recording_split,203,test
pd/fisp_026_test2_trial1_w004.npy,fisp_026,fisp_026|test2|trial1,1,0.7175527811050415,recording_split,203,test
pd/fisp_026_test2_trial1_w005.npy,fisp_026,fisp_026|test2|trial1,1,0.7029449939727783,recording_split,203,test
pd/fisp_026_test2_trial1_w006.npy,fisp_026,fisp_026|test2|trial1,1,0.7162213325500488,recording_split,203,test
pd/fisp_026_test2_trial1_w007.npy,fisp_026,fisp_026|test2|trial1,1,0.7674670219421387,recording_split,203,test
pd/fisp_026_test2_trial1_w008.npy,fisp_026,fisp_026|test2|trial1,1,0.7557806968688965,recording_split,203,test
pd/fisp_027_test2_trial2_w000.npy,fisp_027,fisp_027|test2|trial2,1,0.8079591393470764,recording_split,203,test
pd/fisp_027_test2_trial2_w001.npy,fisp_027,fisp_027|test2|trial2,1,0.7787788510322571,recording_split,203,test
pd/fisp_027_test2_trial2_w002.npy,fisp_027,fisp_027|test2|trial2,1,0.7836757898330688,recording_split,203,test
pd/fisp_027_test2_trial2_w003.npy,fisp_027,fisp_027|test2|trial2,1,0.7743750214576721,recording_split,203,test
pd/fisp_027_test2_trial2_w004.npy,fisp_027,fisp_027|test2|trial2,1,0.7776705026626587,recording_split,203,test
pd/fisp_027_test2_trial2_w005.npy,fisp_027,fisp_027|test2|trial2,1,0.7532187700271606,recording_split,203,test
pd/fisp_029_test1_trial2_w000.npy,fisp_029,fisp_029|test1|trial2,1,0.7680268883705139,recording_split,203,test
pd/fisp_029_test1_trial2_w001.npy,fisp_029,fisp_029|test1|trial2,1,0.7735207080841064,recording_split,203,test
pd/fisp_029_test1_trial2_w002.npy,fisp_029,fisp_029|test1|trial2,1,0.733401894569397,recording_split,203,test
pd/fisp_029_test1_trial2_w003.npy,fisp_029,fisp_029|test1|trial2,1,0.7122018933296204,recording_split,203,test
pd/fisp_029_test1_trial3_w000.npy,fisp_029,fisp_029|test1|trial3,1,0.6944161653518677,recording_split,203,test
pd/fisp_029_test1_trial3_w001.npy,fisp_029,fisp_029|test1|trial3,1,0.7261137962341309,recording_split,203,test
pd/fisp_029_test1_trial3_w002.npy,fisp_029,fisp_029|test1|trial3,1,0.7187820672988892,recording_split,203,test
pd/fisp_029_test1_trial3_w003.npy,fisp_029,fisp_029|test1|trial3,1,0.7382688522338867,recording_split,203,test
pd/fisp_029_test1_trial3_w004.npy,fisp_029,fisp_029|test1|trial3,1,0.8135977983474731,recording_split,203,test
pd/fisp_031_test1_trial1_w000.npy,fisp_031,fisp_031|test1|trial1,1,0.7630012631416321,recording_split,203,test
pd/fisp_031_test1_trial1_w001.npy,fisp_031,fisp_031|test1|trial1,1,0.7576418519020081,recording_split,203,test
pd/fisp_031_test1_trial1_w002.npy,fisp_031,fisp_031|test1|trial1,1,0.803388774394989,recording_split,203,test
pd/fisp_031_test1_trial1_w003.npy,fisp_031,fisp_031|test1|trial1,1,0.6913625597953796,recording_split,203,test
pd/fisp_031_test1_trial1_w004.npy,fisp_031,fisp_031|test1|trial1,1,0.6365518569946289,recording_split,203,test
pd/fisp_031_test1_trial1_w005.npy,fisp_031,fisp_031|test1|trial1,1,0.6800214052200317,recording_split,203,test
pd/fisp_040_test1_trial3_w000.npy,fisp_040,fisp_040|test1|trial3,1,0.7764345407485962,recording_split,203,test
pd/fisp_040_test1_trial3_w001.npy,fisp_040,fisp_040|test1|trial3,1,0.764729917049408,recording_split,203,test
pd/fisp_040_test1_trial3_w002.npy,fisp_040,fisp_040|test1|trial3,1,0.727377712726593,recording_split,203,test
pd/fisp_040_test1_trial3_w003.npy,fisp_040,fisp_040|test1|trial3,1,0.7050119042396545,recording_split,203,test
pd/fisp_040_test1_trial3_w004.npy,fisp_040,fisp_040|test1|trial3,1,0.7257260084152222,recording_split,203,test
pd/fisp_044_test1_trial2_w000.npy,fisp_044,fisp_044|test1|trial2,1,0.4277459681034088,recording_split,203,test
pd/fisp_044_test1_trial2_w001.npy,fisp_044,fisp_044|test1|trial2,1,0.45044267177581787,recording_split,203,test
pd/fisp_044_test1_trial2_w002.npy,fisp_044,fisp_044|test1|trial2,1,0.4781527519226074,recording_split,203,test
pd/fisp_044_test1_trial2_w003.npy,fisp_044,fisp_044|test1|trial2,1,0.31649520993232727,recording_split,203,test
pd/fisp_044_test1_trial2_w004.npy,fisp_044,fisp_044|test1|trial2,1,0.3332527279853821,recording_split,203,test
pd/fisp_044_test1_trial2_w005.npy,fisp_044,fisp_044|test1|trial2,1,0.27989423274993896,recording_split,203,test
pd/fisp_051_test1_trial3_w000.npy,fisp_051,fisp_051|test1|trial3,1,0.7293845415115356,recording_split,203,test
pd/fisp_051_test1_trial3_w001.npy,fisp_051,fisp_051|test1|trial3,1,0.6410804986953735,recording_split,203,test
pd/fisp_051_test1_trial3_w002.npy,fisp_051,fisp_051|test1|trial3,1,0.48710283637046814,recording_split,203,test
pd/fisp_051_test1_trial3_w003.npy,fisp_051,fisp_051|test1|trial3,1,0.5037778615951538,recording_split,203,test
pd/fisp_051_test1_trial3_w004.npy,fisp_051,fisp_051|test1|trial3,1,0.4999377727508545,recording_split,203,test
pd/fisp_051_test1_trial3_w005.npy,fisp_051,fisp_051|test1|trial3,1,0.573166012763977,recording_split,203,test
pd/fisp_051_test1_trial3_w006.npy,fisp_051,fisp_051|test1|trial3,1,0.5308799743652344,recording_split,203,test
pd/fisp_051_test1_trial3_w007.npy,fisp_051,fisp_051|test1|trial3,1,0.5997099876403809,recording_split,203,test
pd/fisp_051_test1_trial3_w008.npy,fisp_051,fisp_051|test1|trial3,1,0.5287140011787415,recording_split,203,test
pd/fisp_051_test2_trial3_w000.npy,fisp_051,fisp_051|test2|trial3,1,0.5833920240402222,recording_split,203,test
pd/fisp_051_test2_trial3_w001.npy,fisp_051,fisp_051|test2|trial3,1,0.4933762550354004,recording_split,203,test
pd/fisp_051_test2_trial3_w002.npy,fisp_051,fisp_051|test2|trial3,1,0.5610755085945129,recording_split,203,test
pd/fisp_051_test2_trial3_w003.npy,fisp_051,fisp_051|test2|trial3,1,0.6403591632843018,recording_split,203,test
pd/fisp_051_test2_trial3_w004.npy,fisp_051,fisp_051|test2|trial3,1,0.61031574010849,recording_split,203,test
pd/fisp_051_test2_trial3_w005.npy,fisp_051,fisp_051|test2|trial3,1,0.5977195501327515,recording_split,203,test
pd/fisp_052_test2_trial2_w000.npy,fisp_052,fisp_052|test2|trial2,1,0.3359319269657135,recording_split,203,test
pd/fisp_052_test2_trial2_w001.npy,fisp_052,fisp_052|test2|trial2,1,0.2626074254512787,recording_split,203,test
pd/fisp_052_test2_trial2_w002.npy,fisp_052,fisp_052|test2|trial2,1,0.2827957272529602,recording_split,203,test
control/fisc_005_test1_trial3_w000.npy,fisc_005,fisc_005|test1|trial3,0,0.4887349009513855,recording_split,204,test
control/fisc_005_test1_trial3_w001.npy,fisc_005,fisc_005|test1|trial3,0,0.42671895027160645,recording_split,204,test
control/fisc_005_test1_trial3_w002.npy,fisc_005,fisc_005|test1|trial3,0,0.44351911544799805,recording_split,204,test
control/fisc_005_test2_trial1_w000.npy,fisc_005,fisc_005|test2|trial1,0,0.5164376497268677,recording_split,204,test
control/fisc_005_test2_trial1_w001.npy,fisc_005,fisc_005|test2|trial1,0,0.49263423681259155,recording_split,204,test
control/fisc_005_test2_trial1_w002.npy,fisc_005,fisc_005|test2|trial1,0,0.6275733113288879,recording_split,204,test
control/fisc_010_test1_trial1_w000.npy,fisc_010,fisc_010|test1|trial1,0,0.6612426042556763,recording_split,204,test
control/fisc_010_test1_trial1_w001.npy,fisc_010,fisc_010|test1|trial1,0,0.6440743803977966,recording_split,204,test
control/fisc_010_test1_trial1_w002.npy,fisc_010,fisc_010|test1|trial1,0,0.5814756155014038,recording_split,204,test
control/fisc_010_test1_trial1_w003.npy,fisc_010,fisc_010|test1|trial1,0,0.5536995530128479,recording_split,204,test
control/fisc_010_test1_trial1_w004.npy,fisc_010,fisc_010|test1|trial1,0,0.5528692603111267,recording_split,204,test
control/fisc_010_test1_trial1_w005.npy,fisc_010,fisc_010|test1|trial1,0,0.5819335579872131,recording_split,204,test
control/fisc_010_test1_trial1_w006.npy,fisc_010,fisc_010|test1|trial1,0,0.7745733261108398,recording_split,204,test
control/fisc_010_test2_trial3_w000.npy,fisc_010,fisc_010|test2|trial3,0,0.647542417049408,recording_split,204,test
control/fisc_010_test2_trial3_w001.npy,fisc_010,fisc_010|test2|trial3,0,0.6210809350013733,recording_split,204,test
control/fisc_010_test2_trial3_w002.npy,fisc_010,fisc_010|test2|trial3,0,0.628445565700531,recording_split,204,test
control/fisc_010_test2_trial3_w003.npy,fisc_010,fisc_010|test2|trial3,0,0.553933322429657,recording_split,204,test
control/fisc_010_test2_trial3_w004.npy,fisc_010,fisc_010|test2|trial3,0,0.5943450927734375,recording_split,204,test
control/fisc_012_test2_trial2_w000.npy,fisc_012,fisc_012|test2|trial2,0,0.7648715376853943,recording_split,204,test
control/fisc_012_test2_trial2_w001.npy,fisc_012,fisc_012|test2|trial2,0,0.7643817663192749,recording_split,204,test
control/fisc_012_test2_trial2_w002.npy,fisc_012,fisc_012|test2|trial2,0,0.7025039792060852,recording_split,204,test
control/fisc_012_test2_trial2_w003.npy,fisc_012,fisc_012|test2|trial2,0,0.5755986571311951,recording_split,204,test
control/fisc_012_test2_trial2_w004.npy,fisc_012,fisc_012|test2|trial2,0,0.5985757112503052,recording_split,204,test
control/fisc_012_test2_trial2_w005.npy,fisc_012,fisc_012|test2|trial2,0,0.6599833965301514,recording_split,204,test
control/fisc_014_test1_trial3_w000.npy,fisc_014,fisc_014|test1|trial3,0,0.4883248209953308,recording_split,204,test
control/fisc_014_test1_trial3_w001.npy,fisc_014,fisc_014|test1|trial3,0,0.5545815229415894,recording_split,204,test
control/fisc_014_test1_trial3_w002.npy,fisc_014,fisc_014|test1|trial3,0,0.5673569440841675,recording_split,204,test
control/fisc_014_test1_trial3_w003.npy,fisc_014,fisc_014|test1|trial3,0,0.553162157535553,recording_split,204,test
control/fisc_014_test2_trial3_w000.npy,fisc_014,fisc_014|test2|trial3,0,0.563395619392395,recording_split,204,test
control/fisc_014_test2_trial3_w001.npy,fisc_014,fisc_014|test2|trial3,0,0.501939058303833,recording_split,204,test
control/fisc_027_test2_trial2_w000.npy,fisc_027,fisc_027|test2|trial2,0,0.6395005583763123,recording_split,204,test
control/fisc_027_test2_trial2_w001.npy,fisc_027,fisc_027|test2|trial2,0,0.2847050428390503,recording_split,204,test
control/fisc_027_test2_trial2_w002.npy,fisc_027,fisc_027|test2|trial2,0,0.19641657173633575,recording_split,204,test
control/fisc_027_test2_trial2_w003.npy,fisc_027,fisc_027|test2|trial2,0,0.36987486481666565,recording_split,204,test
control/fisc_029_test1_trial1_w000.npy,fisc_029,fisc_029|test1|trial1,0,0.3150698244571686,recording_split,204,test
control/fisc_029_test1_trial1_w001.npy,fisc_029,fisc_029|test1|trial1,0,0.3277294337749481,recording_split,204,test
control/fisc_029_test1_trial1_w002.npy,fisc_029,fisc_029|test1|trial1,0,0.5237085223197937,recording_split,204,test
control/fisc_029_test1_trial1_w003.npy,fisc_029,fisc_029|test1|trial1,0,0.47464314103126526,recording_split,204,test
control/fisc_029_test1_trial1_w004.npy,fisc_029,fisc_029|test1|trial1,0,0.38264763355255127,recording_split,204,test
control/fisc_029_test1_trial1_w005.npy,fisc_029,fisc_029|test1|trial1,0,0.16906973719596863,recording_split,204,test
control/fisc_029_test1_trial2_w000.npy,fisc_029,fisc_029|test1|trial2,0,0.249941885471344,recording_split,204,test
control/fisc_029_test1_trial2_w001.npy,fisc_029,fisc_029|test1|trial2,0,0.470681756734848,recording_split,204,test
control/fisc_029_test1_trial2_w002.npy,fisc_029,fisc_029|test1|trial2,0,0.5172116756439209,recording_split,204,test
control/fisc_029_test1_trial2_w003.npy,fisc_029,fisc_029|test1|trial2,0,0.45784926414489746,recording_split,204,test
control/fisc_029_test1_trial2_w004.npy,fisc_029,fisc_029|test1|trial2,0,0.5630785822868347,recording_split,204,test
control/fisc_029_test2_trial3_w000.npy,fisc_029,fisc_029|test2|trial3,0,0.1942441463470459,recording_split,204,test
control/fisc_029_test2_trial3_w001.npy,fisc_029,fisc_029|test2|trial3,0,0.4401499330997467,recording_split,204,test
control/fisc_029_test2_trial3_w002.npy,fisc_029,fisc_029|test2|trial3,0,0.3742813169956207,recording_split,204,test
control/fisc_029_test2_trial3_w003.npy,fisc_029,fisc_029|test2|trial3,0,0.5641728043556213,recording_split,204,test
control/fisc_031_test1_trial1_w000.npy,fisc_031,fisc_031|test1|trial1,0,0.12480434030294418,recording_split,204,test
control/fisc_031_test1_trial1_w001.npy,fisc_031,fisc_031|test1|trial1,0,0.08500923961400986,recording_split,204,test
control/fisc_031_test1_trial1_w002.npy,fisc_031,fisc_031|test1|trial1,0,0.0588751845061779,recording_split,204,test
control/fisc_031_test1_trial1_w003.npy,fisc_031,fisc_031|test1|trial1,0,0.23753727972507477,recording_split,204,test
control/fisc_031_test1_trial1_w004.npy,fisc_031,fisc_031|test1|trial1,0,0.2831515073776245,recording_split,204,test
control/fisc_031_test1_trial2_w000.npy,fisc_031,fisc_031|test1|trial2,0,0.0938529521226883,recording_split,204,test
control/fisc_031_test1_trial2_w001.npy,fisc_031,fisc_031|test1|trial2,0,0.055032018572092056,recording_split,204,test
control/fisc_031_test1_trial2_w002.npy,fisc_031,fisc_031|test1|trial2,0,0.20834918320178986,recording_split,204,test
control/fisc_031_test1_trial2_w003.npy,fisc_031,fisc_031|test1|trial2,0,0.18254238367080688,recording_split,204,test
control/fisc_031_test1_trial2_w004.npy,fisc_031,fisc_031|test1|trial2,0,0.1582590937614441,recording_split,204,test
control/fisc_033_test1_trial2_w000.npy,fisc_033,fisc_033|test1|trial2,0,0.30043309926986694,recording_split,204,test
control/fisc_033_test1_trial2_w001.npy,fisc_033,fisc_033|test1|trial2,0,0.3697437345981598,recording_split,204,test
control/fisc_033_test1_trial2_w002.npy,fisc_033,fisc_033|test1|trial2,0,0.3944418430328369,recording_split,204,test
control/fisc_033_test1_trial2_w003.npy,fisc_033,fisc_033|test1|trial2,0,0.39487138390541077,recording_split,204,test
control/fisc_033_test1_trial2_w004.npy,fisc_033,fisc_033|test1|trial2,0,0.32347211241722107,recording_split,204,test
control/fisc_033_test1_trial2_w005.npy,fisc_033,fisc_033|test1|trial2,0,0.2705569863319397,recording_split,204,test
control/fisc_033_test1_trial3_w000.npy,fisc_033,fisc_033|test1|trial3,0,0.3638033866882324,recording_split,204,test
control/fisc_033_test1_trial3_w001.npy,fisc_033,fisc_033|test1|trial3,0,0.25126802921295166,recording_split,204,test
control/fisc_033_test1_trial3_w002.npy,fisc_033,fisc_033|test1|trial3,0,0.32381731271743774,recording_split,204,test
control/fisc_033_test1_trial3_w003.npy,fisc_033,fisc_033|test1|trial3,0,0.3863378167152405,recording_split,204,test
control/fisc_033_test1_trial3_w004.npy,fisc_033,fisc_033|test1|trial3,0,0.2994946837425232,recording_split,204,test
control/fisc_033_test1_trial3_w005.npy,fisc_033,fisc_033|test1|trial3,0,0.24370229244232178,recording_split,204,test
control/fisc_033_test1_trial3_w006.npy,fisc_033,fisc_033|test1|trial3,0,0.19714806973934174,recording_split,204,test
control/fisc_034_test1_trial3_w000.npy,fisc_034,fisc_034|test1|trial3,0,0.1750566065311432,recording_split,204,test
control/fisc_034_test1_trial3_w001.npy,fisc_034,fisc_034|test1|trial3,0,0.2278076410293579,recording_split,204,test
control/fisc_034_test1_trial3_w002.npy,fisc_034,fisc_034|test1|trial3,0,0.18672722578048706,recording_split,204,test
control/fisc_034_test1_trial3_w003.npy,fisc_034,fisc_034|test1|trial3,0,0.31194302439689636,recording_split,204,test
control/fisc_034_test1_trial3_w004.npy,fisc_034,fisc_034|test1|trial3,0,0.5364975929260254,recording_split,204,test
control/fisc_034_test1_trial3_w005.npy,fisc_034,fisc_034|test1|trial3,0,0.4942164123058319,recording_split,204,test
control/fisc_036_test1_trial1_w000.npy,fisc_036,fisc_036|test1|trial1,0,0.37877559661865234,recording_split,204,test
control/fisc_036_test1_trial1_w001.npy,fisc_036,fisc_036|test1|trial1,0,0.44073566794395447,recording_split,204,test
control/fisc_036_test1_trial1_w002.npy,fisc_036,fisc_036|test1|trial1,0,0.37503066658973694,recording_split,204,test
control/fisc_036_test1_trial1_w003.npy,fisc_036,fisc_036|test1|trial1,0,0.1806321144104004,recording_split,204,test
control/fisc_036_test1_trial1_w004.npy,fisc_036,fisc_036|test1|trial1,0,0.16644325852394104,recording_split,204,test
control/fisc_037_test1_trial2_w000.npy,fisc_037,fisc_037|test1|trial2,0,0.056240592151880264,recording_split,204,test
control/fisc_037_test1_trial2_w001.npy,fisc_037,fisc_037|test1|trial2,0,0.09740835428237915,recording_split,204,test
control/fisc_037_test1_trial2_w002.npy,fisc_037,fisc_037|test1|trial2,0,0.19829002022743225,recording_split,204,test
control/fisc_037_test1_trial2_w003.npy,fisc_037,fisc_037|test1|trial2,0,0.19073501229286194,recording_split,204,test
control/fisc_039_test2_trial1_w000.npy,fisc_039,fisc_039|test2|trial1,0,0.16904659569263458,recording_split,204,test
control/fisc_039_test2_trial1_w001.npy,fisc_039,fisc_039|test2|trial1,0,0.07917889952659607,recording_split,204,test
control/fisc_039_test2_trial1_w002.npy,fisc_039,fisc_039|test2|trial1,0,0.2236659824848175,recording_split,204,test
control/fisc_039_test2_trial2_w000.npy,fisc_039,fisc_039|test2|trial2,0,0.09853111207485199,recording_split,204,test
control/fisc_039_test2_trial2_w001.npy,fisc_039,fisc_039|test2|trial2,0,0.11564043164253235,recording_split,204,test
control/fisc_039_test2_trial2_w002.npy,fisc_039,fisc_039|test2|trial2,0,0.17010833323001862,recording_split,204,test
control/fisc_039_test2_trial2_w003.npy,fisc_039,fisc_039|test2|trial2,0,0.099875308573246,recording_split,204,test
control/fisc_039_test2_trial3_w000.npy,fisc_039,fisc_039|test2|trial3,0,0.21665681898593903,recording_split,204,test
control/fisc_039_test2_trial3_w001.npy,fisc_039,fisc_039|test2|trial3,0,0.19682283699512482,recording_split,204,test
control/fisc_039_test2_trial3_w002.npy,fisc_039,fisc_039|test2|trial3,0,0.2468721568584442,recording_split,204,test
control/fisc_040_test1_trial1_w000.npy,fisc_040,fisc_040|test1|trial1,0,0.3203541040420532,recording_split,204,test
control/fisc_040_test1_trial1_w001.npy,fisc_040,fisc_040|test1|trial1,0,0.15638259053230286,recording_split,204,test
control/fisc_040_test1_trial1_w002.npy,fisc_040,fisc_040|test1|trial1,0,0.10106337815523148,recording_split,204,test
control/fisc_040_test1_trial1_w003.npy,fisc_040,fisc_040|test1|trial1,0,0.2116834819316864,recording_split,204,test
control/fisc_040_test2_trial1_w000.npy,fisc_040,fisc_040|test2|trial1,0,0.5821827054023743,recording_split,204,test
control/fisc_040_test2_trial1_w001.npy,fisc_040,fisc_040|test2|trial1,0,0.19434024393558502,recording_split,204,test
control/fisc_040_test2_trial1_w002.npy,fisc_040,fisc_040|test2|trial1,0,0.2524993419647217,recording_split,204,test
control/fisc_041_test2_trial2_w000.npy,fisc_041,fisc_041|test2|trial2,0,0.17609207332134247,recording_split,204,test
control/fisc_041_test2_trial2_w001.npy,fisc_041,fisc_041|test2|trial2,0,0.41517719626426697,recording_split,204,test
control/fisc_041_test2_trial2_w002.npy,fisc_041,fisc_041|test2|trial2,0,0.4573845863342285,recording_split,204,test
control/fisc_041_test2_trial2_w003.npy,fisc_041,fisc_041|test2|trial2,0,0.4137595593929291,recording_split,204,test
control/fisc_041_test2_trial2_w004.npy,fisc_041,fisc_041|test2|trial2,0,0.5164064764976501,recording_split,204,test
control/fisc_041_test2_trial2_w005.npy,fisc_041,fisc_041|test2|trial2,0,0.2803231179714203,recording_split,204,test
control/fisc_044_test1_trial1_w000.npy,fisc_044,fisc_044|test1|trial1,0,0.06163002550601959,recording_split,204,test
control/fisc_044_test1_trial1_w001.npy,fisc_044,fisc_044|test1|trial1,0,0.08751960843801498,recording_split,204,test
control/fisc_044_test1_trial1_w002.npy,fisc_044,fisc_044|test1|trial1,0,0.11051009595394135,recording_split,204,test
control/fisc_044_test1_trial1_w003.npy,fisc_044,fisc_044|test1|trial1,0,0.13555790483951569,recording_split,204,test
control/fisc_044_test1_trial1_w004.npy,fisc_044,fisc_044|test1|trial1,0,0.15279094874858856,recording_split,204,test
control/fisc_044_test1_trial1_w005.npy,fisc_044,fisc_044|test1|trial1,0,0.09075271338224411,recording_split,204,test
control/fisc_045_test1_trial3_w000.npy,fisc_045,fisc_045|test1|trial3,0,0.0664055198431015,recording_split,204,test
control/fisc_045_test1_trial3_w001.npy,fisc_045,fisc_045|test1|trial3,0,0.17204786837100983,recording_split,204,test
control/fisc_045_test1_trial3_w002.npy,fisc_045,fisc_045|test1|trial3,0,0.22671158611774445,recording_split,204,test
control/fisc_045_test1_trial3_w003.npy,fisc_045,fisc_045|test1|trial3,0,0.0992385670542717,recording_split,204,test
control/fisc_045_test2_trial1_w000.npy,fisc_045,fisc_045|test2|trial1,0,0.3175874352455139,recording_split,204,test
control/fisc_045_test2_trial1_w001.npy,fisc_045,fisc_045|test2|trial1,0,0.1410936415195465,recording_split,204,test
control/fisc_045_test2_trial1_w002.npy,fisc_045,fisc_045|test2|trial1,0,0.28537824749946594,recording_split,204,test
control/fisc_045_test2_trial1_w003.npy,fisc_045,fisc_045|test2|trial1,0,0.23239442706108093,recording_split,204,test
control/fisc_045_test2_trial2_w000.npy,fisc_045,fisc_045|test2|trial2,0,0.5792514085769653,recording_split,204,test
control/fisc_045_test2_trial2_w001.npy,fisc_045,fisc_045|test2|trial2,0,0.42506569623947144,recording_split,204,test
control/fisc_045_test2_trial2_w002.npy,fisc_045,fisc_045|test2|trial2,0,0.32748356461524963,recording_split,204,test
control/fisc_045_test2_trial2_w003.npy,fisc_045,fisc_045|test2|trial2,0,0.14978080987930298,recording_split,204,test
control/fisc_049_test1_trial2_w000.npy,fisc_049,fisc_049|test1|trial2,0,0.09477727115154266,recording_split,204,test
control/fisc_049_test1_trial2_w001.npy,fisc_049,fisc_049|test1|trial2,0,0.07651197165250778,recording_split,204,test
control/fisc_049_test1_trial2_w002.npy,fisc_049,fisc_049|test1|trial2,0,0.16321566700935364,recording_split,204,test
control/fisc_049_test1_trial2_w003.npy,fisc_049,fisc_049|test1|trial2,0,0.15602076053619385,recording_split,204,test
control/fisc_049_test1_trial3_w000.npy,fisc_049,fisc_049|test1|trial3,0,0.03533738851547241,recording_split,204,test
control/fisc_049_test1_trial3_w001.npy,fisc_049,fisc_049|test1|trial3,0,0.06964149326086044,recording_split,204,test
control/fisc_049_test1_trial3_w002.npy,fisc_049,fisc_049|test1|trial3,0,0.37062522768974304,recording_split,204,test
control/fisc_049_test1_trial3_w003.npy,fisc_049,fisc_049|test1|trial3,0,0.1238713264465332,recording_split,204,test
control/fisc_049_test1_trial3_w004.npy,fisc_049,fisc_049|test1|trial3,0,0.1338215470314026,recording_split,204,test
pd/fisp_012_test1_trial2_w000.npy,fisp_012,fisp_012|test1|trial2,1,0.22131243348121643,recording_split,204,test
pd/fisp_012_test1_trial2_w001.npy,fisp_012,fisp_012|test1|trial2,1,0.2510027289390564,recording_split,204,test
pd/fisp_012_test1_trial2_w002.npy,fisp_012,fisp_012|test1|trial2,1,0.35306018590927124,recording_split,204,test
pd/fisp_012_test1_trial2_w003.npy,fisp_012,fisp_012|test1|trial2,1,0.46749383211135864,recording_split,204,test
pd/fisp_012_test1_trial2_w004.npy,fisp_012,fisp_012|test1|trial2,1,0.36124658584594727,recording_split,204,test
pd/fisp_012_test1_trial2_w005.npy,fisp_012,fisp_012|test1|trial2,1,0.30474650859832764,recording_split,204,test
pd/fisp_012_test1_trial2_w006.npy,fisp_012,fisp_012|test1|trial2,1,0.15648207068443298,recording_split,204,test
pd/fisp_012_test1_trial2_w007.npy,fisp_012,fisp_012|test1|trial2,1,0.09371253848075867,recording_split,204,test
pd/fisp_014_test1_trial1_w000.npy,fisp_014,fisp_014|test1|trial1,1,0.43577590584754944,recording_split,204,test
pd/fisp_014_test1_trial1_w001.npy,fisp_014,fisp_014|test1|trial1,1,0.40532270073890686,recording_split,204,test
pd/fisp_014_test1_trial1_w002.npy,fisp_014,fisp_014|test1|trial1,1,0.33626076579093933,recording_split,204,test
pd/fisp_014_test1_trial1_w003.npy,fisp_014,fisp_014|test1|trial1,1,0.581441342830658,recording_split,204,test
pd/fisp_014_test1_trial1_w004.npy,fisp_014,fisp_014|test1|trial1,1,0.5081021785736084,recording_split,204,test
pd/fisp_014_test1_trial1_w005.npy,fisp_014,fisp_014|test1|trial1,1,0.4339355230331421,recording_split,204,test
pd/fisp_014_test1_trial1_w006.npy,fisp_014,fisp_014|test1|trial1,1,0.7188377380371094,recording_split,204,test
pd/fisp_014_test1_trial3_w000.npy,fisp_014,fisp_014|test1|trial3,1,0.3272862434387207,recording_split,204,test
pd/fisp_014_test1_trial3_w001.npy,fisp_014,fisp_014|test1|trial3,1,0.23419058322906494,recording_split,204,test
pd/fisp_014_test1_trial3_w002.npy,fisp_014,fisp_014|test1|trial3,1,0.2966064512729645,recording_split,204,test
pd/fisp_014_test1_trial3_w003.npy,fisp_014,fisp_014|test1|trial3,1,0.36270633339881897,recording_split,204,test
pd/fisp_014_test1_trial3_w004.npy,fisp_014,fisp_014|test1|trial3,1,0.2720886170864105,recording_split,204,test
pd/fisp_014_test1_trial3_w005.npy,fisp_014,fisp_014|test1|trial3,1,0.23287537693977356,recording_split,204,test
pd/fisp_014_test1_trial3_w006.npy,fisp_014,fisp_014|test1|trial3,1,0.48616302013397217,recording_split,204,test
pd/fisp_014_test2_trial2_w000.npy,fisp_014,fisp_014|test2|trial2,1,0.6413987874984741,recording_split,204,test
pd/fisp_014_test2_trial2_w001.npy,fisp_014,fisp_014|test2|trial2,1,0.5585997700691223,recording_split,204,test
pd/fisp_014_test2_trial2_w002.npy,fisp_014,fisp_014|test2|trial2,1,0.6236617565155029,recording_split,204,test
pd/fisp_014_test2_trial2_w003.npy,fisp_014,fisp_014|test2|trial2,1,0.4950536787509918,recording_split,204,test
pd/fisp_014_test2_trial2_w004.npy,fisp_014,fisp_014|test2|trial2,1,0.3639069199562073,recording_split,204,test
pd/fisp_015_test1_trial1_w000.npy,fisp_015,fisp_015|test1|trial1,1,0.6785648465156555,recording_split,204,test
pd/fisp_015_test1_trial1_w001.npy,fisp_015,fisp_015|test1|trial1,1,0.7221324443817139,recording_split,204,test
pd/fisp_015_test1_trial1_w002.npy,fisp_015,fisp_015|test1|trial1,1,0.6452734470367432,recording_split,204,test
pd/fisp_015_test1_trial1_w003.npy,fisp_015,fisp_015|test1|trial1,1,0.6084170341491699,recording_split,204,test
pd/fisp_015_test1_trial1_w004.npy,fisp_015,fisp_015|test1|trial1,1,0.7230871915817261,recording_split,204,test
pd/fisp_015_test1_trial1_w005.npy,fisp_015,fisp_015|test1|trial1,1,0.725117027759552,recording_split,204,test
pd/fisp_015_test1_trial1_w006.npy,fisp_015,fisp_015|test1|trial1,1,0.7319195866584778,recording_split,204,test
pd/fisp_015_test1_trial3_w000.npy,fisp_015,fisp_015|test1|trial3,1,0.7963206171989441,recording_split,204,test
pd/fisp_015_test1_trial3_w001.npy,fisp_015,fisp_015|test1|trial3,1,0.662985622882843,recording_split,204,test
pd/fisp_015_test1_trial3_w002.npy,fisp_015,fisp_015|test1|trial3,1,0.6091467142105103,recording_split,204,test
pd/fisp_015_test1_trial3_w003.npy,fisp_015,fisp_015|test1|trial3,1,0.6832634210586548,recording_split,204,test
pd/fisp_015_test1_trial3_w004.npy,fisp_015,fisp_015|test1|trial3,1,0.5844248533248901,recording_split,204,test
pd/fisp_015_test1_trial3_w005.npy,fisp_015,fisp_015|test1|trial3,1,0.7080867886543274,recording_split,204,test
pd/fisp_015_test1_trial3_w006.npy,fisp_015,fisp_015|test1|trial3,1,0.7809209823608398,recording_split,204,test
pd/fisp_015_test2_trial3_w000.npy,fisp_015,fisp_015|test2|trial3,1,0.644476592540741,recording_split,204,test
pd/fisp_015_test2_trial3_w001.npy,fisp_015,fisp_015|test2|trial3,1,0.6550305485725403,recording_split,204,test
pd/fisp_015_test2_trial3_w002.npy,fisp_015,fisp_015|test2|trial3,1,0.609755277633667,recording_split,204,test
pd/fisp_015_test2_trial3_w003.npy,fisp_015,fisp_015|test2|trial3,1,0.5575668811798096,recording_split,204,test
pd/fisp_015_test2_trial3_w004.npy,fisp_015,fisp_015|test2|trial3,1,0.6072479486465454,recording_split,204,test
pd/fisp_017_test1_trial2_w000.npy,fisp_017,fisp_017|test1|trial2,1,0.567240834236145,recording_split,204,test
pd/fisp_017_test1_trial2_w001.npy,fisp_017,fisp_017|test1|trial2,1,0.46954140067100525,recording_split,204,test
pd/fisp_017_test1_trial2_w002.npy,fisp_017,fisp_017|test1|trial2,1,0.6384394764900208,recording_split,204,test
pd/fisp_017_test1_trial2_w003.npy,fisp_017,fisp_017|test1|trial2,1,0.6024330258369446,recording_split,204,test
pd/fisp_017_test2_trial2_w000.npy,fisp_017,fisp_017|test2|trial2,1,0.7418971657752991,recording_split,204,test
pd/fisp_017_test2_trial2_w001.npy,fisp_017,fisp_017|test2|trial2,1,0.5342949032783508,recording_split,204,test
pd/fisp_017_test2_trial2_w002.npy,fisp_017,fisp_017|test2|trial2,1,0.5297625660896301,recording_split,204,test
pd/fisp_018_test1_trial1_w000.npy,fisp_018,fisp_018|test1|trial1,1,0.7026410102844238,recording_split,204,test
pd/fisp_018_test1_trial1_w001.npy,fisp_018,fisp_018|test1|trial1,1,0.7596635818481445,recording_split,204,test
pd/fisp_018_test1_trial1_w002.npy,fisp_018,fisp_018|test1|trial1,1,0.7479239702224731,recording_split,204,test
pd/fisp_018_test1_trial1_w003.npy,fisp_018,fisp_018|test1|trial1,1,0.7265497446060181,recording_split,204,test
pd/fisp_018_test1_trial1_w004.npy,fisp_018,fisp_018|test1|trial1,1,0.7102193832397461,recording_split,204,test
pd/fisp_018_test1_trial1_w005.npy,fisp_018,fisp_018|test1|trial1,1,0.7726337313652039,recording_split,204,test
pd/fisp_018_test1_trial1_w006.npy,fisp_018,fisp_018|test1|trial1,1,0.7607980966567993,recording_split,204,test
pd/fisp_018_test1_trial1_w007.npy,fisp_018,fisp_018|test1|trial1,1,0.7414546012878418,recording_split,204,test
pd/fisp_018_test1_trial1_w008.npy,fisp_018,fisp_018|test1|trial1,1,0.7007803916931152,recording_split,204,test
pd/fisp_018_test1_trial1_w009.npy,fisp_018,fisp_018|test1|trial1,1,0.6823822259902954,recording_split,204,test
pd/fisp_018_test2_trial3_w000.npy,fisp_018,fisp_018|test2|trial3,1,0.6390241980552673,recording_split,204,test
pd/fisp_018_test2_trial3_w001.npy,fisp_018,fisp_018|test2|trial3,1,0.6236685514450073,recording_split,204,test
pd/fisp_018_test2_trial3_w002.npy,fisp_018,fisp_018|test2|trial3,1,0.5975975394248962,recording_split,204,test
pd/fisp_024_test2_trial2_w000.npy,fisp_024,fisp_024|test2|trial2,1,0.7142982482910156,recording_split,204,test
pd/fisp_024_test2_trial2_w001.npy,fisp_024,fisp_024|test2|trial2,1,0.6670714020729065,recording_split,204,test
pd/fisp_024_test2_trial2_w002.npy,fisp_024,fisp_024|test2|trial2,1,0.6334001421928406,recording_split,204,test
pd/fisp_024_test2_trial2_w003.npy,fisp_024,fisp_024|test2|trial2,1,0.5729688405990601,recording_split,204,test
pd/fisp_026_test2_trial3_w000.npy,fisp_026,fisp_026|test2|trial3,1,0.7612824440002441,recording_split,204,test
pd/fisp_026_test2_trial3_w001.npy,fisp_026,fisp_026|test2|trial3,1,0.7166266441345215,recording_split,204,test
pd/fisp_026_test2_trial3_w002.npy,fisp_026,fisp_026|test2|trial3,1,0.5804376602172852,recording_split,204,test
pd/fisp_026_test2_trial3_w003.npy,fisp_026,fisp_026|test2|trial3,1,0.5881074070930481,recording_split,204,test
pd/fisp_026_test2_trial3_w004.npy,fisp_026,fisp_026|test2|trial3,1,0.6097119450569153,recording_split,204,test
pd/fisp_026_test2_trial3_w005.npy,fisp_026,fisp_026|test2|trial3,1,0.6326601505279541,recording_split,204,test
pd/fisp_026_test2_trial3_w006.npy,fisp_026,fisp_026|test2|trial3,1,0.7331848740577698,recording_split,204,test
pd/fisp_026_test2_trial3_w007.npy,fisp_026,fisp_026|test2|trial3,1,0.7843152284622192,recording_split,204,test
pd/fisp_026_test2_trial3_w008.npy,fisp_026,fisp_026|test2|trial3,1,0.7739957571029663,recording_split,204,test
pd/fisp_029_test2_trial1_w000.npy,fisp_029,fisp_029|test2|trial1,1,0.6582385301589966,recording_split,204,test
pd/fisp_029_test2_trial1_w001.npy,fisp_029,fisp_029|test2|trial1,1,0.6280051469802856,recording_split,204,test
pd/fisp_029_test2_trial1_w002.npy,fisp_029,fisp_029|test2|trial1,1,0.6283721923828125,recording_split,204,test
pd/fisp_029_test2_trial2_w000.npy,fisp_029,fisp_029|test2|trial2,1,0.6436137557029724,recording_split,204,test
pd/fisp_029_test2_trial2_w001.npy,fisp_029,fisp_029|test2|trial2,1,0.5437524914741516,recording_split,204,test
pd/fisp_029_test2_trial2_w002.npy,fisp_029,fisp_029|test2|trial2,1,0.6064890027046204,recording_split,204,test
pd/fisp_029_test2_trial2_w003.npy,fisp_029,fisp_029|test2|trial2,1,0.6821668148040771,recording_split,204,test
pd/fisp_030_test1_trial1_w000.npy,fisp_030,fisp_030|test1|trial1,1,0.74697345495224,recording_split,204,test
pd/fisp_030_test1_trial1_w001.npy,fisp_030,fisp_030|test1|trial1,1,0.6945029497146606,recording_split,204,test
pd/fisp_030_test1_trial1_w002.npy,fisp_030,fisp_030|test1|trial1,1,0.7743716835975647,recording_split,204,test
pd/fisp_030_test1_trial1_w003.npy,fisp_030,fisp_030|test1|trial1,1,0.6545865535736084,recording_split,204,test
pd/fisp_030_test1_trial1_w004.npy,fisp_030,fisp_030|test1|trial1,1,0.6924160122871399,recording_split,204,test
pd/fisp_031_test2_trial2_w000.npy,fisp_031,fisp_031|test2|trial2,1,0.5756007432937622,recording_split,204,test
pd/fisp_031_test2_trial2_w001.npy,fisp_031,fisp_031|test2|trial2,1,0.5570520758628845,recording_split,204,test
pd/fisp_031_test2_trial2_w002.npy,fisp_031,fisp_031|test2|trial2,1,0.5503670573234558,recording_split,204,test
pd/fisp_040_test1_trial2_w000.npy,fisp_040,fisp_040|test1|trial2,1,0.6372053027153015,recording_split,204,test
pd/fisp_040_test1_trial2_w001.npy,fisp_040,fisp_040|test1|trial2,1,0.6207672357559204,recording_split,204,test
pd/fisp_040_test1_trial2_w002.npy,fisp_040,fisp_040|test1|trial2,1,0.7985489368438721,recording_split,204,test
pd/fisp_040_test1_trial2_w003.npy,fisp_040,fisp_040|test1|trial2,1,0.5681850910186768,recording_split,204,test
pd/fisp_040_test1_trial2_w004.npy,fisp_040,fisp_040|test1|trial2,1,0.6661696434020996,recording_split,204,test
pd/fisp_049_test1_trial1_w000.npy,fisp_049,fisp_049|test1|trial1,1,0.3607262969017029,recording_split,204,test
pd/fisp_049_test1_trial1_w001.npy,fisp_049,fisp_049|test1|trial1,1,0.5144758224487305,recording_split,204,test
pd/fisp_049_test1_trial1_w002.npy,fisp_049,fisp_049|test1|trial1,1,0.5040112733840942,recording_split,204,test
pd/fisp_049_test1_trial1_w003.npy,fisp_049,fisp_049|test1|trial1,1,0.3866908848285675,recording_split,204,test
pd/fisp_049_test1_trial1_w004.npy,fisp_049,fisp_049|test1|trial1,1,0.5734801888465881,recording_split,204,test
pd/fisp_051_test1_trial1_w000.npy,fisp_051,fisp_051|test1|trial1,1,0.462137907743454,recording_split,204,test
pd/fisp_051_test1_trial1_w001.npy,fisp_051,fisp_051|test1|trial1,1,0.6825395822525024,recording_split,204,test
pd/fisp_051_test1_trial1_w002.npy,fisp_051,fisp_051|test1|trial1,1,0.6552797555923462,recording_split,204,test
pd/fisp_051_test1_trial1_w003.npy,fisp_051,fisp_051|test1|trial1,1,0.7018300890922546,recording_split,204,test
pd/fisp_051_test1_trial1_w004.npy,fisp_051,fisp_051|test1|trial1,1,0.5189579129219055,recording_split,204,test
pd/fisp_051_test1_trial1_w005.npy,fisp_051,fisp_051|test1|trial1,1,0.7037767171859741,recording_split,204,test
pd/fisp_051_test1_trial1_w006.npy,fisp_051,fisp_051|test1|trial1,1,0.8288935422897339,recording_split,204,test
pd/fisp_051_test1_trial1_w007.npy,fisp_051,fisp_051|test1|trial1,1,0.785869836807251,recording_split,204,test
pd/fisp_051_test1_trial1_w008.npy,fisp_051,fisp_051|test1|trial1,1,0.6215454339981079,recording_split,204,test
pd/fisp_051_test2_trial3_w000.npy,fisp_051,fisp_051|test2|trial3,1,0.5288854837417603,recording_split,204,test
pd/fisp_051_test2_trial3_w001.npy,fisp_051,fisp_051|test2|trial3,1,0.49456411600112915,recording_split,204,test
pd/fisp_051_test2_trial3_w002.npy,fisp_051,fisp_051|test2|trial3,1,0.49291783571243286,recording_split,204,test
pd/fisp_051_test2_trial3_w003.npy,fisp_051,fisp_051|test2|trial3,1,0.6671796441078186,recording_split,204,test
pd/fisp_051_test2_trial3_w004.npy,fisp_051,fisp_051|test2|trial3,1,0.6276804804801941,recording_split,204,test
pd/fisp_051_test2_trial3_w005.npy,fisp_051,fisp_051|test2|trial3,1,0.7154741883277893,recording_split,204,test
pd/fisp_052_test1_trial2_w000.npy,fisp_052,fisp_052|test1|trial2,1,0.23196466267108917,recording_split,204,test
pd/fisp_052_test1_trial2_w001.npy,fisp_052,fisp_052|test1|trial2,1,0.1299082189798355,recording_split,204,test
pd/fisp_052_test1_trial2_w002.npy,fisp_052,fisp_052|test1|trial2,1,0.13162802159786224,recording_split,204,test
pd/fisp_052_test1_trial2_w003.npy,fisp_052,fisp_052|test1|trial2,1,0.15291917324066162,recording_split,204,test
pd/fisp_052_test1_trial3_w000.npy,fisp_052,fisp_052|test1|trial3,1,0.11552733927965164,recording_split,204,test
pd/fisp_052_test1_trial3_w001.npy,fisp_052,fisp_052|test1|trial3,1,0.15001429617404938,recording_split,204,test
pd/fisp_052_test1_trial3_w002.npy,fisp_052,fisp_052|test1|trial3,1,0.1724352389574051,recording_split,204,test
pd/fisp_052_test1_trial3_w003.npy,fisp_052,fisp_052|test1|trial3,1,0.08528227359056473,recording_split,204,test
control/fisc_005_test2_trial2_w000.npy,fisc_005,fisc_005|test2|trial2,0,0.7740663886070251,recording_split,205,test
control/fisc_005_test2_trial2_w001.npy,fisc_005,fisc_005|test2|trial2,0,0.7101708650588989,recording_split,205,test
control/fisc_005_test2_trial2_w002.npy,fisc_005,fisc_005|test2|trial2,0,0.7367486357688904,recording_split,205,test
control/fisc_006_test2_trial3_w000.npy,fisc_006,fisc_006|test2|trial3,0,0.8542969226837158,recording_split,205,test
control/fisc_006_test2_trial3_w001.npy,fisc_006,fisc_006|test2|trial3,0,0.7241386771202087,recording_split,205,test
control/fisc_006_test2_trial3_w002.npy,fisc_006,fisc_006|test2|trial3,0,0.7568638324737549,recording_split,205,test
control/fisc_006_test2_trial3_w003.npy,fisc_006,fisc_006|test2|trial3,0,0.7558302879333496,recording_split,205,test
control/fisc_007_test2_trial2_w000.npy,fisc_007,fisc_007|test2|trial2,0,0.6264156699180603,recording_split,205,test
control/fisc_007_test2_trial2_w001.npy,fisc_007,fisc_007|test2|trial2,0,0.6975686550140381,recording_split,205,test
control/fisc_007_test2_trial2_w002.npy,fisc_007,fisc_007|test2|trial2,0,0.6764604449272156,recording_split,205,test
control/fisc_010_test1_trial1_w000.npy,fisc_010,fisc_010|test1|trial1,0,0.8027447462081909,recording_split,205,test
control/fisc_010_test1_trial1_w001.npy,fisc_010,fisc_010|test1|trial1,0,0.7801056504249573,recording_split,205,test
control/fisc_010_test1_trial1_w002.npy,fisc_010,fisc_010|test1|trial1,0,0.7026679515838623,recording_split,205,test
control/fisc_010_test1_trial1_w003.npy,fisc_010,fisc_010|test1|trial1,0,0.6475734114646912,recording_split,205,test
control/fisc_010_test1_trial1_w004.npy,fisc_010,fisc_010|test1|trial1,0,0.7265133261680603,recording_split,205,test
control/fisc_010_test1_trial1_w005.npy,fisc_010,fisc_010|test1|trial1,0,0.7854028344154358,recording_split,205,test
control/fisc_010_test1_trial1_w006.npy,fisc_010,fisc_010|test1|trial1,0,0.871349573135376,recording_split,205,test
control/fisc_012_test1_trial1_w000.npy,fisc_012,fisc_012|test1|trial1,0,0.8552367091178894,recording_split,205,test
control/fisc_012_test1_trial1_w001.npy,fisc_012,fisc_012|test1|trial1,0,0.8157920837402344,recording_split,205,test
control/fisc_012_test1_trial1_w002.npy,fisc_012,fisc_012|test1|trial1,0,0.7621540427207947,recording_split,205,test
control/fisc_012_test1_trial1_w003.npy,fisc_012,fisc_012|test1|trial1,0,0.6870842576026917,recording_split,205,test
control/fisc_012_test1_trial1_w004.npy,fisc_012,fisc_012|test1|trial1,0,0.8011731505393982,recording_split,205,test
control/fisc_012_test1_trial1_w005.npy,fisc_012,fisc_012|test1|trial1,0,0.838860034942627,recording_split,205,test
control/fisc_012_test1_trial1_w006.npy,fisc_012,fisc_012|test1|trial1,0,0.8693968057632446,recording_split,205,test
control/fisc_012_test1_trial1_w007.npy,fisc_012,fisc_012|test1|trial1,0,0.8027487993240356,recording_split,205,test
control/fisc_012_test1_trial1_w008.npy,fisc_012,fisc_012|test1|trial1,0,0.8572534918785095,recording_split,205,test
control/fisc_016_test1_trial2_w000.npy,fisc_016,fisc_016|test1|trial2,0,0.7894459962844849,recording_split,205,test
control/fisc_016_test1_trial2_w001.npy,fisc_016,fisc_016|test1|trial2,0,0.7930472493171692,recording_split,205,test
control/fisc_016_test1_trial2_w002.npy,fisc_016,fisc_016|test1|trial2,0,0.8342822790145874,recording_split,205,test
control/fisc_016_test1_trial2_w003.npy,fisc_016,fisc_016|test1|trial2,0,0.8097795844078064,recording_split,205,test
control/fisc_016_test1_trial2_w004.npy,fisc_016,fisc_016|test1|trial2,0,0.8422517776489258,recording_split,205,test
control/fisc_016_test1_trial2_w005.npy,fisc_016,fisc_016|test1|trial2,0,0.8352411985397339,recording_split,205,test
control/fisc_018_test2_trial1_w000.npy,fisc_018,fisc_018|test2|trial1,0,0.33436375856399536,recording_split,205,test
control/fisc_018_test2_trial1_w001.npy,fisc_018,fisc_018|test2|trial1,0,0.49898844957351685,recording_split,205,test
control/fisc_018_test2_trial1_w002.npy,fisc_018,fisc_018|test2|trial1,0,0.44306427240371704,recording_split,205,test
control/fisc_018_test2_trial1_w003.npy,fisc_018,fisc_018|test2|trial1,0,0.3325648903846741,recording_split,205,test
control/fisc_026_test2_trial1_w000.npy,fisc_026,fisc_026|test2|trial1,0,0.6890113949775696,recording_split,205,test
control/fisc_026_test2_trial1_w001.npy,fisc_026,fisc_026|test2|trial1,0,0.70635586977005,recording_split,205,test
control/fisc_026_test2_trial1_w002.npy,fisc_026,fisc_026|test2|trial1,0,0.7751955986022949,recording_split,205,test
control/fisc_026_test2_trial1_w003.npy,fisc_026,fisc_026|test2|trial1,0,0.6037473678588867,recording_split,205,test
control/fisc_029_test2_trial1_w000.npy,fisc_029,fisc_029|test2|trial1,0,0.41185450553894043,recording_split,205,test
control/fisc_029_test2_trial1_w001.npy,fisc_029,fisc_029|test2|trial1,0,0.6491879224777222,recording_split,205,test
control/fisc_029_test2_trial1_w002.npy,fisc_029,fisc_029|test2|trial1,0,0.4094548523426056,recording_split,205,test
control/fisc_029_test2_trial1_w003.npy,fisc_029,fisc_029|test2|trial1,0,0.16064201295375824,recording_split,205,test
control/fisc_029_test2_trial1_w004.npy,fisc_029,fisc_029|test2|trial1,0,0.24664953351020813,recording_split,205,test
control/fisc_029_test2_trial1_w005.npy,fisc_029,fisc_029|test2|trial1,0,0.7375180721282959,recording_split,205,test
control/fisc_031_test2_trial2_w000.npy,fisc_031,fisc_031|test2|trial2,0,0.4764535129070282,recording_split,205,test
control/fisc_031_test2_trial2_w001.npy,fisc_031,fisc_031|test2|trial2,0,0.3761390745639801,recording_split,205,test
control/fisc_031_test2_trial2_w002.npy,fisc_031,fisc_031|test2|trial2,0,0.401957631111145,recording_split,205,test
control/fisc_031_test2_trial2_w003.npy,fisc_031,fisc_031|test2|trial2,0,0.5253163576126099,recording_split,205,test
control/fisc_031_test2_trial3_w000.npy,fisc_031,fisc_031|test2|trial3,0,0.07240647077560425,recording_split,205,test
control/fisc_031_test2_trial3_w001.npy,fisc_031,fisc_031|test2|trial3,0,0.23840075731277466,recording_split,205,test
control/fisc_031_test2_trial3_w002.npy,fisc_031,fisc_031|test2|trial3,0,0.21238555014133453,recording_split,205,test
control/fisc_031_test2_trial3_w003.npy,fisc_031,fisc_031|test2|trial3,0,0.21518011391162872,recording_split,205,test
control/fisc_033_test1_trial3_w000.npy,fisc_033,fisc_033|test1|trial3,0,0.4401979446411133,recording_split,205,test
control/fisc_033_test1_trial3_w001.npy,fisc_033,fisc_033|test1|trial3,0,0.40355244278907776,recording_split,205,test
control/fisc_033_test1_trial3_w002.npy,fisc_033,fisc_033|test1|trial3,0,0.5525375604629517,recording_split,205,test
control/fisc_033_test1_trial3_w003.npy,fisc_033,fisc_033|test1|trial3,0,0.5205058455467224,recording_split,205,test
control/fisc_033_test1_trial3_w004.npy,fisc_033,fisc_033|test1|trial3,0,0.48783981800079346,recording_split,205,test
control/fisc_033_test1_trial3_w005.npy,fisc_033,fisc_033|test1|trial3,0,0.34387847781181335,recording_split,205,test
control/fisc_033_test1_trial3_w006.npy,fisc_033,fisc_033|test1|trial3,0,0.38778990507125854,recording_split,205,test
control/fisc_034_test1_trial3_w000.npy,fisc_034,fisc_034|test1|trial3,0,0.4053727686405182,recording_split,205,test
control/fisc_034_test1_trial3_w001.npy,fisc_034,fisc_034|test1|trial3,0,0.5948695540428162,recording_split,205,test
control/fisc_034_test1_trial3_w002.npy,fisc_034,fisc_034|test1|trial3,0,0.4653225243091583,recording_split,205,test
control/fisc_034_test1_trial3_w003.npy,fisc_034,fisc_034|test1|trial3,0,0.5364230275154114,recording_split,205,test
control/fisc_034_test1_trial3_w004.npy,fisc_034,fisc_034|test1|trial3,0,0.7496737241744995,recording_split,205,test
control/fisc_034_test1_trial3_w005.npy,fisc_034,fisc_034|test1|trial3,0,0.7376646399497986,recording_split,205,test
control/fisc_036_test2_trial1_w000.npy,fisc_036,fisc_036|test2|trial1,0,0.5355710387229919,recording_split,205,test
control/fisc_036_test2_trial1_w001.npy,fisc_036,fisc_036|test2|trial1,0,0.47251930832862854,recording_split,205,test
control/fisc_036_test2_trial1_w002.npy,fisc_036,fisc_036|test2|trial1,0,0.4756401479244232,recording_split,205,test
control/fisc_036_test2_trial1_w003.npy,fisc_036,fisc_036|test2|trial1,0,0.28552037477493286,recording_split,205,test
control/fisc_039_test2_trial1_w000.npy,fisc_039,fisc_039|test2|trial1,0,0.31075817346572876,recording_split,205,test
control/fisc_039_test2_trial1_w001.npy,fisc_039,fisc_039|test2|trial1,0,0.2733129858970642,recording_split,205,test
control/fisc_039_test2_trial1_w002.npy,fisc_039,fisc_039|test2|trial1,0,0.4509105384349823,recording_split,205,test
control/fisc_041_test1_trial2_w000.npy,fisc_041,fisc_041|test1|trial2,0,0.2758621573448181,recording_split,205,test
control/fisc_041_test1_trial2_w001.npy,fisc_041,fisc_041|test1|trial2,0,0.4931662976741791,recording_split,205,test
control/fisc_041_test1_trial2_w002.npy,fisc_041,fisc_041|test1|trial2,0,0.5728728175163269,recording_split,205,test
control/fisc_041_test1_trial2_w003.npy,fisc_041,fisc_041|test1|trial2,0,0.43706804513931274,recording_split,205,test
control/fisc_041_test1_trial2_w004.npy,fisc_041,fisc_041|test1|trial2,0,0.4399769604206085,recording_split,205,test
control/fisc_041_test1_trial2_w005.npy,fisc_041,fisc_041|test1|trial2,0,0.5059771537780762,recording_split,205,test
control/fisc_041_test1_trial2_w006.npy,fisc_041,fisc_041|test1|trial2,0,0.392849326133728,recording_split,205,test
control/fisc_041_test1_trial2_w007.npy,fisc_041,fisc_041|test1|trial2,0,0.3507881760597229,recording_split,205,test
control/fisc_041_test1_trial2_w008.npy,fisc_041,fisc_041|test1|trial2,0,0.17562854290008545,recording_split,205,test
control/fisc_041_test2_trial1_w000.npy,fisc_041,fisc_041|test2|trial1,0,0.3986295759677887,recording_split,205,test
control/fisc_041_test2_trial1_w001.npy,fisc_041,fisc_041|test2|trial1,0,0.7536904811859131,recording_split,205,test
control/fisc_041_test2_trial1_w002.npy,fisc_041,fisc_041|test2|trial1,0,0.8788851499557495,recording_split,205,test
control/fisc_041_test2_trial1_w003.npy,fisc_041,fisc_041|test2|trial1,0,0.8501920700073242,recording_split,205,test
control/fisc_041_test2_trial1_w004.npy,fisc_041,fisc_041|test2|trial1,0,0.8024215698242188,recording_split,205,test
control/fisc_041_test2_trial1_w005.npy,fisc_041,fisc_041|test2|trial1,0,0.7026198506355286,recording_split,205,test
control/fisc_042_test2_trial3_w000.npy,fisc_042,fisc_042|test2|trial3,0,0.1254393309354782,recording_split,205,test
control/fisc_042_test2_trial3_w001.npy,fisc_042,fisc_042|test2|trial3,0,0.07499248534440994,recording_split,205,test
control/fisc_042_test2_trial3_w002.npy,fisc_042,fisc_042|test2|trial3,0,0.29137349128723145,recording_split,205,test
control/fisc_043_test2_trial1_w000.npy,fisc_043,fisc_043|test2|trial1,0,0.4254930317401886,recording_split,205,test
control/fisc_043_test2_trial1_w001.npy,fisc_043,fisc_043|test2|trial1,0,0.17420357465744019,recording_split,205,test
control/fisc_043_test2_trial1_w002.npy,fisc_043,fisc_043|test2|trial1,0,0.3165578246116638,recording_split,205,test
control/fisc_044_test1_trial2_w000.npy,fisc_044,fisc_044|test1|trial2,0,0.18037500977516174,recording_split,205,test
control/fisc_044_test1_trial2_w001.npy,fisc_044,fisc_044|test1|trial2,0,0.2877348065376282,recording_split,205,test
control/fisc_044_test1_trial2_w002.npy,fisc_044,fisc_044|test1|trial2,0,0.3570905029773712,recording_split,205,test
control/fisc_044_test1_trial2_w003.npy,fisc_044,fisc_044|test1|trial2,0,0.46438321471214294,recording_split,205,test
control/fisc_044_test1_trial2_w004.npy,fisc_044,fisc_044|test1|trial2,0,0.2708926796913147,recording_split,205,test
control/fisc_044_test1_trial2_w005.npy,fisc_044,fisc_044|test1|trial2,0,0.1967540681362152,recording_split,205,test
control/fisc_045_test1_trial1_w000.npy,fisc_045,fisc_045|test1|trial1,0,0.264954537153244,recording_split,205,test
control/fisc_045_test1_trial1_w001.npy,fisc_045,fisc_045|test1|trial1,0,0.34780001640319824,recording_split,205,test
control/fisc_045_test1_trial1_w002.npy,fisc_045,fisc_045|test1|trial1,0,0.4945962131023407,recording_split,205,test
control/fisc_045_test1_trial1_w003.npy,fisc_045,fisc_045|test1|trial1,0,0.42860540747642517,recording_split,205,test
control/fisc_045_test1_trial1_w004.npy,fisc_045,fisc_045|test1|trial1,0,0.24326147139072418,recording_split,205,test
control/fisc_045_test2_trial2_w000.npy,fisc_045,fisc_045|test2|trial2,0,0.7055956125259399,recording_split,205,test
control/fisc_045_test2_trial2_w001.npy,fisc_045,fisc_045|test2|trial2,0,0.6342167854309082,recording_split,205,test
control/fisc_045_test2_trial2_w002.npy,fisc_045,fisc_045|test2|trial2,0,0.5119673609733582,recording_split,205,test
control/fisc_045_test2_trial2_w003.npy,fisc_045,fisc_045|test2|trial2,0,0.2632542848587036,recording_split,205,test
control/fisc_046_test2_trial3_w000.npy,fisc_046,fisc_046|test2|trial3,0,0.09949450194835663,recording_split,205,test
control/fisc_046_test2_trial3_w001.npy,fisc_046,fisc_046|test2|trial3,0,0.08705298602581024,recording_split,205,test
control/fisc_046_test2_trial3_w002.npy,fisc_046,fisc_046|test2|trial3,0,0.18307045102119446,recording_split,205,test
control/fisc_047_test2_trial2_w000.npy,fisc_047,fisc_047|test2|trial2,0,0.39682042598724365,recording_split,205,test
control/fisc_047_test2_trial2_w001.npy,fisc_047,fisc_047|test2|trial2,0,0.15033002197742462,recording_split,205,test
control/fisc_047_test2_trial2_w002.npy,fisc_047,fisc_047|test2|trial2,0,0.49063798785209656,recording_split,205,test
control/fisc_047_test2_trial2_w003.npy,fisc_047,fisc_047|test2|trial2,0,0.5011981129646301,recording_split,205,test
control/fisc_048_test1_trial1_w000.npy,fisc_048,fisc_048|test1|trial1,0,0.18083824217319489,recording_split,205,test
control/fisc_048_test1_trial1_w001.npy,fisc_048,fisc_048|test1|trial1,0,0.24842078983783722,recording_split,205,test
control/fisc_048_test1_trial1_w002.npy,fisc_048,fisc_048|test1|trial1,0,0.5462930798530579,recording_split,205,test
control/fisc_048_test1_trial1_w003.npy,fisc_048,fisc_048|test1|trial1,0,0.3509335517883301,recording_split,205,test
control/fisc_048_test1_trial1_w004.npy,fisc_048,fisc_048|test1|trial1,0,0.25654566287994385,recording_split,205,test
control/fisc_048_test2_trial3_w000.npy,fisc_048,fisc_048|test2|trial3,0,0.15302297472953796,recording_split,205,test
control/fisc_048_test2_trial3_w001.npy,fisc_048,fisc_048|test2|trial3,0,0.5317140817642212,recording_split,205,test
control/fisc_048_test2_trial3_w002.npy,fisc_048,fisc_048|test2|trial3,0,0.5145838856697083,recording_split,205,test
control/fisc_048_test2_trial3_w003.npy,fisc_048,fisc_048|test2|trial3,0,0.2810403108596802,recording_split,205,test
control/fisc_049_test2_trial2_w000.npy,fisc_049,fisc_049|test2|trial2,0,0.40132156014442444,recording_split,205,test
control/fisc_049_test2_trial2_w001.npy,fisc_049,fisc_049|test2|trial2,0,0.5317589044570923,recording_split,205,test
control/fisc_049_test2_trial2_w002.npy,fisc_049,fisc_049|test2|trial2,0,0.577964186668396,recording_split,205,test
control/fisc_049_test2_trial2_w003.npy,fisc_049,fisc_049|test2|trial2,0,0.2620111405849457,recording_split,205,test
control/fisc_050_test1_trial2_w000.npy,fisc_050,fisc_050|test1|trial2,0,0.3333848714828491,recording_split,205,test
control/fisc_050_test1_trial2_w001.npy,fisc_050,fisc_050|test1|trial2,0,0.217141255736351,recording_split,205,test
control/fisc_050_test1_trial2_w002.npy,fisc_050,fisc_050|test1|trial2,0,0.3495147228240967,recording_split,205,test
control/fisc_050_test1_trial2_w003.npy,fisc_050,fisc_050|test1|trial2,0,0.5073423981666565,recording_split,205,test
control/fisc_050_test1_trial2_w004.npy,fisc_050,fisc_050|test1|trial2,0,0.4104578197002411,recording_split,205,test
control/fisc_050_test1_trial2_w005.npy,fisc_050,fisc_050|test1|trial2,0,0.2717731297016144,recording_split,205,test
control/fisc_050_test2_trial2_w000.npy,fisc_050,fisc_050|test2|trial2,0,0.31367069482803345,recording_split,205,test
control/fisc_050_test2_trial2_w001.npy,fisc_050,fisc_050|test2|trial2,0,0.5094625949859619,recording_split,205,test
control/fisc_050_test2_trial2_w002.npy,fisc_050,fisc_050|test2|trial2,0,0.5256944298744202,recording_split,205,test
control/fisc_050_test2_trial2_w003.npy,fisc_050,fisc_050|test2|trial2,0,0.2071213573217392,recording_split,205,test
control/fisc_050_test2_trial2_w004.npy,fisc_050,fisc_050|test2|trial2,0,0.1535256803035736,recording_split,205,test
control/fisc_074_test2_trial2_w000.npy,fisc_074,fisc_074|test2|trial2,0,0.2803475558757782,recording_split,205,test
control/fisc_074_test2_trial2_w001.npy,fisc_074,fisc_074|test2|trial2,0,0.20425255596637726,recording_split,205,test
control/fisc_074_test2_trial2_w002.npy,fisc_074,fisc_074|test2|trial2,0,0.24686585366725922,recording_split,205,test
control/fisc_074_test2_trial2_w003.npy,fisc_074,fisc_074|test2|trial2,0,0.2745458483695984,recording_split,205,test
pd/fisp_013_test1_trial2_w000.npy,fisp_013,fisp_013|test1|trial2,1,0.8201419711112976,recording_split,205,test
pd/fisp_013_test1_trial2_w001.npy,fisp_013,fisp_013|test1|trial2,1,0.8530176281929016,recording_split,205,test
pd/fisp_013_test1_trial2_w002.npy,fisp_013,fisp_013|test1|trial2,1,0.7993077039718628,recording_split,205,test
pd/fisp_013_test1_trial2_w003.npy,fisp_013,fisp_013|test1|trial2,1,0.7011365294456482,recording_split,205,test
pd/fisp_013_test1_trial2_w004.npy,fisp_013,fisp_013|test1|trial2,1,0.673271119594574,recording_split,205,test
pd/fisp_013_test1_trial2_w005.npy,fisp_013,fisp_013|test1|trial2,1,0.8078671097755432,recording_split,205,test
pd/fisp_013_test1_trial2_w006.npy,fisp_013,fisp_013|test1|trial2,1,0.8109946846961975,recording_split,205,test
pd/fisp_013_test1_trial2_w007.npy,fisp_013,fisp_013|test1|trial2,1,0.8111140727996826,recording_split,205,test
pd/fisp_013_test1_trial2_w008.npy,fisp_013,fisp_013|test1|trial2,1,0.7476847171783447,recording_split,205,test
pd/fisp_013_test2_trial2_w000.npy,fisp_013,fisp_013|test2|trial2,1,0.807022213935852,recording_split,205,test
pd/fisp_013_test2_trial2_w001.npy,fisp_013,fisp_013|test2|trial2,1,0.8082249760627747,recording_split,205,test
pd/fisp_013_test2_trial2_w002.npy,fisp_013,fisp_013|test2|trial2,1,0.7132468223571777,recording_split,205,test
pd/fisp_013_test2_trial2_w003.npy,fisp_013,fisp_013|test2|trial2,1,0.7001474499702454,recording_split,205,test
pd/fisp_013_test2_trial2_w004.npy,fisp_013,fisp_013|test2|trial2,1,0.7780811190605164,recording_split,205,test
pd/fisp_017_test2_trial3_w000.npy,fisp_017,fisp_017|test2|trial3,1,0.8662828803062439,recording_split,205,test
pd/fisp_017_test2_trial3_w001.npy,fisp_017,fisp_017|test2|trial3,1,0.7763126492500305,recording_split,205,test
pd/fisp_017_test2_trial3_w002.npy,fisp_017,fisp_017|test2|trial3,1,0.822165846824646,recording_split,205,test
pd/fisp_021_test1_trial1_w000.npy,fisp_021,fisp_021|test1|trial1,1,0.7925212979316711,recording_split,205,test
pd/fisp_021_test1_trial1_w001.npy,fisp_021,fisp_021|test1|trial1,1,0.787213146686554,recording_split,205,test
pd/fisp_021_test1_trial1_w002.npy,fisp_021,fisp_021|test1|trial1,1,0.7989388704299927,recording_split,205,test
pd/fisp_021_test1_trial1_w003.npy,fisp_021,fisp_021|test1|trial1,1,0.8264702558517456,recording_split,205,test
pd/fisp_022_test1_trial4_w000.npy,fisp_022,fisp_022|test1|trial4,1,0.7097312808036804,recording_split,205,test
pd/fisp_022_test1_trial4_w001.npy,fisp_022,fisp_022|test1|trial4,1,0.7092837691307068,recording_split,205,test
pd/fisp_022_test1_trial4_w002.npy,fisp_022,fisp_022|test1|trial4,1,0.6863817572593689,recording_split,205,test
pd/fisp_022_test1_trial4_w003.npy,fisp_022,fisp_022|test1|trial4,1,0.6621846556663513,recording_split,205,test
pd/fisp_022_test1_trial4_w004.npy,fisp_022,fisp_022|test1|trial4,1,0.5956614017486572,recording_split,205,test
pd/fisp_024_test2_trial3_w000.npy,fisp_024,fisp_024|test2|trial3,1,0.862541913986206,recording_split,205,test
pd/fisp_024_test2_trial3_w001.npy,fisp_024,fisp_024|test2|trial3,1,0.8495851159095764,recording_split,205,test
pd/fisp_024_test2_trial3_w002.npy,fisp_024,fisp_024|test2|trial3,1,0.8246544599533081,recording_split,205,test
pd/fisp_024_test2_trial3_w003.npy,fisp_024,fisp_024|test2|trial3,1,0.7963867783546448,recording_split,205,test
pd/fisp_025_test1_trial3_w000.npy,fisp_025,fisp_025|test1|trial3,1,0.8643357753753662,recording_split,205,test
pd/fisp_025_test1_trial3_w001.npy,fisp_025,fisp_025|test1|trial3,1,0.8209676742553711,recording_split,205,test
pd/fisp_025_test1_trial3_w002.npy,fisp_025,fisp_025|test1|trial3,1,0.804019570350647,recording_split,205,test
pd/fisp_025_test1_trial3_w003.npy,fisp_025,fisp_025|test1|trial3,1,0.7958710789680481,recording_split,205,test
pd/fisp_025_test1_trial3_w004.npy,fisp_025,fisp_025|test1|trial3,1,0.7434821724891663,recording_split,205,test
pd/fisp_027_test1_trial2_w000.npy,fisp_027,fisp_027|test1|trial2,1,0.8592032790184021,recording_split,205,test
pd/fisp_027_test1_trial2_w001.npy,fisp_027,fisp_027|test1|trial2,1,0.8030086159706116,recording_split,205,test
pd/fisp_027_test1_trial2_w002.npy,fisp_027,fisp_027|test1|trial2,1,0.8284545540809631,recording_split,205,test
pd/fisp_027_test1_trial2_w003.npy,fisp_027,fisp_027|test1|trial2,1,0.6992586851119995,recording_split,205,test
pd/fisp_027_test1_trial2_w004.npy,fisp_027,fisp_027|test1|trial2,1,0.7726492285728455,recording_split,205,test
pd/fisp_027_test1_trial2_w005.npy,fisp_027,fisp_027|test1|trial2,1,0.8253068923950195,recording_split,205,test
pd/fisp_027_test1_trial2_w006.npy,fisp_027,fisp_027|test1|trial2,1,0.8895379304885864,recording_split,205,test
pd/fisp_027_test1_trial2_w007.npy,fisp_027,fisp_027|test1|trial2,1,0.8896685242652893,recording_split,205,test
pd/fisp_027_test1_trial2_w008.npy,fisp_027,fisp_027|test1|trial2,1,0.887394368648529,recording_split,205,test
pd/fisp_029_test1_trial3_w000.npy,fisp_029,fisp_029|test1|trial3,1,0.7188152074813843,recording_split,205,test
pd/fisp_029_test1_trial3_w001.npy,fisp_029,fisp_029|test1|trial3,1,0.6911396980285645,recording_split,205,test
pd/fisp_029_test1_trial3_w002.npy,fisp_029,fisp_029|test1|trial3,1,0.687596321105957,recording_split,205,test
pd/fisp_029_test1_trial3_w003.npy,fisp_029,fisp_029|test1|trial3,1,0.7486581206321716,recording_split,205,test
pd/fisp_029_test1_trial3_w004.npy,fisp_029,fisp_029|test1|trial3,1,0.8374624848365784,recording_split,205,test
pd/fisp_029_test2_trial1_w000.npy,fisp_029,fisp_029|test2|trial1,1,0.7988367080688477,recording_split,205,test
pd/fisp_029_test2_trial1_w001.npy,fisp_029,fisp_029|test2|trial1,1,0.7638662457466125,recording_split,205,test
pd/fisp_029_test2_trial1_w002.npy,fisp_029,fisp_029|test2|trial1,1,0.7891689538955688,recording_split,205,test
pd/fisp_029_test2_trial2_w000.npy,fisp_029,fisp_029|test2|trial2,1,0.7525875568389893,recording_split,205,test
pd/fisp_029_test2_trial2_w001.npy,fisp_029,fisp_029|test2|trial2,1,0.6568359136581421,recording_split,205,test
pd/fisp_029_test2_trial2_w002.npy,fisp_029,fisp_029|test2|trial2,1,0.7625054121017456,recording_split,205,test
pd/fisp_029_test2_trial2_w003.npy,fisp_029,fisp_029|test2|trial2,1,0.8244782090187073,recording_split,205,test
pd/fisp_037_test2_trial3_w000.npy,fisp_037,fisp_037|test2|trial3,1,0.8175615072250366,recording_split,205,test
pd/fisp_037_test2_trial3_w001.npy,fisp_037,fisp_037|test2|trial3,1,0.7669253945350647,recording_split,205,test
pd/fisp_037_test2_trial3_w002.npy,fisp_037,fisp_037|test2|trial3,1,0.7554464936256409,recording_split,205,test
pd/fisp_042_test1_trial1_w000.npy,fisp_042,fisp_042|test1|trial1,1,0.6331857442855835,recording_split,205,test
pd/fisp_042_test1_trial1_w001.npy,fisp_042,fisp_042|test1|trial1,1,0.7517948150634766,recording_split,205,test
pd/fisp_042_test1_trial1_w002.npy,fisp_042,fisp_042|test1|trial1,1,0.7042524218559265,recording_split,205,test
pd/fisp_042_test1_trial1_w003.npy,fisp_042,fisp_042|test1|trial1,1,0.7490273714065552,recording_split,205,test
pd/fisp_042_test1_trial2_w000.npy,fisp_042,fisp_042|test1|trial2,1,0.5629672408103943,recording_split,205,test
pd/fisp_042_test1_trial2_w001.npy,fisp_042,fisp_042|test1|trial2,1,0.7689213752746582,recording_split,205,test
pd/fisp_042_test1_trial2_w002.npy,fisp_042,fisp_042|test1|trial2,1,0.8133308291435242,recording_split,205,test
pd/fisp_042_test1_trial2_w003.npy,fisp_042,fisp_042|test1|trial2,1,0.682167649269104,recording_split,205,test
pd/fisp_042_test1_trial2_w004.npy,fisp_042,fisp_042|test1|trial2,1,0.6387282013893127,recording_split,205,test
pd/fisp_042_test1_trial2_w005.npy,fisp_042,fisp_042|test1|trial2,1,0.502446711063385,recording_split,205,test
pd/fisp_042_test1_trial2_w006.npy,fisp_042,fisp_042|test1|trial2,1,0.6020275950431824,recording_split,205,test
pd/fisp_042_test1_trial2_w007.npy,fisp_042,fisp_042|test1|trial2,1,0.5707759857177734,recording_split,205,test
pd/fisp_044_test2_trial3_w000.npy,fisp_044,fisp_044|test2|trial3,1,0.575817883014679,recording_split,205,test
pd/fisp_044_test2_trial3_w001.npy,fisp_044,fisp_044|test2|trial3,1,0.4191059470176697,recording_split,205,test
pd/fisp_044_test2_trial3_w002.npy,fisp_044,fisp_044|test2|trial3,1,0.551859438419342,recording_split,205,test
pd/fisp_044_test2_trial3_w003.npy,fisp_044,fisp_044|test2|trial3,1,0.5134992599487305,recording_split,205,test
pd/fisp_044_test2_trial3_w004.npy,fisp_044,fisp_044|test2|trial3,1,0.593396782875061,recording_split,205,test
pd/fisp_045_test2_trial3_w000.npy,fisp_045,fisp_045|test2|trial3,1,0.32659733295440674,recording_split,205,test
pd/fisp_045_test2_trial3_w001.npy,fisp_045,fisp_045|test2|trial3,1,0.39150235056877136,recording_split,205,test
pd/fisp_045_test2_trial3_w002.npy,fisp_045,fisp_045|test2|trial3,1,0.5017327070236206,recording_split,205,test
pd/fisp_045_test2_trial3_w003.npy,fisp_045,fisp_045|test2|trial3,1,0.3931235074996948,recording_split,205,test
pd/fisp_048_test1_trial2_w000.npy,fisp_048,fisp_048|test1|trial2,1,0.6313327550888062,recording_split,205,test
pd/fisp_048_test1_trial2_w001.npy,fisp_048,fisp_048|test1|trial2,1,0.47850632667541504,recording_split,205,test
pd/fisp_048_test1_trial2_w002.npy,fisp_048,fisp_048|test1|trial2,1,0.2599048614501953,recording_split,205,test
pd/fisp_048_test1_trial2_w003.npy,fisp_048,fisp_048|test1|trial2,1,0.44890257716178894,recording_split,205,test
pd/fisp_048_test1_trial2_w004.npy,fisp_048,fisp_048|test1|trial2,1,0.5167545080184937,recording_split,205,test
pd/fisp_048_test1_trial2_w005.npy,fisp_048,fisp_048|test1|trial2,1,0.3424755036830902,recording_split,205,test
pd/fisp_048_test1_trial3_w000.npy,fisp_048,fisp_048|test1|trial3,1,0.6879695653915405,recording_split,205,test
pd/fisp_048_test1_trial3_w001.npy,fisp_048,fisp_048|test1|trial3,1,0.5765535235404968,recording_split,205,test
pd/fisp_048_test1_trial3_w002.npy,fisp_048,fisp_048|test1|trial3,1,0.4215124845504761,recording_split,205,test
pd/fisp_048_test1_trial3_w003.npy,fisp_048,fisp_048|test1|trial3,1,0.5065443515777588,recording_split,205,test
pd/fisp_048_test1_trial3_w004.npy,fisp_048,fisp_048|test1|trial3,1,0.5553330779075623,recording_split,205,test
pd/fisp_048_test2_trial3_w000.npy,fisp_048,fisp_048|test2|trial3,1,0.5296604633331299,recording_split,205,test
pd/fisp_048_test2_trial3_w001.npy,fisp_048,fisp_048|test2|trial3,1,0.3580612540245056,recording_split,205,test
pd/fisp_048_test2_trial3_w002.npy,fisp_048,fisp_048|test2|trial3,1,0.4246840476989746,recording_split,205,test
pd/fisp_048_test2_trial3_w003.npy,fisp_048,fisp_048|test2|trial3,1,0.432774156332016,recording_split,205,test
pd/fisp_049_test1_trial1_w000.npy,fisp_049,fisp_049|test1|trial1,1,0.4873848259449005,recording_split,205,test
pd/fisp_049_test1_trial1_w001.npy,fisp_049,fisp_049|test1|trial1,1,0.5677868127822876,recording_split,205,test
pd/fisp_049_test1_trial1_w002.npy,fisp_049,fisp_049|test1|trial1,1,0.543028712272644,recording_split,205,test
pd/fisp_049_test1_trial1_w003.npy,fisp_049,fisp_049|test1|trial1,1,0.5097790360450745,recording_split,205,test
pd/fisp_049_test1_trial1_w004.npy,fisp_049,fisp_049|test1|trial1,1,0.6958522200584412,recording_split,205,test
pd/fisp_049_test1_trial3_w000.npy,fisp_049,fisp_049|test1|trial3,1,0.5521449446678162,recording_split,205,test
pd/fisp_049_test1_trial3_w001.npy,fisp_049,fisp_049|test1|trial3,1,0.4986274540424347,recording_split,205,test
pd/fisp_049_test1_trial3_w002.npy,fisp_049,fisp_049|test1|trial3,1,0.4430408775806427,recording_split,205,test
pd/fisp_049_test1_trial3_w003.npy,fisp_049,fisp_049|test1|trial3,1,0.4370538294315338,recording_split,205,test
pd/fisp_049_test1_trial3_w004.npy,fisp_049,fisp_049|test1|trial3,1,0.6687166094779968,recording_split,205,test
pd/fisp_052_test1_trial1_w000.npy,fisp_052,fisp_052|test1|trial1,1,0.28754711151123047,recording_split,205,test
pd/fisp_052_test1_trial1_w001.npy,fisp_052,fisp_052|test1|trial1,1,0.367714524269104,recording_split,205,test
pd/fisp_052_test1_trial1_w002.npy,fisp_052,fisp_052|test1|trial1,1,0.27118340134620667,recording_split,205,test
pd/fisp_052_test1_trial1_w003.npy,fisp_052,fisp_052|test1|trial1,1,0.28806373476982117,recording_split,205,test
pd/fisp_052_test2_trial3_w000.npy,fisp_052,fisp_052|test2|trial3,1,0.2530757188796997,recording_split,205,test
pd/fisp_052_test2_trial3_w001.npy,fisp_052,fisp_052|test2|trial3,1,0.35745543241500854,recording_split,205,test
pd/fisp_052_test2_trial3_w002.npy,fisp_052,fisp_052|test2|trial3,1,0.3717168867588043,recording_split,205,test
control/fisc_007_test1_trial3_w000.npy,fisc_007,fisc_007|test1|trial3,0,0.6304206848144531,collapse_test,301,test
control/fisc_007_test1_trial3_w001.npy,fisc_007,fisc_007|test1|trial3,0,0.3962608873844147,collapse_test,301,test
control/fisc_007_test1_trial3_w002.npy,fisc_007,fisc_007|test1|trial3,0,0.4746297597885132,collapse_test,301,test
control/fisc_012_test1_trial2_w000.npy,fisc_012,fisc_012|test1|trial2,0,0.7605092525482178,collapse_test,301,test
control/fisc_012_test1_trial2_w001.npy,fisc_012,fisc_012|test1|trial2,0,0.7440186142921448,collapse_test,301,test
control/fisc_012_test1_trial2_w002.npy,fisc_012,fisc_012|test1|trial2,0,0.7161253690719604,collapse_test,301,test
control/fisc_012_test1_trial2_w003.npy,fisc_012,fisc_012|test1|trial2,0,0.8440586924552917,collapse_test,301,test
control/fisc_012_test1_trial2_w004.npy,fisc_012,fisc_012|test1|trial2,0,0.8259598016738892,collapse_test,301,test
control/fisc_012_test1_trial2_w005.npy,fisc_012,fisc_012|test1|trial2,0,0.7955604195594788,collapse_test,301,test
control/fisc_012_test1_trial2_w006.npy,fisc_012,fisc_012|test1|trial2,0,0.750080406665802,collapse_test,301,test
control/fisc_012_test1_trial2_w007.npy,fisc_012,fisc_012|test1|trial2,0,0.8685157299041748,collapse_test,301,test
control/fisc_012_test1_trial2_w008.npy,fisc_012,fisc_012|test1|trial2,0,0.8339661955833435,collapse_test,301,test
control/fisc_018_test1_trial1_w000.npy,fisc_018,fisc_018|test1|trial1,0,0.1419004648923874,collapse_test,301,test
control/fisc_018_test1_trial1_w001.npy,fisc_018,fisc_018|test1|trial1,0,0.21230195462703705,collapse_test,301,test
control/fisc_018_test1_trial1_w002.npy,fisc_018,fisc_018|test1|trial1,0,0.16945523023605347,collapse_test,301,test
control/fisc_018_test1_trial1_w003.npy,fisc_018,fisc_018|test1|trial1,0,0.41831809282302856,collapse_test,301,test
control/fisc_018_test1_trial1_w004.npy,fisc_018,fisc_018|test1|trial1,0,0.353732705116272,collapse_test,301,test
control/fisc_018_test1_trial2_w000.npy,fisc_018,fisc_018|test1|trial2,0,0.07501430809497833,collapse_test,301,test
control/fisc_018_test1_trial2_w001.npy,fisc_018,fisc_018|test1|trial2,0,0.10308156162500381,collapse_test,301,test
control/fisc_018_test1_trial2_w002.npy,fisc_018,fisc_018|test1|trial2,0,0.3152107894420624,collapse_test,301,test
control/fisc_018_test1_trial2_w003.npy,fisc_018,fisc_018|test1|trial2,0,0.46283435821533203,collapse_test,301,test
control/fisc_018_test1_trial2_w004.npy,fisc_018,fisc_018|test1|trial2,0,0.15815411508083344,collapse_test,301,test
control/fisc_018_test1_trial2_w005.npy,fisc_018,fisc_018|test1|trial2,0,0.10009998083114624,collapse_test,301,test
control/fisc_018_test2_trial3_w000.npy,fisc_018,fisc_018|test2|trial3,0,0.0852769985795021,collapse_test,301,test
control/fisc_018_test2_trial3_w001.npy,fisc_018,fisc_018|test2|trial3,0,0.1753125637769699,collapse_test,301,test
control/fisc_018_test2_trial3_w002.npy,fisc_018,fisc_018|test2|trial3,0,0.15940922498703003,collapse_test,301,test
control/fisc_020_test1_trial2_w000.npy,fisc_020,fisc_020|test1|trial2,0,0.41988739371299744,collapse_test,301,test
control/fisc_020_test1_trial2_w001.npy,fisc_020,fisc_020|test1|trial2,0,0.2471257597208023,collapse_test,301,test
control/fisc_020_test1_trial2_w002.npy,fisc_020,fisc_020|test1|trial2,0,0.47351133823394775,collapse_test,301,test
control/fisc_020_test1_trial2_w003.npy,fisc_020,fisc_020|test1|trial2,0,0.547724187374115,collapse_test,301,test
control/fisc_020_test1_trial3_w000.npy,fisc_020,fisc_020|test1|trial3,0,0.5317496061325073,collapse_test,301,test
control/fisc_020_test1_trial3_w001.npy,fisc_020,fisc_020|test1|trial3,0,0.28063374757766724,collapse_test,301,test
control/fisc_020_test1_trial3_w002.npy,fisc_020,fisc_020|test1|trial3,0,0.5284398794174194,collapse_test,301,test
control/fisc_020_test1_trial3_w003.npy,fisc_020,fisc_020|test1|trial3,0,0.5368205904960632,collapse_test,301,test
control/fisc_020_test2_trial3_w000.npy,fisc_020,fisc_020|test2|trial3,0,0.6938117742538452,collapse_test,301,test
control/fisc_020_test2_trial3_w001.npy,fisc_020,fisc_020|test2|trial3,0,0.4284527003765106,collapse_test,301,test
control/fisc_020_test2_trial3_w002.npy,fisc_020,fisc_020|test2|trial3,0,0.4155043661594391,collapse_test,301,test
control/fisc_031_test1_trial3_w000.npy,fisc_031,fisc_031|test1|trial3,0,0.17897911369800568,collapse_test,301,test
control/fisc_031_test1_trial3_w001.npy,fisc_031,fisc_031|test1|trial3,0,0.12383988499641418,collapse_test,301,test
control/fisc_031_test1_trial3_w002.npy,fisc_031,fisc_031|test1|trial3,0,0.11802288144826889,collapse_test,301,test
control/fisc_031_test1_trial3_w003.npy,fisc_031,fisc_031|test1|trial3,0,0.17681574821472168,collapse_test,301,test
control/fisc_031_test1_trial3_w004.npy,fisc_031,fisc_031|test1|trial3,0,0.09916256368160248,collapse_test,301,test
control/fisc_032_test1_trial2_w000.npy,fisc_032,fisc_032|test1|trial2,0,0.12982864677906036,collapse_test,301,test
control/fisc_032_test1_trial2_w001.npy,fisc_032,fisc_032|test1|trial2,0,0.2901652455329895,collapse_test,301,test
control/fisc_032_test1_trial2_w002.npy,fisc_032,fisc_032|test1|trial2,0,0.19933496415615082,collapse_test,301,test
control/fisc_032_test1_trial2_w003.npy,fisc_032,fisc_032|test1|trial2,0,0.16685208678245544,collapse_test,301,test
control/fisc_032_test2_trial2_w000.npy,fisc_032,fisc_032|test2|trial2,0,0.09901891648769379,collapse_test,301,test
control/fisc_032_test2_trial2_w001.npy,fisc_032,fisc_032|test2|trial2,0,0.15529701113700867,collapse_test,301,test
control/fisc_032_test2_trial2_w002.npy,fisc_032,fisc_032|test2|trial2,0,0.2941979169845581,collapse_test,301,test
control/fisc_032_test2_trial2_w003.npy,fisc_032,fisc_032|test2|trial2,0,0.36761853098869324,collapse_test,301,test
control/fisc_033_test1_trial3_w000.npy,fisc_033,fisc_033|test1|trial3,0,0.35775288939476013,collapse_test,301,test
control/fisc_033_test1_trial3_w001.npy,fisc_033,fisc_033|test1|trial3,0,0.22126279771327972,collapse_test,301,test
control/fisc_033_test1_trial3_w002.npy,fisc_033,fisc_033|test1|trial3,0,0.30232635140419006,collapse_test,301,test
control/fisc_033_test1_trial3_w003.npy,fisc_033,fisc_033|test1|trial3,0,0.333010733127594,collapse_test,301,test
control/fisc_033_test1_trial3_w004.npy,fisc_033,fisc_033|test1|trial3,0,0.366158664226532,collapse_test,301,test
control/fisc_033_test1_trial3_w005.npy,fisc_033,fisc_033|test1|trial3,0,0.36368322372436523,collapse_test,301,test
control/fisc_033_test1_trial3_w006.npy,fisc_033,fisc_033|test1|trial3,0,0.3576088547706604,collapse_test,301,test
control/fisc_033_test2_trial2_w000.npy,fisc_033,fisc_033|test2|trial2,0,0.3891138732433319,collapse_test,301,test
control/fisc_033_test2_trial2_w001.npy,fisc_033,fisc_033|test2|trial2,0,0.26548734307289124,collapse_test,301,test
control/fisc_033_test2_trial2_w002.npy,fisc_033,fisc_033|test2|trial2,0,0.1664358377456665,collapse_test,301,test
control/fisc_033_test2_trial2_w003.npy,fisc_033,fisc_033|test2|trial2,0,0.4003840684890747,collapse_test,301,test
control/fisc_033_test2_trial2_w004.npy,fisc_033,fisc_033|test2|trial2,0,0.17789821326732635,collapse_test,301,test
control/fisc_034_test1_trial3_w000.npy,fisc_034,fisc_034|test1|trial3,0,0.14624646306037903,collapse_test,301,test
control/fisc_034_test1_trial3_w001.npy,fisc_034,fisc_034|test1|trial3,0,0.32487383484840393,collapse_test,301,test
control/fisc_034_test1_trial3_w002.npy,fisc_034,fisc_034|test1|trial3,0,0.1517525017261505,collapse_test,301,test
control/fisc_034_test1_trial3_w003.npy,fisc_034,fisc_034|test1|trial3,0,0.23158298432826996,collapse_test,301,test
control/fisc_034_test1_trial3_w004.npy,fisc_034,fisc_034|test1|trial3,0,0.5021833777427673,collapse_test,301,test
control/fisc_034_test1_trial3_w005.npy,fisc_034,fisc_034|test1|trial3,0,0.3557646870613098,collapse_test,301,test
control/fisc_037_test2_trial3_w000.npy,fisc_037,fisc_037|test2|trial3,0,0.1661292314529419,collapse_test,301,test
control/fisc_037_test2_trial3_w001.npy,fisc_037,fisc_037|test2|trial3,0,0.08674658089876175,collapse_test,301,test
control/fisc_037_test2_trial3_w002.npy,fisc_037,fisc_037|test2|trial3,0,0.16157770156860352,collapse_test,301,test
control/fisc_040_test2_trial1_w000.npy,fisc_040,fisc_040|test2|trial1,0,0.3520193099975586,collapse_test,301,test
control/fisc_040_test2_trial1_w001.npy,fisc_040,fisc_040|test2|trial1,0,0.09433025866746902,collapse_test,301,test
control/fisc_040_test2_trial1_w002.npy,fisc_040,fisc_040|test2|trial1,0,0.21372348070144653,collapse_test,301,test
control/fisc_040_test2_trial3_w000.npy,fisc_040,fisc_040|test2|trial3,0,0.20737609267234802,collapse_test,301,test
control/fisc_040_test2_trial3_w001.npy,fisc_040,fisc_040|test2|trial3,0,0.16345570981502533,collapse_test,301,test
control/fisc_040_test2_trial3_w002.npy,fisc_040,fisc_040|test2|trial3,0,0.22806663811206818,collapse_test,301,test
control/fisc_043_test2_trial1_w000.npy,fisc_043,fisc_043|test2|trial1,0,0.2286081165075302,collapse_test,301,test
control/fisc_043_test2_trial1_w001.npy,fisc_043,fisc_043|test2|trial1,0,0.06840085238218307,collapse_test,301,test
control/fisc_043_test2_trial1_w002.npy,fisc_043,fisc_043|test2|trial1,0,0.20629288256168365,collapse_test,301,test
control/fisc_043_test2_trial3_w000.npy,fisc_043,fisc_043|test2|trial3,0,0.11580188572406769,collapse_test,301,test
control/fisc_043_test2_trial3_w001.npy,fisc_043,fisc_043|test2|trial3,0,0.10089148581027985,collapse_test,301,test
control/fisc_043_test2_trial3_w002.npy,fisc_043,fisc_043|test2|trial3,0,0.18787570297718048,collapse_test,301,test
control/fisc_044_test1_trial2_w000.npy,fisc_044,fisc_044|test1|trial2,0,0.06278953701257706,collapse_test,301,test
control/fisc_044_test1_trial2_w001.npy,fisc_044,fisc_044|test1|trial2,0,0.11572585999965668,collapse_test,301,test
control/fisc_044_test1_trial2_w002.npy,fisc_044,fisc_044|test1|trial2,0,0.19054019451141357,collapse_test,301,test
control/fisc_044_test1_trial2_w003.npy,fisc_044,fisc_044|test1|trial2,0,0.2673123776912689,collapse_test,301,test
control/fisc_044_test1_trial2_w004.npy,fisc_044,fisc_044|test1|trial2,0,0.1049620732665062,collapse_test,301,test
control/fisc_044_test1_trial2_w005.npy,fisc_044,fisc_044|test1|trial2,0,0.14195965230464935,collapse_test,301,test
control/fisc_046_test2_trial2_w000.npy,fisc_046,fisc_046|test2|trial2,0,0.09486216306686401,collapse_test,301,test
control/fisc_046_test2_trial2_w001.npy,fisc_046,fisc_046|test2|trial2,0,0.06187733635306358,collapse_test,301,test
control/fisc_046_test2_trial2_w002.npy,fisc_046,fisc_046|test2|trial2,0,0.1291455328464508,collapse_test,301,test
control/fisc_048_test1_trial3_w000.npy,fisc_048,fisc_048|test1|trial3,0,0.08541034907102585,collapse_test,301,test
control/fisc_048_test1_trial3_w001.npy,fisc_048,fisc_048|test1|trial3,0,0.364361047744751,collapse_test,301,test
control/fisc_048_test1_trial3_w002.npy,fisc_048,fisc_048|test1|trial3,0,0.2719203233718872,collapse_test,301,test
control/fisc_048_test1_trial3_w003.npy,fisc_048,fisc_048|test1|trial3,0,0.11505037546157837,collapse_test,301,test
control/fisc_048_test1_trial3_w004.npy,fisc_048,fisc_048|test1|trial3,0,0.10064771771430969,collapse_test,301,test
control/fisc_048_test2_trial3_w000.npy,fisc_048,fisc_048|test2|trial3,0,0.07798292487859726,collapse_test,301,test
control/fisc_048_test2_trial3_w001.npy,fisc_048,fisc_048|test2|trial3,0,0.29733332991600037,collapse_test,301,test
control/fisc_048_test2_trial3_w002.npy,fisc_048,fisc_048|test2|trial3,0,0.26908913254737854,collapse_test,301,test
control/fisc_048_test2_trial3_w003.npy,fisc_048,fisc_048|test2|trial3,0,0.18051829934120178,collapse_test,301,test
control/fisc_050_test2_trial2_w000.npy,fisc_050,fisc_050|test2|trial2,0,0.11867057532072067,collapse_test,301,test
control/fisc_050_test2_trial2_w001.npy,fisc_050,fisc_050|test2|trial2,0,0.21268896758556366,collapse_test,301,test
control/fisc_050_test2_trial2_w002.npy,fisc_050,fisc_050|test2|trial2,0,0.31832244992256165,collapse_test,301,test
control/fisc_050_test2_trial2_w003.npy,fisc_050,fisc_050|test2|trial2,0,0.09450258314609528,collapse_test,301,test
control/fisc_050_test2_trial2_w004.npy,fisc_050,fisc_050|test2|trial2,0,0.05738547071814537,collapse_test,301,test
control/fisc_074_test1_trial2_w000.npy,fisc_074,fisc_074|test1|trial2,0,0.14056402444839478,collapse_test,301,test
control/fisc_074_test1_trial2_w001.npy,fisc_074,fisc_074|test1|trial2,0,0.06630126386880875,collapse_test,301,test
control/fisc_074_test1_trial2_w002.npy,fisc_074,fisc_074|test1|trial2,0,0.08208759874105453,collapse_test,301,test
control/fisc_074_test1_trial2_w003.npy,fisc_074,fisc_074|test1|trial2,0,0.10029898583889008,collapse_test,301,test
control/fisc_074_test2_trial1_w000.npy,fisc_074,fisc_074|test2|trial1,0,0.29165083169937134,collapse_test,301,test
control/fisc_074_test2_trial1_w001.npy,fisc_074,fisc_074|test2|trial1,0,0.1523042917251587,collapse_test,301,test
control/fisc_074_test2_trial1_w002.npy,fisc_074,fisc_074|test2|trial1,0,0.1231214627623558,collapse_test,301,test
control/fisc_074_test2_trial1_w003.npy,fisc_074,fisc_074|test2|trial1,0,0.18648815155029297,collapse_test,301,test
pd/fisp_012_test1_trial3_w000.npy,fisp_012,fisp_012|test1|trial3,1,0.16472716629505157,collapse_test,301,test
pd/fisp_012_test1_trial3_w001.npy,fisp_012,fisp_012|test1|trial3,1,0.3812951147556305,collapse_test,301,test
pd/fisp_012_test1_trial3_w002.npy,fisp_012,fisp_012|test1|trial3,1,0.3426518142223358,collapse_test,301,test
pd/fisp_012_test1_trial3_w003.npy,fisp_012,fisp_012|test1|trial3,1,0.2862653434276581,collapse_test,301,test
pd/fisp_012_test1_trial3_w004.npy,fisp_012,fisp_012|test1|trial3,1,0.3135382831096649,collapse_test,301,test
pd/fisp_012_test1_trial3_w005.npy,fisp_012,fisp_012|test1|trial3,1,0.13279825448989868,collapse_test,301,test
pd/fisp_015_test2_trial2_w000.npy,fisp_015,fisp_015|test2|trial2,1,0.700797975063324,collapse_test,301,test
pd/fisp_015_test2_trial2_w001.npy,fisp_015,fisp_015|test2|trial2,1,0.7336916923522949,collapse_test,301,test
pd/fisp_015_test2_trial2_w002.npy,fisp_015,fisp_015|test2|trial2,1,0.7331518530845642,collapse_test,301,test
pd/fisp_015_test2_trial2_w003.npy,fisp_015,fisp_015|test2|trial2,1,0.6248830556869507,collapse_test,301,test
pd/fisp_015_test2_trial2_w004.npy,fisp_015,fisp_015|test2|trial2,1,0.715832531452179,collapse_test,301,test
pd/fisp_017_test1_trial1_w000.npy,fisp_017,fisp_017|test1|trial1,1,0.7546892762184143,collapse_test,301,test
pd/fisp_017_test1_trial1_w001.npy,fisp_017,fisp_017|test1|trial1,1,0.6419652700424194,collapse_test,301,test
pd/fisp_017_test1_trial1_w002.npy,fisp_017,fisp_017|test1|trial1,1,0.7036224603652954,collapse_test,301,test
pd/fisp_017_test1_trial1_w003.npy,fisp_017,fisp_017|test1|trial1,1,0.7415268421173096,collapse_test,301,test
pd/fisp_017_test2_trial1_w000.npy,fisp_017,fisp_017|test2|trial1,1,0.6319582462310791,collapse_test,301,test
pd/fisp_017_test2_trial1_w001.npy,fisp_017,fisp_017|test2|trial1,1,0.5525000095367432,collapse_test,301,test
pd/fisp_017_test2_trial1_w002.npy,fisp_017,fisp_017|test2|trial1,1,0.7291375398635864,collapse_test,301,test
pd/fisp_018_test1_trial1_w000.npy,fisp_018,fisp_018|test1|trial1,1,0.7806144952774048,collapse_test,301,test
pd/fisp_018_test1_trial1_w001.npy,fisp_018,fisp_018|test1|trial1,1,0.7881059646606445,collapse_test,301,test
pd/fisp_018_test1_trial1_w002.npy,fisp_018,fisp_018|test1|trial1,1,0.7702781558036804,collapse_test,301,test
pd/fisp_018_test1_trial1_w003.npy,fisp_018,fisp_018|test1|trial1,1,0.7046474814414978,collapse_test,301,test
pd/fisp_018_test1_trial1_w004.npy,fisp_018,fisp_018|test1|trial1,1,0.8057765960693359,collapse_test,301,test
pd/fisp_018_test1_trial1_w005.npy,fisp_018,fisp_018|test1|trial1,1,0.8238523602485657,collapse_test,301,test
pd/fisp_018_test1_trial1_w006.npy,fisp_018,fisp_018|test1|trial1,1,0.8324508666992188,collapse_test,301,test
pd/fisp_018_test1_trial1_w007.npy,fisp_018,fisp_018|test1|trial1,1,0.8131160736083984,collapse_test,301,test
pd/fisp_018_test1_trial1_w008.npy,fisp_018,fisp_018|test1|trial1,1,0.7566933035850525,collapse_test,301,test
pd/fisp_018_test1_trial1_w009.npy,fisp_018,fisp_018|test1|trial1,1,0.7877196073532104,collapse_test,301,test
pd/fisp_018_test2_trial2_w000.npy,fisp_018,fisp_018|test2|trial2,1,0.7088418006896973,collapse_test,301,test
pd/fisp_018_test2_trial2_w001.npy,fisp_018,fisp_018|test2|trial2,1,0.6009631156921387,collapse_test,301,test
pd/fisp_018_test2_trial2_w002.npy,fisp_018,fisp_018|test2|trial2,1,0.6355460286140442,collapse_test,301,test
pd/fisp_021_test1_trial2_w000.npy,fisp_021,fisp_021|test1|trial2,1,0.7613703608512878,collapse_test,301,test
pd/fisp_021_test1_trial2_w001.npy,fisp_021,fisp_021|test1|trial2,1,0.5353001356124878,collapse_test,301,test
pd/fisp_021_test1_trial2_w002.npy,fisp_021,fisp_021|test1|trial2,1,0.6006524562835693,collapse_test,301,test
pd/fisp_021_test1_trial2_w003.npy,fisp_021,fisp_021|test1|trial2,1,0.7192832231521606,collapse_test,301,test
pd/fisp_021_test1_trial3_w000.npy,fisp_021,fisp_021|test1|trial3,1,0.7611082792282104,collapse_test,301,test
pd/fisp_021_test1_trial3_w001.npy,fisp_021,fisp_021|test1|trial3,1,0.7528387308120728,collapse_test,301,test
pd/fisp_021_test1_trial3_w002.npy,fisp_021,fisp_021|test1|trial3,1,0.5609375834465027,collapse_test,301,test
pd/fisp_021_test1_trial3_w003.npy,fisp_021,fisp_021|test1|trial3,1,0.7083838582038879,collapse_test,301,test
pd/fisp_022_test1_trial3_w000.npy,fisp_022,fisp_022|test1|trial3,1,0.8286288976669312,collapse_test,301,test
pd/fisp_022_test1_trial3_w001.npy,fisp_022,fisp_022|test1|trial3,1,0.7428692579269409,collapse_test,301,test
pd/fisp_022_test1_trial3_w002.npy,fisp_022,fisp_022|test1|trial3,1,0.6455191373825073,collapse_test,301,test
pd/fisp_022_test1_trial3_w003.npy,fisp_022,fisp_022|test1|trial3,1,0.7028723955154419,collapse_test,301,test
pd/fisp_022_test2_trial2_w000.npy,fisp_022,fisp_022|test2|trial2,1,0.7367886900901794,collapse_test,301,test
pd/fisp_022_test2_trial2_w001.npy,fisp_022,fisp_022|test2|trial2,1,0.5780618190765381,collapse_test,301,test
pd/fisp_022_test2_trial2_w002.npy,fisp_022,fisp_022|test2|trial2,1,0.6379708051681519,collapse_test,301,test
pd/fisp_022_test2_trial2_w003.npy,fisp_022,fisp_022|test2|trial2,1,0.7240127921104431,collapse_test,301,test
pd/fisp_029_test1_trial2_w000.npy,fisp_029,fisp_029|test1|trial2,1,0.6470359563827515,collapse_test,301,test
pd/fisp_029_test1_trial2_w001.npy,fisp_029,fisp_029|test1|trial2,1,0.5961595773696899,collapse_test,301,test
pd/fisp_029_test1_trial2_w002.npy,fisp_029,fisp_029|test1|trial2,1,0.5697487592697144,collapse_test,301,test
pd/fisp_029_test1_trial2_w003.npy,fisp_029,fisp_029|test1|trial2,1,0.7265089750289917,collapse_test,301,test
pd/fisp_029_test2_trial2_w000.npy,fisp_029,fisp_029|test2|trial2,1,0.7147565484046936,collapse_test,301,test
pd/fisp_029_test2_trial2_w001.npy,fisp_029,fisp_029|test2|trial2,1,0.5678010582923889,collapse_test,301,test
pd/fisp_029_test2_trial2_w002.npy,fisp_029,fisp_029|test2|trial2,1,0.6094160079956055,collapse_test,301,test
pd/fisp_029_test2_trial2_w003.npy,fisp_029,fisp_029|test2|trial2,1,0.753031313419342,collapse_test,301,test
pd/fisp_029_test2_trial3_w000.npy,fisp_029,fisp_029|test2|trial3,1,0.7276325225830078,collapse_test,301,test
pd/fisp_029_test2_trial3_w001.npy,fisp_029,fisp_029|test2|trial3,1,0.4856090545654297,collapse_test,301,test
pd/fisp_029_test2_trial3_w002.npy,fisp_029,fisp_029|test2|trial3,1,0.5382992029190063,collapse_test,301,test
pd/fisp_029_test2_trial3_w003.npy,fisp_029,fisp_029|test2|trial3,1,0.5917108058929443,collapse_test,301,test
pd/fisp_030_test2_trial2_w000.npy,fisp_030,fisp_030|test2|trial2,1,0.7751866579055786,collapse_test,301,test
pd/fisp_030_test2_trial2_w001.npy,fisp_030,fisp_030|test2|trial2,1,0.6469779014587402,collapse_test,301,test
pd/fisp_030_test2_trial2_w002.npy,fisp_030,fisp_030|test2|trial2,1,0.6892951726913452,collapse_test,301,test
pd/fisp_030_test2_trial2_w003.npy,fisp_030,fisp_030|test2|trial2,1,0.6613292694091797,collapse_test,301,test
pd/fisp_041_test1_trial2_w000.npy,fisp_041,fisp_041|test1|trial2,1,0.1515255719423294,collapse_test,301,test
pd/fisp_041_test1_trial2_w001.npy,fisp_041,fisp_041|test1|trial2,1,0.1753261387348175,collapse_test,301,test
pd/fisp_041_test1_trial2_w002.npy,fisp_041,fisp_041|test1|trial2,1,0.3200158178806305,collapse_test,301,test
pd/fisp_041_test1_trial2_w003.npy,fisp_041,fisp_041|test1|trial2,1,0.3415086567401886,collapse_test,301,test
pd/fisp_041_test1_trial2_w004.npy,fisp_041,fisp_041|test1|trial2,1,0.1640210896730423,collapse_test,301,test
pd/fisp_044_test2_trial1_w000.npy,fisp_044,fisp_044|test2|trial1,1,0.18394537270069122,collapse_test,301,test
pd/fisp_044_test2_trial1_w001.npy,fisp_044,fisp_044|test2|trial1,1,0.16758091747760773,collapse_test,301,test
pd/fisp_044_test2_trial1_w002.npy,fisp_044,fisp_044|test2|trial1,1,0.16785649955272675,collapse_test,301,test
pd/fisp_044_test2_trial3_w000.npy,fisp_044,fisp_044|test2|trial3,1,0.3920052647590637,collapse_test,301,test
pd/fisp_044_test2_trial3_w001.npy,fisp_044,fisp_044|test2|trial3,1,0.2634147107601166,collapse_test,301,test
pd/fisp_044_test2_trial3_w002.npy,fisp_044,fisp_044|test2|trial3,1,0.23267647624015808,collapse_test,301,test
pd/fisp_044_test2_trial3_w003.npy,fisp_044,fisp_044|test2|trial3,1,0.18014059960842133,collapse_test,301,test
pd/fisp_044_test2_trial3_w004.npy,fisp_044,fisp_044|test2|trial3,1,0.2669471204280853,collapse_test,301,test
pd/fisp_045_test1_trial1_w000.npy,fisp_045,fisp_045|test1|trial1,1,0.1284974217414856,collapse_test,301,test
pd/fisp_045_test1_trial1_w001.npy,fisp_045,fisp_045|test1|trial1,1,0.2865951955318451,collapse_test,301,test
pd/fisp_045_test1_trial1_w002.npy,fisp_045,fisp_045|test1|trial1,1,0.13414666056632996,collapse_test,301,test
pd/fisp_045_test1_trial1_w003.npy,fisp_045,fisp_045|test1|trial1,1,0.2523421347141266,collapse_test,301,test
pd/fisp_045_test1_trial1_w004.npy,fisp_045,fisp_045|test1|trial1,1,0.27581456303596497,collapse_test,301,test
pd/fisp_045_test2_trial3_w000.npy,fisp_045,fisp_045|test2|trial3,1,0.15637628734111786,collapse_test,301,test
pd/fisp_045_test2_trial3_w001.npy,fisp_045,fisp_045|test2|trial3,1,0.24313561618328094,collapse_test,301,test
pd/fisp_045_test2_trial3_w002.npy,fisp_045,fisp_045|test2|trial3,1,0.23665165901184082,collapse_test,301,test
pd/fisp_045_test2_trial3_w003.npy,fisp_045,fisp_045|test2|trial3,1,0.20598375797271729,collapse_test,301,test
pd/fisp_049_test2_trial2_w000.npy,fisp_049,fisp_049|test2|trial2,1,0.33015507459640503,collapse_test,301,test
pd/fisp_049_test2_trial2_w001.npy,fisp_049,fisp_049|test2|trial2,1,0.22085148096084595,collapse_test,301,test
pd/fisp_049_test2_trial2_w002.npy,fisp_049,fisp_049|test2|trial2,1,0.22909218072891235,collapse_test,301,test
pd/fisp_049_test2_trial2_w003.npy,fisp_049,fisp_049|test2|trial2,1,0.38917970657348633,collapse_test,301,test
control/fisc_005_test1_trial1_w000.npy,fisc_005,fisc_005|test1|trial1,0,0.5280399918556213,collapse_test,301,never_seen
control/fisc_005_test1_trial1_w001.npy,fisc_005,fisc_005|test1|trial1,0,0.4134167730808258,collapse_test,301,never_seen
control/fisc_005_test1_trial1_w002.npy,fisc_005,fisc_005|test1|trial1,0,0.47666987776756287,collapse_test,301,never_seen
control/fisc_005_test1_trial1_w003.npy,fisc_005,fisc_005|test1|trial1,0,0.5740660429000854,collapse_test,301,never_seen
control/fisc_005_test1_trial2_w000.npy,fisc_005,fisc_005|test1|trial2,0,0.3585934042930603,collapse_test,301,never_seen
control/fisc_005_test1_trial2_w001.npy,fisc_005,fisc_005|test1|trial2,0,0.4337497651576996,collapse_test,301,never_seen
control/fisc_005_test1_trial2_w002.npy,fisc_005,fisc_005|test1|trial2,0,0.5010963678359985,collapse_test,301,never_seen
control/fisc_005_test1_trial2_w003.npy,fisc_005,fisc_005|test1|trial2,0,0.6472206711769104,collapse_test,301,never_seen
control/fisc_005_test1_trial3_w000.npy,fisc_005,fisc_005|test1|trial3,0,0.49000439047813416,collapse_test,301,never_seen
control/fisc_005_test1_trial3_w001.npy,fisc_005,fisc_005|test1|trial3,0,0.43856164813041687,collapse_test,301,never_seen
control/fisc_005_test1_trial3_w002.npy,fisc_005,fisc_005|test1|trial3,0,0.46795541048049927,collapse_test,301,never_seen
control/fisc_005_test2_trial1_w000.npy,fisc_005,fisc_005|test2|trial1,0,0.6025238633155823,collapse_test,301,never_seen
control/fisc_005_test2_trial1_w001.npy,fisc_005,fisc_005|test2|trial1,0,0.49786052107810974,collapse_test,301,never_seen
control/fisc_005_test2_trial1_w002.npy,fisc_005,fisc_005|test2|trial1,0,0.6834237575531006,collapse_test,301,never_seen
control/fisc_005_test2_trial2_w000.npy,fisc_005,fisc_005|test2|trial2,0,0.539430558681488,collapse_test,301,never_seen
control/fisc_005_test2_trial2_w001.npy,fisc_005,fisc_005|test2|trial2,0,0.5260381102561951,collapse_test,301,never_seen
control/fisc_005_test2_trial2_w002.npy,fisc_005,fisc_005|test2|trial2,0,0.596600353717804,collapse_test,301,never_seen
control/fisc_005_test2_trial3_w000.npy,fisc_005,fisc_005|test2|trial3,0,0.575499951839447,collapse_test,301,never_seen
control/fisc_005_test2_trial3_w001.npy,fisc_005,fisc_005|test2|trial3,0,0.39731094241142273,collapse_test,301,never_seen
control/fisc_005_test2_trial3_w002.npy,fisc_005,fisc_005|test2|trial3,0,0.5214188694953918,collapse_test,301,never_seen
control/fisc_010_test1_trial1_w000.npy,fisc_010,fisc_010|test1|trial1,0,0.6529057621955872,collapse_test,301,never_seen
control/fisc_010_test1_trial1_w001.npy,fisc_010,fisc_010|test1|trial1,0,0.6813262104988098,collapse_test,301,never_seen
control/fisc_010_test1_trial1_w002.npy,fisc_010,fisc_010|test1|trial1,0,0.6113728284835815,collapse_test,301,never_seen
control/fisc_010_test1_trial1_w003.npy,fisc_010,fisc_010|test1|trial1,0,0.536721408367157,collapse_test,301,never_seen
control/fisc_010_test1_trial1_w004.npy,fisc_010,fisc_010|test1|trial1,0,0.6517627835273743,collapse_test,301,never_seen
control/fisc_010_test1_trial1_w005.npy,fisc_010,fisc_010|test1|trial1,0,0.67884761095047,collapse_test,301,never_seen
control/fisc_010_test1_trial1_w006.npy,fisc_010,fisc_010|test1|trial1,0,0.8355004787445068,collapse_test,301,never_seen
control/fisc_010_test1_trial2_w000.npy,fisc_010,fisc_010|test1|trial2,0,0.7152714729309082,collapse_test,301,never_seen
control/fisc_010_test1_trial2_w001.npy,fisc_010,fisc_010|test1|trial2,0,0.6559410095214844,collapse_test,301,never_seen
control/fisc_010_test1_trial2_w002.npy,fisc_010,fisc_010|test1|trial2,0,0.5641646385192871,collapse_test,301,never_seen
control/fisc_010_test1_trial2_w003.npy,fisc_010,fisc_010|test1|trial2,0,0.7288399934768677,collapse_test,301,never_seen
control/fisc_010_test1_trial2_w004.npy,fisc_010,fisc_010|test1|trial2,0,0.848957896232605,collapse_test,301,never_seen
control/fisc_010_test1_trial3_w000.npy,fisc_010,fisc_010|test1|trial3,0,0.7448720932006836,collapse_test,301,never_seen
control/fisc_010_test1_trial3_w001.npy,fisc_010,fisc_010|test1|trial3,0,0.6181222796440125,collapse_test,301,never_seen
control/fisc_010_test1_trial3_w002.npy,fisc_010,fisc_010|test1|trial3,0,0.4424404501914978,collapse_test,301,never_seen
control/fisc_010_test1_trial3_w003.npy,fisc_010,fisc_010|test1|trial3,0,0.5562674403190613,collapse_test,301,never_seen
control/fisc_010_test1_trial3_w004.npy,fisc_010,fisc_010|test1|trial3,0,0.7789851427078247,collapse_test,301,never_seen
control/fisc_010_test2_trial1_w000.npy,fisc_010,fisc_010|test2|trial1,0,0.7940217852592468,collapse_test,301,never_seen
control/fisc_010_test2_trial1_w001.npy,fisc_010,fisc_010|test2|trial1,0,0.5521805286407471,collapse_test,301,never_seen
control/fisc_010_test2_trial1_w002.npy,fisc_010,fisc_010|test2|trial1,0,0.4187415838241577,collapse_test,301,never_seen
control/fisc_010_test2_trial1_w003.npy,fisc_010,fisc_010|test2|trial1,0,0.48521217703819275,collapse_test,301,never_seen
control/fisc_010_test2_trial2_w000.npy,fisc_010,fisc_010|test2|trial2,0,0.7435678243637085,collapse_test,301,never_seen
control/fisc_010_test2_trial2_w001.npy,fisc_010,fisc_010|test2|trial2,0,0.6749434471130371,collapse_test,301,never_seen
control/fisc_010_test2_trial2_w002.npy,fisc_010,fisc_010|test2|trial2,0,0.6744086742401123,collapse_test,301,never_seen
control/fisc_010_test2_trial2_w003.npy,fisc_010,fisc_010|test2|trial2,0,0.597177267074585,collapse_test,301,never_seen
control/fisc_010_test2_trial2_w004.npy,fisc_010,fisc_010|test2|trial2,0,0.6830903887748718,collapse_test,301,never_seen
control/fisc_010_test2_trial3_w000.npy,fisc_010,fisc_010|test2|trial3,0,0.7385684251785278,collapse_test,301,never_seen
control/fisc_010_test2_trial3_w001.npy,fisc_010,fisc_010|test2|trial3,0,0.6370121240615845,collapse_test,301,never_seen
control/fisc_010_test2_trial3_w002.npy,fisc_010,fisc_010|test2|trial3,0,0.6250274181365967,collapse_test,301,never_seen
control/fisc_010_test2_trial3_w003.npy,fisc_010,fisc_010|test2|trial3,0,0.5637987852096558,collapse_test,301,never_seen
control/fisc_010_test2_trial3_w004.npy,fisc_010,fisc_010|test2|trial3,0,0.658115804195404,collapse_test,301,never_seen
control/fisc_016_test1_trial1_w000.npy,fisc_016,fisc_016|test1|trial1,0,0.803922712802887,collapse_test,301,never_seen
control/fisc_016_test1_trial1_w001.npy,fisc_016,fisc_016|test1|trial1,0,0.8304057121276855,collapse_test,301,never_seen
control/fisc_016_test1_trial1_w002.npy,fisc_016,fisc_016|test1|trial1,0,0.766554594039917,collapse_test,301,never_seen
control/fisc_016_test1_trial1_w003.npy,fisc_016,fisc_016|test1|trial1,0,0.8003388047218323,collapse_test,301,never_seen
control/fisc_016_test1_trial1_w004.npy,fisc_016,fisc_016|test1|trial1,0,0.8461883664131165,collapse_test,301,never_seen
control/fisc_016_test1_trial2_w000.npy,fisc_016,fisc_016|test1|trial2,0,0.7679301500320435,collapse_test,301,never_seen
control/fisc_016_test1_trial2_w001.npy,fisc_016,fisc_016|test1|trial2,0,0.7664452195167542,collapse_test,301,never_seen
control/fisc_016_test1_trial2_w002.npy,fisc_016,fisc_016|test1|trial2,0,0.811880886554718,collapse_test,301,never_seen
control/fisc_016_test1_trial2_w003.npy,fisc_016,fisc_016|test1|trial2,0,0.8180827498435974,collapse_test,301,never_seen
control/fisc_016_test1_trial2_w004.npy,fisc_016,fisc_016|test1|trial2,0,0.8527734875679016,collapse_test,301,never_seen
control/fisc_016_test1_trial2_w005.npy,fisc_016,fisc_016|test1|trial2,0,0.8249555826187134,collapse_test,301,never_seen
control/fisc_016_test1_trial3_w000.npy,fisc_016,fisc_016|test1|trial3,0,0.8718879818916321,collapse_test,301,never_seen
control/fisc_016_test1_trial3_w001.npy,fisc_016,fisc_016|test1|trial3,0,0.8180698752403259,collapse_test,301,never_seen
control/fisc_016_test1_trial3_w002.npy,fisc_016,fisc_016|test1|trial3,0,0.815170407295227,collapse_test,301,never_seen
control/fisc_016_test1_trial3_w003.npy,fisc_016,fisc_016|test1|trial3,0,0.8707813024520874,collapse_test,301,never_seen
control/fisc_016_test1_trial3_w004.npy,fisc_016,fisc_016|test1|trial3,0,0.8197007775306702,collapse_test,301,never_seen
control/fisc_016_test1_trial3_w005.npy,fisc_016,fisc_016|test1|trial3,0,0.8173279166221619,collapse_test,301,never_seen
control/fisc_016_test2_trial1_w000.npy,fisc_016,fisc_016|test2|trial1,0,0.8075385093688965,collapse_test,301,never_seen
control/fisc_016_test2_trial1_w001.npy,fisc_016,fisc_016|test2|trial1,0,0.7665225863456726,collapse_test,301,never_seen
control/fisc_016_test2_trial1_w002.npy,fisc_016,fisc_016|test2|trial1,0,0.8428507447242737,collapse_test,301,never_seen
control/fisc_016_test2_trial1_w003.npy,fisc_016,fisc_016|test2|trial1,0,0.8406532406806946,collapse_test,301,never_seen
control/fisc_016_test2_trial2_w000.npy,fisc_016,fisc_016|test2|trial2,0,0.8494005799293518,collapse_test,301,never_seen
control/fisc_016_test2_trial2_w001.npy,fisc_016,fisc_016|test2|trial2,0,0.820181667804718,collapse_test,301,never_seen
control/fisc_016_test2_trial2_w002.npy,fisc_016,fisc_016|test2|trial2,0,0.824293851852417,collapse_test,301,never_seen
control/fisc_016_test2_trial2_w003.npy,fisc_016,fisc_016|test2|trial2,0,0.81654953956604,collapse_test,301,never_seen
control/fisc_016_test2_trial3_w000.npy,fisc_016,fisc_016|test2|trial3,0,0.8321934342384338,collapse_test,301,never_seen
control/fisc_016_test2_trial3_w001.npy,fisc_016,fisc_016|test2|trial3,0,0.8326247930526733,collapse_test,301,never_seen
control/fisc_016_test2_trial3_w002.npy,fisc_016,fisc_016|test2|trial3,0,0.8517168760299683,collapse_test,301,never_seen
control/fisc_016_test2_trial3_w003.npy,fisc_016,fisc_016|test2|trial3,0,0.8715760111808777,collapse_test,301,never_seen
control/fisc_016_test2_trial3_w004.npy,fisc_016,fisc_016|test2|trial3,0,0.8174411654472351,collapse_test,301,never_seen
control/fisc_016_test2_trial3_w005.npy,fisc_016,fisc_016|test2|trial3,0,0.8260983824729919,collapse_test,301,never_seen
control/fisc_027_test1_trial1_w000.npy,fisc_027,fisc_027|test1|trial1,0,0.22907118499279022,collapse_test,301,never_seen
control/fisc_027_test1_trial1_w001.npy,fisc_027,fisc_027|test1|trial1,0,0.13070502877235413,collapse_test,301,never_seen
control/fisc_027_test1_trial1_w002.npy,fisc_027,fisc_027|test1|trial1,0,0.22410820424556732,collapse_test,301,never_seen
control/fisc_027_test1_trial1_w003.npy,fisc_027,fisc_027|test1|trial1,0,0.3266960382461548,collapse_test,301,never_seen
control/fisc_027_test1_trial1_w004.npy,fisc_027,fisc_027|test1|trial1,0,0.13071255385875702,collapse_test,301,never_seen
control/fisc_027_test1_trial2_w000.npy,fisc_027,fisc_027|test1|trial2,0,0.15036039054393768,collapse_test,301,never_seen
control/fisc_027_test1_trial2_w001.npy,fisc_027,fisc_027|test1|trial2,0,0.1501261591911316,collapse_test,301,never_seen
control/fisc_027_test1_trial2_w002.npy,fisc_027,fisc_027|test1|trial2,0,0.431210458278656,collapse_test,301,never_seen
control/fisc_027_test1_trial2_w003.npy,fisc_027,fisc_027|test1|trial2,0,0.39009422063827515,collapse_test,301,never_seen
control/fisc_027_test1_trial2_w004.npy,fisc_027,fisc_027|test1|trial2,0,0.20274050533771515,collapse_test,301,never_seen
control/fisc_027_test1_trial2_w005.npy,fisc_027,fisc_027|test1|trial2,0,0.23921453952789307,collapse_test,301,never_seen
control/fisc_027_test1_trial3_w000.npy,fisc_027,fisc_027|test1|trial3,0,0.23145250976085663,collapse_test,301,never_seen
control/fisc_027_test1_trial3_w001.npy,fisc_027,fisc_027|test1|trial3,0,0.2607021629810333,collapse_test,301,never_seen
control/fisc_027_test1_trial3_w002.npy,fisc_027,fisc_027|test1|trial3,0,0.3148654103279114,collapse_test,301,never_seen
control/fisc_027_test1_trial3_w003.npy,fisc_027,fisc_027|test1|trial3,0,0.3115581274032593,collapse_test,301,never_seen
control/fisc_027_test1_trial3_w004.npy,fisc_027,fisc_027|test1|trial3,0,0.1963563710451126,collapse_test,301,never_seen
control/fisc_027_test2_trial1_w000.npy,fisc_027,fisc_027|test2|trial1,0,0.29948508739471436,collapse_test,301,never_seen
control/fisc_027_test2_trial1_w001.npy,fisc_027,fisc_027|test2|trial1,0,0.3596782088279724,collapse_test,301,never_seen
control/fisc_027_test2_trial1_w002.npy,fisc_027,fisc_027|test2|trial1,0,0.22613947093486786,collapse_test,301,never_seen
control/fisc_027_test2_trial1_w003.npy,fisc_027,fisc_027|test2|trial1,0,0.4627791941165924,collapse_test,301,never_seen
control/fisc_027_test2_trial2_w000.npy,fisc_027,fisc_027|test2|trial2,0,0.34724920988082886,collapse_test,301,never_seen
control/fisc_027_test2_trial2_w001.npy,fisc_027,fisc_027|test2|trial2,0,0.2664874196052551,collapse_test,301,never_seen
control/fisc_027_test2_trial2_w002.npy,fisc_027,fisc_027|test2|trial2,0,0.232148215174675,collapse_test,301,never_seen
control/fisc_027_test2_trial2_w003.npy,fisc_027,fisc_027|test2|trial2,0,0.4744369685649872,collapse_test,301,never_seen
control/fisc_027_test2_trial3_w000.npy,fisc_027,fisc_027|test2|trial3,0,0.4029604196548462,collapse_test,301,never_seen
control/fisc_027_test2_trial3_w001.npy,fisc_027,fisc_027|test2|trial3,0,0.6490397453308105,collapse_test,301,never_seen
control/fisc_027_test2_trial3_w002.npy,fisc_027,fisc_027|test2|trial3,0,0.28088340163230896,collapse_test,301,never_seen
control/fisc_027_test2_trial3_w003.npy,fisc_027,fisc_027|test2|trial3,0,0.23615479469299316,collapse_test,301,never_seen
control/fisc_036_test1_trial1_w000.npy,fisc_036,fisc_036|test1|trial1,0,0.22125227749347687,collapse_test,301,never_seen
control/fisc_036_test1_trial1_w001.npy,fisc_036,fisc_036|test1|trial1,0,0.42984095215797424,collapse_test,301,never_seen
control/fisc_036_test1_trial1_w002.npy,fisc_036,fisc_036|test1|trial1,0,0.3010244071483612,collapse_test,301,never_seen
control/fisc_036_test1_trial1_w003.npy,fisc_036,fisc_036|test1|trial1,0,0.177931010723114,collapse_test,301,never_seen
control/fisc_036_test1_trial1_w004.npy,fisc_036,fisc_036|test1|trial1,0,0.1183144599199295,collapse_test,301,never_seen
control/fisc_036_test1_trial2_w000.npy,fisc_036,fisc_036|test1|trial2,0,0.28420934081077576,collapse_test,301,never_seen
control/fisc_036_test1_trial2_w001.npy,fisc_036,fisc_036|test1|trial2,0,0.37573155760765076,collapse_test,301,never_seen
control/fisc_036_test1_trial2_w002.npy,fisc_036,fisc_036|test1|trial2,0,0.2025003582239151,collapse_test,301,never_seen
control/fisc_036_test1_trial2_w003.npy,fisc_036,fisc_036|test1|trial2,0,0.16930332779884338,collapse_test,301,never_seen
control/fisc_036_test1_trial2_w004.npy,fisc_036,fisc_036|test1|trial2,0,0.16672039031982422,collapse_test,301,never_seen
control/fisc_036_test1_trial3_w000.npy,fisc_036,fisc_036|test1|trial3,0,0.2571728527545929,collapse_test,301,never_seen
control/fisc_036_test1_trial3_w001.npy,fisc_036,fisc_036|test1|trial3,0,0.2661876678466797,collapse_test,301,never_seen
control/fisc_036_test1_trial3_w002.npy,fisc_036,fisc_036|test1|trial3,0,0.15109454095363617,collapse_test,301,never_seen
control/fisc_036_test1_trial3_w003.npy,fisc_036,fisc_036|test1|trial3,0,0.16020235419273376,collapse_test,301,never_seen
control/fisc_036_test1_trial3_w004.npy,fisc_036,fisc_036|test1|trial3,0,0.15361981093883514,collapse_test,301,never_seen
control/fisc_036_test2_trial1_w000.npy,fisc_036,fisc_036|test2|trial1,0,0.4104999303817749,collapse_test,301,never_seen
control/fisc_036_test2_trial1_w001.npy,fisc_036,fisc_036|test2|trial1,0,0.265786349773407,collapse_test,301,never_seen
control/fisc_036_test2_trial1_w002.npy,fisc_036,fisc_036|test2|trial1,0,0.2468254119157791,collapse_test,301,never_seen
control/fisc_036_test2_trial1_w003.npy,fisc_036,fisc_036|test2|trial1,0,0.17158709466457367,collapse_test,301,never_seen
control/fisc_036_test2_trial2_w000.npy,fisc_036,fisc_036|test2|trial2,0,0.22990551590919495,collapse_test,301,never_seen
control/fisc_036_test2_trial2_w001.npy,fisc_036,fisc_036|test2|trial2,0,0.19588860869407654,collapse_test,301,never_seen
control/fisc_036_test2_trial2_w002.npy,fisc_036,fisc_036|test2|trial2,0,0.2517005503177643,collapse_test,301,never_seen
control/fisc_036_test2_trial2_w003.npy,fisc_036,fisc_036|test2|trial2,0,0.25743427872657776,collapse_test,301,never_seen
control/fisc_036_test2_trial3_w000.npy,fisc_036,fisc_036|test2|trial3,0,0.15767234563827515,collapse_test,301,never_seen
control/fisc_036_test2_trial3_w001.npy,fisc_036,fisc_036|test2|trial3,0,0.1625315248966217,collapse_test,301,never_seen
control/fisc_036_test2_trial3_w002.npy,fisc_036,fisc_036|test2|trial3,0,0.14168787002563477,collapse_test,301,never_seen
control/fisc_036_test2_trial3_w003.npy,fisc_036,fisc_036|test2|trial3,0,0.27953195571899414,collapse_test,301,never_seen
pd/fisp_024_test1_trial1_w000.npy,fisp_024,fisp_024|test1|trial1,1,0.7345960140228271,collapse_test,301,never_seen
pd/fisp_024_test1_trial1_w001.npy,fisp_024,fisp_024|test1|trial1,1,0.538195013999939,collapse_test,301,never_seen
pd/fisp_024_test1_trial1_w002.npy,fisp_024,fisp_024|test1|trial1,1,0.5093324184417725,collapse_test,301,never_seen
pd/fisp_024_test1_trial1_w003.npy,fisp_024,fisp_024|test1|trial1,1,0.5070637464523315,collapse_test,301,never_seen
pd/fisp_024_test1_trial1_w004.npy,fisp_024,fisp_024|test1|trial1,1,0.8067865371704102,collapse_test,301,never_seen
pd/fisp_024_test1_trial2_w000.npy,fisp_024,fisp_024|test1|trial2,1,0.7817955613136292,collapse_test,301,never_seen
pd/fisp_024_test1_trial2_w001.npy,fisp_024,fisp_024|test1|trial2,1,0.5934256315231323,collapse_test,301,never_seen
pd/fisp_024_test1_trial2_w002.npy,fisp_024,fisp_024|test1|trial2,1,0.34539687633514404,collapse_test,301,never_seen
pd/fisp_024_test1_trial2_w003.npy,fisp_024,fisp_024|test1|trial2,1,0.5184175968170166,collapse_test,301,never_seen
pd/fisp_024_test1_trial2_w004.npy,fisp_024,fisp_024|test1|trial2,1,0.7428867220878601,collapse_test,301,never_seen
pd/fisp_024_test1_trial3_w000.npy,fisp_024,fisp_024|test1|trial3,1,0.6882341504096985,collapse_test,301,never_seen
pd/fisp_024_test1_trial3_w001.npy,fisp_024,fisp_024|test1|trial3,1,0.5050285458564758,collapse_test,301,never_seen
pd/fisp_024_test1_trial3_w002.npy,fisp_024,fisp_024|test1|trial3,1,0.4883897006511688,collapse_test,301,never_seen
pd/fisp_024_test1_trial3_w003.npy,fisp_024,fisp_024|test1|trial3,1,0.595134973526001,collapse_test,301,never_seen
pd/fisp_024_test1_trial3_w004.npy,fisp_024,fisp_024|test1|trial3,1,0.8096601366996765,collapse_test,301,never_seen
pd/fisp_024_test2_trial1_w000.npy,fisp_024,fisp_024|test2|trial1,1,0.7425670623779297,collapse_test,301,never_seen
pd/fisp_024_test2_trial1_w001.npy,fisp_024,fisp_024|test2|trial1,1,0.4595894515514374,collapse_test,301,never_seen
pd/fisp_024_test2_trial1_w002.npy,fisp_024,fisp_024|test2|trial1,1,0.6257091164588928,collapse_test,301,never_seen
pd/fisp_024_test2_trial1_w003.npy,fisp_024,fisp_024|test2|trial1,1,0.7119069695472717,collapse_test,301,never_seen
pd/fisp_024_test2_trial2_w000.npy,fisp_024,fisp_024|test2|trial2,1,0.7574601769447327,collapse_test,301,never_seen
pd/fisp_024_test2_trial2_w001.npy,fisp_024,fisp_024|test2|trial2,1,0.629558801651001,collapse_test,301,never_seen
pd/fisp_024_test2_trial2_w002.npy,fisp_024,fisp_024|test2|trial2,1,0.6482327580451965,collapse_test,301,never_seen
pd/fisp_024_test2_trial2_w003.npy,fisp_024,fisp_024|test2|trial2,1,0.5827974677085876,collapse_test,301,never_seen
pd/fisp_024_test2_trial3_w000.npy,fisp_024,fisp_024|test2|trial3,1,0.7206602692604065,collapse_test,301,never_seen
pd/fisp_024_test2_trial3_w001.npy,fisp_024,fisp_024|test2|trial3,1,0.7121434211730957,collapse_test,301,never_seen
pd/fisp_024_test2_trial3_w002.npy,fisp_024,fisp_024|test2|trial3,1,0.6549667119979858,collapse_test,301,never_seen
pd/fisp_024_test2_trial3_w003.npy,fisp_024,fisp_024|test2|trial3,1,0.6666958928108215,collapse_test,301,never_seen
pd/fisp_031_test1_trial1_w000.npy,fisp_031,fisp_031|test1|trial1,1,0.6828104853630066,collapse_test,301,never_seen
pd/fisp_031_test1_trial1_w001.npy,fisp_031,fisp_031|test1|trial1,1,0.6466410756111145,collapse_test,301,never_seen
pd/fisp_031_test1_trial1_w002.npy,fisp_031,fisp_031|test1|trial1,1,0.6662479639053345,collapse_test,301,never_seen
pd/fisp_031_test1_trial1_w003.npy,fisp_031,fisp_031|test1|trial1,1,0.6012967228889465,collapse_test,301,never_seen
pd/fisp_031_test1_trial1_w004.npy,fisp_031,fisp_031|test1|trial1,1,0.5591792464256287,collapse_test,301,never_seen
pd/fisp_031_test1_trial1_w005.npy,fisp_031,fisp_031|test1|trial1,1,0.7517167329788208,collapse_test,301,never_seen
pd/fisp_031_test1_trial2_w000.npy,fisp_031,fisp_031|test1|trial2,1,0.6813408732414246,collapse_test,301,never_seen
pd/fisp_031_test1_trial2_w001.npy,fisp_031,fisp_031|test1|trial2,1,0.6354122161865234,collapse_test,301,never_seen
pd/fisp_031_test1_trial2_w002.npy,fisp_031,fisp_031|test1|trial2,1,0.5770044922828674,collapse_test,301,never_seen
pd/fisp_031_test1_trial2_w003.npy,fisp_031,fisp_031|test1|trial2,1,0.6913049221038818,collapse_test,301,never_seen
pd/fisp_031_test1_trial3_w000.npy,fisp_031,fisp_031|test1|trial3,1,0.5598874688148499,collapse_test,301,never_seen
pd/fisp_031_test1_trial3_w001.npy,fisp_031,fisp_031|test1|trial3,1,0.5292633771896362,collapse_test,301,never_seen
pd/fisp_031_test1_trial3_w002.npy,fisp_031,fisp_031|test1|trial3,1,0.6438620090484619,collapse_test,301,never_seen
pd/fisp_031_test1_trial3_w003.npy,fisp_031,fisp_031|test1|trial3,1,0.781533420085907,collapse_test,301,never_seen
pd/fisp_031_test1_trial3_w004.npy,fisp_031,fisp_031|test1|trial3,1,0.6772748231887817,collapse_test,301,never_seen
pd/fisp_031_test2_trial1_w000.npy,fisp_031,fisp_031|test2|trial1,1,0.7105793952941895,collapse_test,301,never_seen
pd/fisp_031_test2_trial1_w001.npy,fisp_031,fisp_031|test2|trial1,1,0.6227737665176392,collapse_test,301,never_seen
pd/fisp_031_test2_trial1_w002.npy,fisp_031,fisp_031|test2|trial1,1,0.6599001884460449,collapse_test,301,never_seen
pd/fisp_031_test2_trial2_w000.npy,fisp_031,fisp_031|test2|trial2,1,0.6494106650352478,collapse_test,301,never_seen
pd/fisp_031_test2_trial2_w001.npy,fisp_031,fisp_031|test2|trial2,1,0.5030491352081299,collapse_test,301,never_seen
pd/fisp_031_test2_trial2_w002.npy,fisp_031,fisp_031|test2|trial2,1,0.5826787352561951,collapse_test,301,never_seen
pd/fisp_031_test2_trial3_w000.npy,fisp_031,fisp_031|test2|trial3,1,0.6900973320007324,collapse_test,301,never_seen
pd/fisp_031_test2_trial3_w001.npy,fisp_031,fisp_031|test2|trial3,1,0.5361128449440002,collapse_test,301,never_seen
pd/fisp_031_test2_trial3_w002.npy,fisp_031,fisp_031|test2|trial3,1,0.51487135887146,collapse_test,301,never_seen
pd/fisp_048_test1_trial1_w000.npy,fisp_048,fisp_048|test1|trial1,1,0.1678382158279419,collapse_test,301,never_seen
pd/fisp_048_test1_trial1_w001.npy,fisp_048,fisp_048|test1|trial1,1,0.29138240218162537,collapse_test,301,never_seen
pd/fisp_048_test1_trial1_w002.npy,fisp_048,fisp_048|test1|trial1,1,0.14549016952514648,collapse_test,301,never_seen
pd/fisp_048_test1_trial1_w003.npy,fisp_048,fisp_048|test1|trial1,1,0.2571108341217041,collapse_test,301,never_seen
pd/fisp_048_test1_trial1_w004.npy,fisp_048,fisp_048|test1|trial1,1,0.2510308623313904,collapse_test,301,never_seen
pd/fisp_048_test1_trial1_w005.npy,fisp_048,fisp_048|test1|trial1,1,0.2248358577489853,collapse_test,301,never_seen
pd/fisp_048_test1_trial1_w006.npy,fisp_048,fisp_048|test1|trial1,1,0.2367439866065979,collapse_test,301,never_seen
pd/fisp_048_test1_trial2_w000.npy,fisp_048,fisp_048|test1|trial2,1,0.31697267293930054,collapse_test,301,never_seen
pd/fisp_048_test1_trial2_w001.npy,fisp_048,fisp_048|test1|trial2,1,0.2812109589576721,collapse_test,301,never_seen
pd/fisp_048_test1_trial2_w002.npy,fisp_048,fisp_048|test1|trial2,1,0.15028855204582214,collapse_test,301,never_seen
pd/fisp_048_test1_trial2_w003.npy,fisp_048,fisp_048|test1|trial2,1,0.23459649085998535,collapse_test,301,never_seen
pd/fisp_048_test1_trial2_w004.npy,fisp_048,fisp_048|test1|trial2,1,0.20270562171936035,collapse_test,301,never_seen
pd/fisp_048_test1_trial2_w005.npy,fisp_048,fisp_048|test1|trial2,1,0.15210874378681183,collapse_test,301,never_seen
pd/fisp_048_test1_trial3_w000.npy,fisp_048,fisp_048|test1|trial3,1,0.342948853969574,collapse_test,301,never_seen
pd/fisp_048_test1_trial3_w001.npy,fisp_048,fisp_048|test1|trial3,1,0.33046332001686096,collapse_test,301,never_seen
pd/fisp_048_test1_trial3_w002.npy,fisp_048,fisp_048|test1|trial3,1,0.2718529999256134,collapse_test,301,never_seen
pd/fisp_048_test1_trial3_w003.npy,fisp_048,fisp_048|test1|trial3,1,0.3178505301475525,collapse_test,301,never_seen
pd/fisp_048_test1_trial3_w004.npy,fisp_048,fisp_048|test1|trial3,1,0.3080882728099823,collapse_test,301,never_seen
pd/fisp_048_test2_trial1_w000.npy,fisp_048,fisp_048|test2|trial1,1,0.44806063175201416,collapse_test,301,never_seen
pd/fisp_048_test2_trial1_w001.npy,fisp_048,fisp_048|test2|trial1,1,0.23612646758556366,collapse_test,301,never_seen
pd/fisp_048_test2_trial1_w002.npy,fisp_048,fisp_048|test2|trial1,1,0.1037364974617958,collapse_test,301,never_seen
pd/fisp_048_test2_trial1_w003.npy,fisp_048,fisp_048|test2|trial1,1,0.13212686777114868,collapse_test,301,never_seen
pd/fisp_048_test2_trial1_w004.npy,fisp_048,fisp_048|test2|trial1,1,0.1477804332971573,collapse_test,301,never_seen
pd/fisp_048_test2_trial3_w000.npy,fisp_048,fisp_048|test2|trial3,1,0.3110417127609253,collapse_test,301,never_seen
pd/fisp_048_test2_trial3_w001.npy,fisp_048,fisp_048|test2|trial3,1,0.16091662645339966,collapse_test,301,never_seen
pd/fisp_048_test2_trial3_w002.npy,fisp_048,fisp_048|test2|trial3,1,0.223211407661438,collapse_test,301,never_seen
pd/fisp_048_test2_trial3_w003.npy,fisp_048,fisp_048|test2|trial3,1,0.17386633157730103,collapse_test,301,never_seen
control/fisc_005_test1_trial2_w000.npy,fisc_005,fisc_005|test1|trial2,0,0.38586822152137756,collapse_test,302,test
control/fisc_005_test1_trial2_w001.npy,fisc_005,fisc_005|test1|trial2,0,0.4391084313392639,collapse_test,302,test
control/fisc_005_test1_trial2_w002.npy,fisc_005,fisc_005|test1|trial2,0,0.5085475444793701,collapse_test,302,test
control/fisc_005_test1_trial2_w003.npy,fisc_005,fisc_005|test1|trial2,0,0.572546124458313,collapse_test,302,test
control/fisc_014_test1_trial1_w000.npy,fisc_014,fisc_014|test1|trial1,0,0.5212200880050659,collapse_test,302,test
control/fisc_014_test1_trial1_w001.npy,fisc_014,fisc_014|test1|trial1,0,0.4248127043247223,collapse_test,302,test
control/fisc_014_test1_trial1_w002.npy,fisc_014,fisc_014|test1|trial1,0,0.4400348961353302,collapse_test,302,test
control/fisc_014_test1_trial1_w003.npy,fisc_014,fisc_014|test1|trial1,0,0.45336124300956726,collapse_test,302,test
control/fisc_029_test1_trial1_w000.npy,fisc_029,fisc_029|test1|trial1,0,0.13213154673576355,collapse_test,302,test
control/fisc_029_test1_trial1_w001.npy,fisc_029,fisc_029|test1|trial1,0,0.17769493162631989,collapse_test,302,test
control/fisc_029_test1_trial1_w002.npy,fisc_029,fisc_029|test1|trial1,0,0.3434481918811798,collapse_test,302,test
control/fisc_029_test1_trial1_w003.npy,fisc_029,fisc_029|test1|trial1,0,0.3046714663505554,collapse_test,302,test
control/fisc_029_test1_trial1_w004.npy,fisc_029,fisc_029|test1|trial1,0,0.2545764744281769,collapse_test,302,test
control/fisc_029_test1_trial1_w005.npy,fisc_029,fisc_029|test1|trial1,0,0.13919834792613983,collapse_test,302,test
control/fisc_031_test2_trial1_w000.npy,fisc_031,fisc_031|test2|trial1,0,0.12064089626073837,collapse_test,302,test
control/fisc_031_test2_trial1_w001.npy,fisc_031,fisc_031|test2|trial1,0,0.11208096891641617,collapse_test,302,test
control/fisc_031_test2_trial1_w002.npy,fisc_031,fisc_031|test2|trial1,0,0.0925382599234581,collapse_test,302,test
control/fisc_031_test2_trial1_w003.npy,fisc_031,fisc_031|test2|trial1,0,0.044144369661808014,collapse_test,302,test
control/fisc_031_test2_trial2_w000.npy,fisc_031,fisc_031|test2|trial2,0,0.2579978406429291,collapse_test,302,test
control/fisc_031_test2_trial2_w001.npy,fisc_031,fisc_031|test2|trial2,0,0.3030898869037628,collapse_test,302,test
control/fisc_031_test2_trial2_w002.npy,fisc_031,fisc_031|test2|trial2,0,0.21354137361049652,collapse_test,302,test
control/fisc_031_test2_trial2_w003.npy,fisc_031,fisc_031|test2|trial2,0,0.3024224638938904,collapse_test,302,test
control/fisc_031_test2_trial3_w000.npy,fisc_031,fisc_031|test2|trial3,0,0.011165803298354149,collapse_test,302,test
control/fisc_031_test2_trial3_w001.npy,fisc_031,fisc_031|test2|trial3,0,0.08423813432455063,collapse_test,302,test
control/fisc_031_test2_trial3_w002.npy,fisc_031,fisc_031|test2|trial3,0,0.07239950448274612,collapse_test,302,test
control/fisc_031_test2_trial3_w003.npy,fisc_031,fisc_031|test2|trial3,0,0.036534909158945084,collapse_test,302,test
control/fisc_032_test1_trial1_w000.npy,fisc_032,fisc_032|test1|trial1,0,0.13553640246391296,collapse_test,302,test
control/fisc_032_test1_trial1_w001.npy,fisc_032,fisc_032|test1|trial1,0,0.18415305018424988,collapse_test,302,test
control/fisc_032_test1_trial1_w002.npy,fisc_032,fisc_032|test1|trial1,0,0.17042513191699982,collapse_test,302,test
control/fisc_032_test1_trial1_w003.npy,fisc_032,fisc_032|test1|trial1,0,0.1632990837097168,collapse_test,302,test
control/fisc_032_test1_trial3_w000.npy,fisc_032,fisc_032|test1|trial3,0,0.11797807365655899,collapse_test,302,test
control/fisc_032_test1_trial3_w001.npy,fisc_032,fisc_032|test1|trial3,0,0.1833856999874115,collapse_test,302,test
control/fisc_032_test1_trial3_w002.npy,fisc_032,fisc_032|test1|trial3,0,0.23614661395549774,collapse_test,302,test
control/fisc_032_test1_trial3_w003.npy,fisc_032,fisc_032|test1|trial3,0,0.19895772635936737,collapse_test,302,test
control/fisc_032_test2_trial1_w000.npy,fisc_032,fisc_032|test2|trial1,0,0.2588450014591217,collapse_test,302,test
control/fisc_032_test2_trial1_w001.npy,fisc_032,fisc_032|test2|trial1,0,0.3675910532474518,collapse_test,302,test
control/fisc_032_test2_trial1_w002.npy,fisc_032,fisc_032|test2|trial1,0,0.22913895547389984,collapse_test,302,test
control/fisc_032_test2_trial1_w003.npy,fisc_032,fisc_032|test2|trial1,0,0.1898740828037262,collapse_test,302,test
control/fisc_034_test1_trial3_w000.npy,fisc_034,fisc_034|test1|trial3,0,0.10175301134586334,collapse_test,302,test
control/fisc_034_test1_trial3_w001.npy,fisc_034,fisc_034|test1|trial3,0,0.13152411580085754,collapse_test,302,test
control/fisc_034_test1_trial3_w002.npy,fisc_034,fisc_034|test1|trial3,0,0.11230488866567612,collapse_test,302,test
control/fisc_034_test1_trial3_w003.npy,fisc_034,fisc_034|test1|trial3,0,0.18660812079906464,collapse_test,302,test
control/fisc_034_test1_trial3_w004.npy,fisc_034,fisc_034|test1|trial3,0,0.44135671854019165,collapse_test,302,test
control/fisc_034_test1_trial3_w005.npy,fisc_034,fisc_034|test1|trial3,0,0.4662320911884308,collapse_test,302,test
control/fisc_034_test2_trial2_w000.npy,fisc_034,fisc_034|test2|trial2,0,0.13475976884365082,collapse_test,302,test
control/fisc_034_test2_trial2_w001.npy,fisc_034,fisc_034|test2|trial2,0,0.19302047789096832,collapse_test,302,test
control/fisc_034_test2_trial2_w002.npy,fisc_034,fisc_034|test2|trial2,0,0.12095551192760468,collapse_test,302,test
control/fisc_034_test2_trial2_w003.npy,fisc_034,fisc_034|test2|trial2,0,0.18192432820796967,collapse_test,302,test
control/fisc_034_test2_trial2_w004.npy,fisc_034,fisc_034|test2|trial2,0,0.29802706837654114,collapse_test,302,test
control/fisc_035_test1_trial2_w000.npy,fisc_035,fisc_035|test1|trial2,0,0.25057268142700195,collapse_test,302,test
control/fisc_035_test1_trial2_w001.npy,fisc_035,fisc_035|test1|trial2,0,0.14804401993751526,collapse_test,302,test
control/fisc_035_test1_trial2_w002.npy,fisc_035,fisc_035|test1|trial2,0,0.07860152423381805,collapse_test,302,test
control/fisc_035_test1_trial2_w003.npy,fisc_035,fisc_035|test1|trial2,0,0.2546314299106598,collapse_test,302,test
control/fisc_035_test1_trial2_w004.npy,fisc_035,fisc_035|test1|trial2,0,0.24129009246826172,collapse_test,302,test
control/fisc_035_test1_trial2_w005.npy,fisc_035,fisc_035|test1|trial2,0,0.31987354159355164,collapse_test,302,test
control/fisc_035_test1_trial2_w006.npy,fisc_035,fisc_035|test1|trial2,0,0.37605035305023193,collapse_test,302,test
control/fisc_035_test1_trial2_w007.npy,fisc_035,fisc_035|test1|trial2,0,0.2770507037639618,collapse_test,302,test
control/fisc_035_test1_trial2_w008.npy,fisc_035,fisc_035|test1|trial2,0,0.06799694150686264,collapse_test,302,test
control/fisc_036_test2_trial1_w000.npy,fisc_036,fisc_036|test2|trial1,0,0.24748918414115906,collapse_test,302,test
control/fisc_036_test2_trial1_w001.npy,fisc_036,fisc_036|test2|trial1,0,0.10902776569128036,collapse_test,302,test
control/fisc_036_test2_trial1_w002.npy,fisc_036,fisc_036|test2|trial1,0,0.13594593107700348,collapse_test,302,test
control/fisc_036_test2_trial1_w003.npy,fisc_036,fisc_036|test2|trial1,0,0.07948542386293411,collapse_test,302,test
control/fisc_037_test2_trial1_w000.npy,fisc_037,fisc_037|test2|trial1,0,0.10999010503292084,collapse_test,302,test
control/fisc_037_test2_trial1_w001.npy,fisc_037,fisc_037|test2|trial1,0,0.04745280370116234,collapse_test,302,test
control/fisc_037_test2_trial1_w002.npy,fisc_037,fisc_037|test2|trial1,0,0.05090600997209549,collapse_test,302,test
control/fisc_037_test2_trial1_w003.npy,fisc_037,fisc_037|test2|trial1,0,0.08794425427913666,collapse_test,302,test
control/fisc_037_test2_trial1_w004.npy,fisc_037,fisc_037|test2|trial1,0,0.036724433302879333,collapse_test,302,test
control/fisc_037_test2_trial3_w000.npy,fisc_037,fisc_037|test2|trial3,0,0.07230033725500107,collapse_test,302,test
control/fisc_037_test2_trial3_w001.npy,fisc_037,fisc_037|test2|trial3,0,0.0329238660633564,collapse_test,302,test
control/fisc_037_test2_trial3_w002.npy,fisc_037,fisc_037|test2|trial3,0,0.088384710252285,collapse_test,302,test
control/fisc_039_test1_trial1_w000.npy,fisc_039,fisc_039|test1|trial1,0,0.01517949253320694,collapse_test,302,test
control/fisc_039_test1_trial1_w001.npy,fisc_039,fisc_039|test1|trial1,0,0.06766041368246078,collapse_test,302,test
control/fisc_039_test1_trial1_w002.npy,fisc_039,fisc_039|test1|trial1,0,0.18591096997261047,collapse_test,302,test
control/fisc_039_test1_trial1_w003.npy,fisc_039,fisc_039|test1|trial1,0,0.057261548936367035,collapse_test,302,test
control/fisc_039_test2_trial2_w000.npy,fisc_039,fisc_039|test2|trial2,0,0.03357520326972008,collapse_test,302,test
control/fisc_039_test2_trial2_w001.npy,fisc_039,fisc_039|test2|trial2,0,0.07451389729976654,collapse_test,302,test
control/fisc_039_test2_trial2_w002.npy,fisc_039,fisc_039|test2|trial2,0,0.15618270635604858,collapse_test,302,test
control/fisc_039_test2_trial2_w003.npy,fisc_039,fisc_039|test2|trial2,0,0.05201928690075874,collapse_test,302,test
control/fisc_039_test2_trial3_w000.npy,fisc_039,fisc_039|test2|trial3,0,0.08645393699407578,collapse_test,302,test
control/fisc_039_test2_trial3_w001.npy,fisc_039,fisc_039|test2|trial3,0,0.11617587506771088,collapse_test,302,test
control/fisc_039_test2_trial3_w002.npy,fisc_039,fisc_039|test2|trial3,0,0.18246419727802277,collapse_test,302,test
control/fisc_041_test2_trial3_w000.npy,fisc_041,fisc_041|test2|trial3,0,0.09663403779268265,collapse_test,302,test
control/fisc_041_test2_trial3_w001.npy,fisc_041,fisc_041|test2|trial3,0,0.20635437965393066,collapse_test,302,test
control/fisc_041_test2_trial3_w002.npy,fisc_041,fisc_041|test2|trial3,0,0.20099465548992157,collapse_test,302,test
control/fisc_041_test2_trial3_w003.npy,fisc_041,fisc_041|test2|trial3,0,0.09887341409921646,collapse_test,302,test
control/fisc_041_test2_trial3_w004.npy,fisc_041,fisc_041|test2|trial3,0,0.16523925960063934,collapse_test,302,test
control/fisc_041_test2_trial3_w005.npy,fisc_041,fisc_041|test2|trial3,0,0.2564322352409363,collapse_test,302,test
control/fisc_041_test2_trial3_w006.npy,fisc_041,fisc_041|test2|trial3,0,0.24434547126293182,collapse_test,302,test
control/fisc_042_test1_trial3_w000.npy,fisc_042,fisc_042|test1|trial3,0,0.03191002085804939,collapse_test,302,test
control/fisc_042_test1_trial3_w001.npy,fisc_042,fisc_042|test1|trial3,0,0.006964847445487976,collapse_test,302,test
control/fisc_042_test1_trial3_w002.npy,fisc_042,fisc_042|test1|trial3,0,0.08607253432273865,collapse_test,302,test
control/fisc_042_test1_trial3_w003.npy,fisc_042,fisc_042|test1|trial3,0,0.3202146291732788,collapse_test,302,test
control/fisc_043_test1_trial3_w000.npy,fisc_043,fisc_043|test1|trial3,0,0.10437911748886108,collapse_test,302,test
control/fisc_043_test1_trial3_w001.npy,fisc_043,fisc_043|test1|trial3,0,0.07958465814590454,collapse_test,302,test
control/fisc_043_test1_trial3_w002.npy,fisc_043,fisc_043|test1|trial3,0,0.04163715988397598,collapse_test,302,test
control/fisc_043_test1_trial3_w003.npy,fisc_043,fisc_043|test1|trial3,0,0.2255631536245346,collapse_test,302,test
control/fisc_043_test1_trial3_w004.npy,fisc_043,fisc_043|test1|trial3,0,0.30130818486213684,collapse_test,302,test
control/fisc_046_test2_trial1_w000.npy,fisc_046,fisc_046|test2|trial1,0,0.09002827852964401,collapse_test,302,test
control/fisc_046_test2_trial1_w001.npy,fisc_046,fisc_046|test2|trial1,0,0.009174973703920841,collapse_test,302,test
control/fisc_046_test2_trial1_w002.npy,fisc_046,fisc_046|test2|trial1,0,0.019937871024012566,collapse_test,302,test
control/fisc_046_test2_trial3_w000.npy,fisc_046,fisc_046|test2|trial3,0,0.022351251915097237,collapse_test,302,test
control/fisc_046_test2_trial3_w001.npy,fisc_046,fisc_046|test2|trial3,0,0.006777789909392595,collapse_test,302,test
control/fisc_046_test2_trial3_w002.npy,fisc_046,fisc_046|test2|trial3,0,0.07766776531934738,collapse_test,302,test
control/fisc_050_test1_trial2_w000.npy,fisc_050,fisc_050|test1|trial2,0,0.10799168795347214,collapse_test,302,test
control/fisc_050_test1_trial2_w001.npy,fisc_050,fisc_050|test1|trial2,0,0.021936627104878426,collapse_test,302,test
control/fisc_050_test1_trial2_w002.npy,fisc_050,fisc_050|test1|trial2,0,0.08311928063631058,collapse_test,302,test
control/fisc_050_test1_trial2_w003.npy,fisc_050,fisc_050|test1|trial2,0,0.1447959691286087,collapse_test,302,test
control/fisc_050_test1_trial2_w004.npy,fisc_050,fisc_050|test1|trial2,0,0.12850502133369446,collapse_test,302,test
control/fisc_050_test1_trial2_w005.npy,fisc_050,fisc_050|test1|trial2,0,0.0711124837398529,collapse_test,302,test
control/fisc_074_test2_trial3_w000.npy,fisc_074,fisc_074|test2|trial3,0,0.05128163844347,collapse_test,302,test
control/fisc_074_test2_trial3_w001.npy,fisc_074,fisc_074|test2|trial3,0,0.01794491708278656,collapse_test,302,test
control/fisc_074_test2_trial3_w002.npy,fisc_074,fisc_074|test2|trial3,0,0.04446878656744957,collapse_test,302,test
control/fisc_074_test2_trial3_w003.npy,fisc_074,fisc_074|test2|trial3,0,0.053806450217962265,collapse_test,302,test
pd/fisp_013_test1_trial2_w000.npy,fisp_013,fisp_013|test1|trial2,1,0.6194667220115662,collapse_test,302,test
pd/fisp_013_test1_trial2_w001.npy,fisp_013,fisp_013|test1|trial2,1,0.6330239772796631,collapse_test,302,test
pd/fisp_013_test1_trial2_w002.npy,fisp_013,fisp_013|test1|trial2,1,0.6287638545036316,collapse_test,302,test
pd/fisp_013_test1_trial2_w003.npy,fisp_013,fisp_013|test1|trial2,1,0.3981476426124573,collapse_test,302,test
pd/fisp_013_test1_trial2_w004.npy,fisp_013,fisp_013|test1|trial2,1,0.4138214588165283,collapse_test,302,test
pd/fisp_013_test1_trial2_w005.npy,fisp_013,fisp_013|test1|trial2,1,0.5225371718406677,collapse_test,302,test
pd/fisp_013_test1_trial2_w006.npy,fisp_013,fisp_013|test1|trial2,1,0.5796931982040405,collapse_test,302,test
pd/fisp_013_test1_trial2_w007.npy,fisp_013,fisp_013|test1|trial2,1,0.6159725189208984,collapse_test,302,test
pd/fisp_013_test1_trial2_w008.npy,fisp_013,fisp_013|test1|trial2,1,0.4730696380138397,collapse_test,302,test
pd/fisp_013_test2_trial2_w000.npy,fisp_013,fisp_013|test2|trial2,1,0.6450091004371643,collapse_test,302,test
pd/fisp_013_test2_trial2_w001.npy,fisp_013,fisp_013|test2|trial2,1,0.6387101411819458,collapse_test,302,test
pd/fisp_013_test2_trial2_w002.npy,fisp_013,fisp_013|test2|trial2,1,0.4975702464580536,collapse_test,302,test
pd/fisp_013_test2_trial2_w003.npy,fisp_013,fisp_013|test2|trial2,1,0.4407545328140259,collapse_test,302,test
pd/fisp_013_test2_trial2_w004.npy,fisp_013,fisp_013|test2|trial2,1,0.5417186617851257,collapse_test,302,test
pd/fisp_014_test1_trial2_w000.npy,fisp_014,fisp_014|test1|trial2,1,0.27189913392066956,collapse_test,302,test
pd/fisp_014_test1_trial2_w001.npy,fisp_014,fisp_014|test1|trial2,1,0.25775429606437683,collapse_test,302,test
pd/fisp_014_test1_trial2_w002.npy,fisp_014,fisp_014|test1|trial2,1,0.16745342314243317,collapse_test,302,test
pd/fisp_014_test1_trial2_w003.npy,fisp_014,fisp_014|test1|trial2,1,0.13729357719421387,collapse_test,302,test
pd/fisp_014_test1_trial2_w004.npy,fisp_014,fisp_014|test1|trial2,1,0.31772005558013916,collapse_test,302,test
pd/fisp_014_test1_trial2_w005.npy,fisp_014,fisp_014|test1|trial2,1,0.12651999294757843,collapse_test,302,test
pd/fisp_014_test1_trial2_w006.npy,fisp_014,fisp_014|test1|trial2,1,0.12156219780445099,collapse_test,302,test
pd/fisp_015_test1_trial2_w000.npy,fisp_015,fisp_015|test1|trial2,1,0.6067938208580017,collapse_test,302,test
pd/fisp_015_test1_trial2_w001.npy,fisp_015,fisp_015|test1|trial2,1,0.7171285152435303,collapse_test,302,test
pd/fisp_015_test1_trial2_w002.npy,fisp_015,fisp_015|test1|trial2,1,0.5955920219421387,collapse_test,302,test
pd/fisp_015_test1_trial2_w003.npy,fisp_015,fisp_015|test1|trial2,1,0.5615159273147583,collapse_test,302,test
pd/fisp_015_test1_trial2_w004.npy,fisp_015,fisp_015|test1|trial2,1,0.6406709551811218,collapse_test,302,test
pd/fisp_015_test1_trial2_w005.npy,fisp_015,fisp_015|test1|trial2,1,0.7099983096122742,collapse_test,302,test
pd/fisp_015_test1_trial2_w006.npy,fisp_015,fisp_015|test1|trial2,1,0.6906459331512451,collapse_test,302,test
pd/fisp_015_test1_trial3_w000.npy,fisp_015,fisp_015|test1|trial3,1,0.7403789162635803,collapse_test,302,test
pd/fisp_015_test1_trial3_w001.npy,fisp_015,fisp_015|test1|trial3,1,0.5473897457122803,collapse_test,302,test
pd/fisp_015_test1_trial3_w002.npy,fisp_015,fisp_015|test1|trial3,1,0.5795848369598389,collapse_test,302,test
pd/fisp_015_test1_trial3_w003.npy,fisp_015,fisp_015|test1|trial3,1,0.5576848983764648,collapse_test,302,test
pd/fisp_015_test1_trial3_w004.npy,fisp_015,fisp_015|test1|trial3,1,0.5162688493728638,collapse_test,302,test
pd/fisp_015_test1_trial3_w005.npy,fisp_015,fisp_015|test1|trial3,1,0.6738483309745789,collapse_test,302,test
pd/fisp_015_test1_trial3_w006.npy,fisp_015,fisp_015|test1|trial3,1,0.7180958986282349,collapse_test,302,test
pd/fisp_015_test2_trial2_w000.npy,fisp_015,fisp_015|test2|trial2,1,0.6485725045204163,collapse_test,302,test
pd/fisp_015_test2_trial2_w001.npy,fisp_015,fisp_015|test2|trial2,1,0.595112144947052,collapse_test,302,test
pd/fisp_015_test2_trial2_w002.npy,fisp_015,fisp_015|test2|trial2,1,0.4921731650829315,collapse_test,302,test
pd/fisp_015_test2_trial2_w003.npy,fisp_015,fisp_015|test2|trial2,1,0.5580477714538574,collapse_test,302,test
pd/fisp_015_test2_trial2_w004.npy,fisp_015,fisp_015|test2|trial2,1,0.6256741285324097,collapse_test,302,test
pd/fisp_021_test1_trial1_w000.npy,fisp_021,fisp_021|test1|trial1,1,0.5681565403938293,collapse_test,302,test
pd/fisp_021_test1_trial1_w001.npy,fisp_021,fisp_021|test1|trial1,1,0.6125611066818237,collapse_test,302,test
pd/fisp_021_test1_trial1_w002.npy,fisp_021,fisp_021|test1|trial1,1,0.6141365170478821,collapse_test,302,test
pd/fisp_021_test1_trial1_w003.npy,fisp_021,fisp_021|test1|trial1,1,0.6658920049667358,collapse_test,302,test
pd/fisp_021_test2_trial3_w000.npy,fisp_021,fisp_021|test2|trial3,1,0.6804600358009338,collapse_test,302,test
pd/fisp_021_test2_trial3_w001.npy,fisp_021,fisp_021|test2|trial3,1,0.45512211322784424,collapse_test,302,test
pd/fisp_021_test2_trial3_w002.npy,fisp_021,fisp_021|test2|trial3,1,0.40869972109794617,collapse_test,302,test
pd/fisp_021_test2_trial3_w003.npy,fisp_021,fisp_021|test2|trial3,1,0.5957443118095398,collapse_test,302,test
pd/fisp_022_test1_trial2_w000.npy,fisp_022,fisp_022|test1|trial2,1,0.5796510577201843,collapse_test,302,test
pd/fisp_022_test1_trial2_w001.npy,fisp_022,fisp_022|test1|trial2,1,0.6255666017532349,collapse_test,302,test
pd/fisp_022_test1_trial2_w002.npy,fisp_022,fisp_022|test1|trial2,1,0.697761595249176,collapse_test,302,test
pd/fisp_022_test1_trial2_w003.npy,fisp_022,fisp_022|test1|trial2,1,0.575184166431427,collapse_test,302,test
pd/fisp_022_test1_trial2_w004.npy,fisp_022,fisp_022|test1|trial2,1,0.39271774888038635,collapse_test,302,test
pd/fisp_022_test1_trial2_w005.npy,fisp_022,fisp_022|test1|trial2,1,0.5672110319137573,collapse_test,302,test
pd/fisp_022_test2_trial3_w000.npy,fisp_022,fisp_022|test2|trial3,1,0.6687290668487549,collapse_test,302,test
pd/fisp_022_test2_trial3_w001.npy,fisp_022,fisp_022|test2|trial3,1,0.5056309103965759,collapse_test,302,test
pd/fisp_022_test2_trial3_w002.npy,fisp_022,fisp_022|test2|trial3,1,0.6719180941581726,collapse_test,302,test
pd/fisp_022_test2_trial3_w003.npy,fisp_022,fisp_022|test2|trial3,1,0.6037996411323547,collapse_test,302,test
pd/fisp_024_test1_trial2_w000.npy,fisp_024,fisp_024|test1|trial2,1,0.600692629814148,collapse_test,302,test
pd/fisp_024_test1_trial2_w001.npy,fisp_024,fisp_024|test1|trial2,1,0.39067983627319336,collapse_test,302,test
pd/fisp_024_test1_trial2_w002.npy,fisp_024,fisp_024|test1|trial2,1,0.3245968222618103,collapse_test,302,test
pd/fisp_024_test1_trial2_w003.npy,fisp_024,fisp_024|test1|trial2,1,0.5350318551063538,collapse_test,302,test
pd/fisp_024_test1_trial2_w004.npy,fisp_024,fisp_024|test1|trial2,1,0.6388584971427917,collapse_test,302,test
pd/fisp_024_test2_trial3_w000.npy,fisp_024,fisp_024|test2|trial3,1,0.7116119861602783,collapse_test,302,test
pd/fisp_024_test2_trial3_w001.npy,fisp_024,fisp_024|test2|trial3,1,0.6870477795600891,collapse_test,302,test
pd/fisp_024_test2_trial3_w002.npy,fisp_024,fisp_024|test2|trial3,1,0.597261905670166,collapse_test,302,test
pd/fisp_024_test2_trial3_w003.npy,fisp_024,fisp_024|test2|trial3,1,0.5680646300315857,collapse_test,302,test
pd/fisp_026_test2_trial2_w000.npy,fisp_026,fisp_026|test2|trial2,1,0.7335984706878662,collapse_test,302,test
pd/fisp_026_test2_trial2_w001.npy,fisp_026,fisp_026|test2|trial2,1,0.7279026508331299,collapse_test,302,test
pd/fisp_026_test2_trial2_w002.npy,fisp_026,fisp_026|test2|trial2,1,0.6400833129882812,collapse_test,302,test
pd/fisp_026_test2_trial2_w003.npy,fisp_026,fisp_026|test2|trial2,1,0.5836418867111206,collapse_test,302,test
pd/fisp_026_test2_trial2_w004.npy,fisp_026,fisp_026|test2|trial2,1,0.6378812789916992,collapse_test,302,test
pd/fisp_026_test2_trial2_w005.npy,fisp_026,fisp_026|test2|trial2,1,0.6383667588233948,collapse_test,302,test
pd/fisp_026_test2_trial2_w006.npy,fisp_026,fisp_026|test2|trial2,1,0.5813190937042236,collapse_test,302,test
pd/fisp_026_test2_trial2_w007.npy,fisp_026,fisp_026|test2|trial2,1,0.6924487352371216,collapse_test,302,test
pd/fisp_026_test2_trial3_w000.npy,fisp_026,fisp_026|test2|trial3,1,0.707333505153656,collapse_test,302,test
pd/fisp_026_test2_trial3_w001.npy,fisp_026,fisp_026|test2|trial3,1,0.6488965749740601,collapse_test,302,test
pd/fisp_026_test2_trial3_w002.npy,fisp_026,fisp_026|test2|trial3,1,0.5226801037788391,collapse_test,302,test
pd/fisp_026_test2_trial3_w003.npy,fisp_026,fisp_026|test2|trial3,1,0.558894157409668,collapse_test,302,test
pd/fisp_026_test2_trial3_w004.npy,fisp_026,fisp_026|test2|trial3,1,0.5747855305671692,collapse_test,302,test
pd/fisp_026_test2_trial3_w005.npy,fisp_026,fisp_026|test2|trial3,1,0.5949798226356506,collapse_test,302,test
pd/fisp_026_test2_trial3_w006.npy,fisp_026,fisp_026|test2|trial3,1,0.6586127877235413,collapse_test,302,test
pd/fisp_026_test2_trial3_w007.npy,fisp_026,fisp_026|test2|trial3,1,0.700409471988678,collapse_test,302,test
pd/fisp_026_test2_trial3_w008.npy,fisp_026,fisp_026|test2|trial3,1,0.7126251459121704,collapse_test,302,test
pd/fisp_027_test2_trial2_w000.npy,fisp_027,fisp_027|test2|trial2,1,0.739810049533844,collapse_test,302,test
pd/fisp_027_test2_trial2_w001.npy,fisp_027,fisp_027|test2|trial2,1,0.6993120908737183,collapse_test,302,test
pd/fisp_027_test2_trial2_w002.npy,fisp_027,fisp_027|test2|trial2,1,0.6670410633087158,collapse_test,302,test
pd/fisp_027_test2_trial2_w003.npy,fisp_027,fisp_027|test2|trial2,1,0.596510112285614,collapse_test,302,test
pd/fisp_027_test2_trial2_w004.npy,fisp_027,fisp_027|test2|trial2,1,0.6899009346961975,collapse_test,302,test
pd/fisp_027_test2_trial2_w005.npy,fisp_027,fisp_027|test2|trial2,1,0.7396187782287598,collapse_test,302,test
pd/fisp_041_test1_trial1_w000.npy,fisp_041,fisp_041|test1|trial1,1,0.09650339186191559,collapse_test,302,test
pd/fisp_041_test1_trial1_w001.npy,fisp_041,fisp_041|test1|trial1,1,0.08880918473005295,collapse_test,302,test
pd/fisp_041_test1_trial1_w002.npy,fisp_041,fisp_041|test1|trial1,1,0.16869919002056122,collapse_test,302,test
pd/fisp_041_test1_trial1_w003.npy,fisp_041,fisp_041|test1|trial1,1,0.10112670809030533,collapse_test,302,test
pd/fisp_041_test1_trial1_w004.npy,fisp_041,fisp_041|test1|trial1,1,0.1521807163953781,collapse_test,302,test
pd/fisp_041_test2_trial2_w000.npy,fisp_041,fisp_041|test2|trial2,1,0.4462326467037201,collapse_test,302,test
pd/fisp_041_test2_trial2_w001.npy,fisp_041,fisp_041|test2|trial2,1,0.271518349647522,collapse_test,302,test
pd/fisp_041_test2_trial2_w002.npy,fisp_041,fisp_041|test2|trial2,1,0.14814098179340363,collapse_test,302,test
pd/fisp_041_test2_trial2_w003.npy,fisp_041,fisp_041|test2|trial2,1,0.1584760993719101,collapse_test,302,test
pd/fisp_042_test2_trial1_w000.npy,fisp_042,fisp_042|test2|trial1,1,0.46023526787757874,collapse_test,302,test
pd/fisp_042_test2_trial1_w001.npy,fisp_042,fisp_042|test2|trial1,1,0.2857685685157776,collapse_test,302,test
pd/fisp_042_test2_trial1_w002.npy,fisp_042,fisp_042|test2|trial1,1,0.33422788977622986,collapse_test,302,test
pd/fisp_042_test2_trial1_w003.npy,fisp_042,fisp_042|test2|trial1,1,0.4126300811767578,collapse_test,302,test
pd/fisp_042_test2_trial1_w004.npy,fisp_042,fisp_042|test2|trial1,1,0.24593785405158997,collapse_test,302,test
pd/fisp_049_test2_trial1_w000.npy,fisp_049,fisp_049|test2|trial1,1,0.512403130531311,collapse_test,302,test
pd/fisp_049_test2_trial1_w001.npy,fisp_049,fisp_049|test2|trial1,1,0.3118452727794647,collapse_test,302,test
pd/fisp_049_test2_trial1_w002.npy,fisp_049,fisp_049|test2|trial1,1,0.20785611867904663,collapse_test,302,test
pd/fisp_049_test2_trial1_w003.npy,fisp_049,fisp_049|test2|trial1,1,0.20901623368263245,collapse_test,302,test
pd/fisp_049_test2_trial1_w004.npy,fisp_049,fisp_049|test2|trial1,1,0.33472776412963867,collapse_test,302,test
pd/fisp_052_test1_trial2_w000.npy,fisp_052,fisp_052|test1|trial2,1,0.08703143894672394,collapse_test,302,test
pd/fisp_052_test1_trial2_w001.npy,fisp_052,fisp_052|test1|trial2,1,0.06979484111070633,collapse_test,302,test
pd/fisp_052_test1_trial2_w002.npy,fisp_052,fisp_052|test1|trial2,1,0.09420660138130188,collapse_test,302,test
pd/fisp_052_test1_trial2_w003.npy,fisp_052,fisp_052|test1|trial2,1,0.12824638187885284,collapse_test,302,test
control/fisc_008_test1_trial1_w000.npy,fisc_008,fisc_008|test1|trial1,0,0.5693782567977905,collapse_test,302,never_seen
control/fisc_008_test1_trial1_w001.npy,fisc_008,fisc_008|test1|trial1,0,0.503690779209137,collapse_test,302,never_seen
control/fisc_008_test1_trial1_w002.npy,fisc_008,fisc_008|test1|trial1,0,0.5037966370582581,collapse_test,302,never_seen
control/fisc_008_test1_trial2_w000.npy,fisc_008,fisc_008|test1|trial2,0,0.5526113510131836,collapse_test,302,never_seen
control/fisc_008_test1_trial2_w001.npy,fisc_008,fisc_008|test1|trial2,0,0.5202476978302002,collapse_test,302,never_seen
control/fisc_008_test1_trial2_w002.npy,fisc_008,fisc_008|test1|trial2,0,0.577844500541687,collapse_test,302,never_seen
control/fisc_008_test1_trial3_w000.npy,fisc_008,fisc_008|test1|trial3,0,0.49698808789253235,collapse_test,302,never_seen
control/fisc_008_test1_trial3_w001.npy,fisc_008,fisc_008|test1|trial3,0,0.5410661101341248,collapse_test,302,never_seen
control/fisc_008_test1_trial3_w002.npy,fisc_008,fisc_008|test1|trial3,0,0.5413274168968201,collapse_test,302,never_seen
control/fisc_008_test2_trial1_w000.npy,fisc_008,fisc_008|test2|trial1,0,0.5009341835975647,collapse_test,302,never_seen
control/fisc_008_test2_trial1_w001.npy,fisc_008,fisc_008|test2|trial1,0,0.6404767036437988,collapse_test,302,never_seen
control/fisc_008_test2_trial1_w002.npy,fisc_008,fisc_008|test2|trial1,0,0.49039968848228455,collapse_test,302,never_seen
control/fisc_008_test2_trial2_w000.npy,fisc_008,fisc_008|test2|trial2,0,0.5970132350921631,collapse_test,302,never_seen
control/fisc_008_test2_trial2_w001.npy,fisc_008,fisc_008|test2|trial2,0,0.6104887127876282,collapse_test,302,never_seen
control/fisc_008_test2_trial2_w002.npy,fisc_008,fisc_008|test2|trial2,0,0.4999469518661499,collapse_test,302,never_seen
control/fisc_008_test2_trial3_w000.npy,fisc_008,fisc_008|test2|trial3,0,0.5515095591545105,collapse_test,302,never_seen
control/fisc_008_test2_trial3_w001.npy,fisc_008,fisc_008|test2|trial3,0,0.6639037132263184,collapse_test,302,never_seen
control/fisc_010_test1_trial1_w000.npy,fisc_010,fisc_010|test1|trial1,0,0.6059849262237549,collapse_test,302,never_seen
control/fisc_010_test1_trial1_w001.npy,fisc_010,fisc_010|test1|trial1,0,0.609168291091919,collapse_test,302,never_seen
control/fisc_010_test1_trial1_w002.npy,fisc_010,fisc_010|test1|trial1,0,0.47867700457572937,collapse_test,302,never_seen
control/fisc_010_test1_trial1_w003.npy,fisc_010,fisc_010|test1|trial1,0,0.4355759918689728,collapse_test,302,never_seen
control/fisc_010_test1_trial1_w004.npy,fisc_010,fisc_010|test1|trial1,0,0.4727962017059326,collapse_test,302,never_seen
control/fisc_010_test1_trial1_w005.npy,fisc_010,fisc_010|test1|trial1,0,0.6043701171875,collapse_test,302,never_seen
control/fisc_010_test1_trial1_w006.npy,fisc_010,fisc_010|test1|trial1,0,0.7042751908302307,collapse_test,302,never_seen
control/fisc_010_test1_trial2_w000.npy,fisc_010,fisc_010|test1|trial2,0,0.5644806623458862,collapse_test,302,never_seen
control/fisc_010_test1_trial2_w001.npy,fisc_010,fisc_010|test1|trial2,0,0.6088076829910278,collapse_test,302,never_seen
control/fisc_010_test1_trial2_w002.npy,fisc_010,fisc_010|test1|trial2,0,0.5853735208511353,collapse_test,302,never_seen
control/fisc_010_test1_trial2_w003.npy,fisc_010,fisc_010|test1|trial2,0,0.5989387631416321,collapse_test,302,never_seen
control/fisc_010_test1_trial2_w004.npy,fisc_010,fisc_010|test1|trial2,0,0.7425881028175354,collapse_test,302,never_seen
control/fisc_010_test1_trial3_w000.npy,fisc_010,fisc_010|test1|trial3,0,0.6156375408172607,collapse_test,302,never_seen
control/fisc_010_test1_trial3_w001.npy,fisc_010,fisc_010|test1|trial3,0,0.5186246037483215,collapse_test,302,never_seen
control/fisc_010_test1_trial3_w002.npy,fisc_010,fisc_010|test1|trial3,0,0.3641607165336609,collapse_test,302,never_seen
control/fisc_010_test1_trial3_w003.npy,fisc_010,fisc_010|test1|trial3,0,0.4846991300582886,collapse_test,302,never_seen
control/fisc_010_test1_trial3_w004.npy,fisc_010,fisc_010|test1|trial3,0,0.6252756714820862,collapse_test,302,never_seen
control/fisc_010_test2_trial1_w000.npy,fisc_010,fisc_010|test2|trial1,0,0.7255349159240723,collapse_test,302,never_seen
control/fisc_010_test2_trial1_w001.npy,fisc_010,fisc_010|test2|trial1,0,0.4964498281478882,collapse_test,302,never_seen
control/fisc_010_test2_trial1_w002.npy,fisc_010,fisc_010|test2|trial1,0,0.3469921946525574,collapse_test,302,never_seen
control/fisc_010_test2_trial1_w003.npy,fisc_010,fisc_010|test2|trial1,0,0.5009753704071045,collapse_test,302,never_seen
control/fisc_010_test2_trial2_w000.npy,fisc_010,fisc_010|test2|trial2,0,0.6389074921607971,collapse_test,302,never_seen
control/fisc_010_test2_trial2_w001.npy,fisc_010,fisc_010|test2|trial2,0,0.5846043229103088,collapse_test,302,never_seen
control/fisc_010_test2_trial2_w002.npy,fisc_010,fisc_010|test2|trial2,0,0.5648996233940125,collapse_test,302,never_seen
control/fisc_010_test2_trial2_w003.npy,fisc_010,fisc_010|test2|trial2,0,0.4880198538303375,collapse_test,302,never_seen
control/fisc_010_test2_trial2_w004.npy,fisc_010,fisc_010|test2|trial2,0,0.534873366355896,collapse_test,302,never_seen
control/fisc_010_test2_trial3_w000.npy,fisc_010,fisc_010|test2|trial3,0,0.5698122978210449,collapse_test,302,never_seen
control/fisc_010_test2_trial3_w001.npy,fisc_010,fisc_010|test2|trial3,0,0.5437846183776855,collapse_test,302,never_seen
control/fisc_010_test2_trial3_w002.npy,fisc_010,fisc_010|test2|trial3,0,0.5262364149093628,collapse_test,302,never_seen
control/fisc_010_test2_trial3_w003.npy,fisc_010,fisc_010|test2|trial3,0,0.5252218246459961,collapse_test,302,never_seen
control/fisc_010_test2_trial3_w004.npy,fisc_010,fisc_010|test2|trial3,0,0.5643948316574097,collapse_test,302,never_seen
control/fisc_040_test1_trial1_w000.npy,fisc_040,fisc_040|test1|trial1,0,0.14670567214488983,collapse_test,302,never_seen
control/fisc_040_test1_trial1_w001.npy,fisc_040,fisc_040|test1|trial1,0,0.0688367560505867,collapse_test,302,never_seen
control/fisc_040_test1_trial1_w002.npy,fisc_040,fisc_040|test1|trial1,0,0.06297589093446732,collapse_test,302,never_seen
control/fisc_040_test1_trial1_w003.npy,fisc_040,fisc_040|test1|trial1,0,0.11830557882785797,collapse_test,302,never_seen
control/fisc_040_test1_trial2_w000.npy,fisc_040,fisc_040|test1|trial2,0,0.09046828746795654,collapse_test,302,never_seen
control/fisc_040_test1_trial2_w001.npy,fisc_040,fisc_040|test1|trial2,0,0.05336499586701393,collapse_test,302,never_seen
control/fisc_040_test1_trial2_w002.npy,fisc_040,fisc_040|test1|trial2,0,0.07036972790956497,collapse_test,302,never_seen
control/fisc_040_test1_trial2_w003.npy,fisc_040,fisc_040|test1|trial2,0,0.12422322481870651,collapse_test,302,never_seen
control/fisc_040_test1_trial3_w000.npy,fisc_040,fisc_040|test1|trial3,0,0.14688196778297424,collapse_test,302,never_seen
control/fisc_040_test1_trial3_w001.npy,fisc_040,fisc_040|test1|trial3,0,0.04781487211585045,collapse_test,302,never_seen
control/fisc_040_test1_trial3_w002.npy,fisc_040,fisc_040|test1|trial3,0,0.057102374732494354,collapse_test,302,never_seen
control/fisc_040_test1_trial3_w003.npy,fisc_040,fisc_040|test1|trial3,0,0.11861497908830643,collapse_test,302,never_seen
control/fisc_040_test2_trial1_w000.npy,fisc_040,fisc_040|test2|trial1,0,0.37564194202423096,collapse_test,302,never_seen
control/fisc_040_test2_trial1_w001.npy,fisc_040,fisc_040|test2|trial1,0,0.09095273166894913,collapse_test,302,never_seen
control/fisc_040_test2_trial1_w002.npy,fisc_040,fisc_040|test2|trial1,0,0.17847992479801178,collapse_test,302,never_seen
control/fisc_040_test2_trial2_w000.npy,fisc_040,fisc_040|test2|trial2,0,0.20198538899421692,collapse_test,302,never_seen
control/fisc_040_test2_trial2_w001.npy,fisc_040,fisc_040|test2|trial2,0,0.099756620824337,collapse_test,302,never_seen
control/fisc_040_test2_trial2_w002.npy,fisc_040,fisc_040|test2|trial2,0,0.1779632866382599,collapse_test,302,never_seen
control/fisc_040_test2_trial3_w000.npy,fisc_040,fisc_040|test2|trial3,0,0.13543249666690826,collapse_test,302,never_seen
control/fisc_040_test2_trial3_w001.npy,fisc_040,fisc_040|test2|trial3,0,0.10832343250513077,collapse_test,302,never_seen
control/fisc_040_test2_trial3_w002.npy,fisc_040,fisc_040|test2|trial3,0,0.18604813516139984,collapse_test,302,never_seen
control/fisc_048_test1_trial1_w000.npy,fisc_048,fisc_048|test1|trial1,0,0.05066705495119095,collapse_test,302,never_seen
control/fisc_048_test1_trial1_w001.npy,fisc_048,fisc_048|test1|trial1,0,0.05458388850092888,collapse_test,302,never_seen
control/fisc_048_test1_trial1_w002.npy,fisc_048,fisc_048|test1|trial1,0,0.22434821724891663,collapse_test,302,never_seen
control/fisc_048_test1_trial1_w003.npy,fisc_048,fisc_048|test1|trial1,0,0.16669440269470215,collapse_test,302,never_seen
control/fisc_048_test1_trial1_w004.npy,fisc_048,fisc_048|test1|trial1,0,0.1017843559384346,collapse_test,302,never_seen
control/fisc_048_test1_trial2_w000.npy,fisc_048,fisc_048|test1|trial2,0,0.05035937950015068,collapse_test,302,never_seen
control/fisc_048_test1_trial2_w001.npy,fisc_048,fisc_048|test1|trial2,0,0.22605112195014954,collapse_test,302,never_seen
control/fisc_048_test1_trial2_w002.npy,fisc_048,fisc_048|test1|trial2,0,0.1000714898109436,collapse_test,302,never_seen
control/fisc_048_test1_trial2_w003.npy,fisc_048,fisc_048|test1|trial2,0,0.03645428270101547,collapse_test,302,never_seen
control/fisc_048_test1_trial2_w004.npy,fisc_048,fisc_048|test1|trial2,0,0.03020353615283966,collapse_test,302,never_seen
control/fisc_048_test1_trial3_w000.npy,fisc_048,fisc_048|test1|trial3,0,0.05631579831242561,collapse_test,302,never_seen
control/fisc_048_test1_trial3_w001.npy,fisc_048,fisc_048|test1|trial3,0,0.17227742075920105,collapse_test,302,never_seen
control/fisc_048_test1_trial3_w002.npy,fisc_048,fisc_048|test1|trial3,0,0.19874100387096405,collapse_test,302,never_seen
control/fisc_048_test1_trial3_w003.npy,fisc_048,fisc_048|test1|trial3,0,0.05891231447458267,collapse_test,302,never_seen
control/fisc_048_test1_trial3_w004.npy,fisc_048,fisc_048|test1|trial3,0,0.08134657889604568,collapse_test,302,never_seen
control/fisc_048_test2_trial1_w000.npy,fisc_048,fisc_048|test2|trial1,0,0.015065521001815796,collapse_test,302,never_seen
control/fisc_048_test2_trial1_w001.npy,fisc_048,fisc_048|test2|trial1,0,0.09503628313541412,collapse_test,302,never_seen
control/fisc_048_test2_trial1_w002.npy,fisc_048,fisc_048|test2|trial1,0,0.26118382811546326,collapse_test,302,never_seen
control/fisc_048_test2_trial1_w003.npy,fisc_048,fisc_048|test2|trial1,0,0.08861665427684784,collapse_test,302,never_seen
control/fisc_048_test2_trial2_w000.npy,fisc_048,fisc_048|test2|trial2,0,0.04397706687450409,collapse_test,302,never_seen
control/fisc_048_test2_trial2_w001.npy,fisc_048,fisc_048|test2|trial2,0,0.16287720203399658,collapse_test,302,never_seen
control/fisc_048_test2_trial2_w002.npy,fisc_048,fisc_048|test2|trial2,0,0.2501417398452759,collapse_test,302,never_seen
control/fisc_048_test2_trial2_w003.npy,fisc_048,fisc_048|test2|trial2,0,0.099696584045887,collapse_test,302,never_seen
control/fisc_048_test2_trial3_w000.npy,fisc_048,fisc_048|test2|trial3,0,0.04775221273303032,collapse_test,302,never_seen
control/fisc_048_test2_trial3_w001.npy,fisc_048,fisc_048|test2|trial3,0,0.12658362090587616,collapse_test,302,never_seen
control/fisc_048_test2_trial3_w002.npy,fisc_048,fisc_048|test2|trial3,0,0.22513608634471893,collapse_test,302,never_seen
control/fisc_048_test2_trial3_w003.npy,fisc_048,fisc_048|test2|trial3,0,0.10055476427078247,collapse_test,302,never_seen
control/fisc_049_test1_trial1_w000.npy,fisc_049,fisc_049|test1|trial1,0,0.05727327987551689,collapse_test,302,never_seen
control/fisc_049_test1_trial1_w001.npy,fisc_049,fisc_049|test1|trial1,0,0.0794224813580513,collapse_test,302,never_seen
control/fisc_049_test1_trial1_w002.npy,fisc_049,fisc_049|test1|trial1,0,0.27270179986953735,collapse_test,302,never_seen
control/fisc_049_test1_trial1_w003.npy,fisc_049,fisc_049|test1|trial1,0,0.047657135874032974,collapse_test,302,never_seen
control/fisc_049_test1_trial2_w000.npy,fisc_049,fisc_049|test1|trial2,0,0.06177467107772827,collapse_test,302,never_seen
control/fisc_049_test1_trial2_w001.npy,fisc_049,fisc_049|test1|trial2,0,0.04279840737581253,collapse_test,302,never_seen
control/fisc_049_test1_trial2_w002.npy,fisc_049,fisc_049|test1|trial2,0,0.11437832564115524,collapse_test,302,never_seen
control/fisc_049_test1_trial2_w003.npy,fisc_049,fisc_049|test1|trial2,0,0.07489985972642899,collapse_test,302,never_seen
control/fisc_049_test1_trial3_w000.npy,fisc_049,fisc_049|test1|trial3,0,0.03358397260308266,collapse_test,302,never_seen
control/fisc_049_test1_trial3_w001.npy,fisc_049,fisc_049|test1|trial3,0,0.04830312728881836,collapse_test,302,never_seen
control/fisc_049_test1_trial3_w002.npy,fisc_049,fisc_049|test1|trial3,0,0.23218278586864471,collapse_test,302,never_seen
control/fisc_049_test1_trial3_w003.npy,fisc_049,fisc_049|test1|trial3,0,0.07439718395471573,collapse_test,302,never_seen
control/fisc_049_test1_trial3_w004.npy,fisc_049,fisc_049|test1|trial3,0,0.11733488738536835,collapse_test,302,never_seen
control/fisc_049_test2_trial1_w000.npy,fisc_049,fisc_049|test2|trial1,0,0.17748725414276123,collapse_test,302,never_seen
control/fisc_049_test2_trial1_w001.npy,fisc_049,fisc_049|test2|trial1,0,0.13085561990737915,collapse_test,302,never_seen
control/fisc_049_test2_trial1_w002.npy,fisc_049,fisc_049|test2|trial1,0,0.15991659462451935,collapse_test,302,never_seen
control/fisc_049_test2_trial1_w003.npy,fisc_049,fisc_049|test2|trial1,0,0.07714413106441498,collapse_test,302,never_seen
control/fisc_049_test2_trial2_w000.npy,fisc_049,fisc_049|test2|trial2,0,0.12010537832975388,collapse_test,302,never_seen
control/fisc_049_test2_trial2_w001.npy,fisc_049,fisc_049|test2|trial2,0,0.22450990974903107,collapse_test,302,never_seen
control/fisc_049_test2_trial2_w002.npy,fisc_049,fisc_049|test2|trial2,0,0.2791062593460083,collapse_test,302,never_seen
control/fisc_049_test2_trial2_w003.npy,fisc_049,fisc_049|test2|trial2,0,0.08472231030464172,collapse_test,302,never_seen
control/fisc_049_test2_trial3_w000.npy,fisc_049,fisc_049|test2|trial3,0,0.16519927978515625,collapse_test,302,never_seen
control/fisc_049_test2_trial3_w001.npy,fisc_049,fisc_049|test2|trial3,0,0.11152420938014984,collapse_test,302,never_seen
control/fisc_049_test2_trial3_w002.npy,fisc_049,fisc_049|test2|trial3,0,0.1451658457517624,collapse_test,302,never_seen
control/fisc_049_test2_trial3_w003.npy,fisc_049,fisc_049|test2|trial3,0,0.10065110772848129,collapse_test,302,never_seen
pd/fisp_012_test1_trial1_w000.npy,fisp_012,fisp_012|test1|trial1,1,0.21131299436092377,collapse_test,302,never_seen
pd/fisp_012_test1_trial1_w001.npy,fisp_012,fisp_012|test1|trial1,1,0.16102783381938934,collapse_test,302,never_seen
pd/fisp_012_test1_trial1_w002.npy,fisp_012,fisp_012|test1|trial1,1,0.3208142817020416,collapse_test,302,never_seen
pd/fisp_012_test1_trial1_w003.npy,fisp_012,fisp_012|test1|trial1,1,0.36402538418769836,collapse_test,302,never_seen
pd/fisp_012_test1_trial1_w004.npy,fisp_012,fisp_012|test1|trial1,1,0.41428032517433167,collapse_test,302,never_seen
pd/fisp_012_test1_trial1_w005.npy,fisp_012,fisp_012|test1|trial1,1,0.2963126301765442,collapse_test,302,never_seen
pd/fisp_012_test1_trial1_w006.npy,fisp_012,fisp_012|test1|trial1,1,0.14606574177742004,collapse_test,302,never_seen
pd/fisp_012_test1_trial1_w007.npy,fisp_012,fisp_012|test1|trial1,1,0.07237493991851807,collapse_test,302,never_seen
pd/fisp_012_test1_trial1_w008.npy,fisp_012,fisp_012|test1|trial1,1,0.021004334092140198,collapse_test,302,never_seen
pd/fisp_012_test1_trial2_w000.npy,fisp_012,fisp_012|test1|trial2,1,0.07073459774255753,collapse_test,302,never_seen
pd/fisp_012_test1_trial2_w001.npy,fisp_012,fisp_012|test1|trial2,1,0.09272992610931396,collapse_test,302,never_seen
pd/fisp_012_test1_trial2_w002.npy,fisp_012,fisp_012|test1|trial2,1,0.2267950177192688,collapse_test,302,never_seen
pd/fisp_012_test1_trial2_w003.npy,fisp_012,fisp_012|test1|trial2,1,0.3387357294559479,collapse_test,302,never_seen
pd/fisp_012_test1_trial2_w004.npy,fisp_012,fisp_012|test1|trial2,1,0.2606002688407898,collapse_test,302,never_seen
pd/fisp_012_test1_trial2_w005.npy,fisp_012,fisp_012|test1|trial2,1,0.22024796903133392,collapse_test,302,never_seen
pd/fisp_012_test1_trial2_w006.npy,fisp_012,fisp_012|test1|trial2,1,0.10408378392457962,collapse_test,302,never_seen
pd/fisp_012_test1_trial2_w007.npy,fisp_012,fisp_012|test1|trial2,1,0.03489493951201439,collapse_test,302,never_seen
pd/fisp_012_test1_trial3_w000.npy,fisp_012,fisp_012|test1|trial3,1,0.12730208039283752,collapse_test,302,never_seen
pd/fisp_012_test1_trial3_w001.npy,fisp_012,fisp_012|test1|trial3,1,0.14900130033493042,collapse_test,302,never_seen
pd/fisp_012_test1_trial3_w002.npy,fisp_012,fisp_012|test1|trial3,1,0.14545442163944244,collapse_test,302,never_seen
pd/fisp_012_test1_trial3_w003.npy,fisp_012,fisp_012|test1|trial3,1,0.16535897552967072,collapse_test,302,never_seen
pd/fisp_012_test1_trial3_w004.npy,fisp_012,fisp_012|test1|trial3,1,0.13456110656261444,collapse_test,302,never_seen
pd/fisp_012_test1_trial3_w005.npy,fisp_012,fisp_012|test1|trial3,1,0.152301624417305,collapse_test,302,never_seen
pd/fisp_012_test2_trial1_w000.npy,fisp_012,fisp_012|test2|trial1,1,0.3768782317638397,collapse_test,302,never_seen
pd/fisp_012_test2_trial1_w001.npy,fisp_012,fisp_012|test2|trial1,1,0.37904617190361023,collapse_test,302,never_seen
pd/fisp_012_test2_trial1_w002.npy,fisp_012,fisp_012|test2|trial1,1,0.6488686203956604,collapse_test,302,never_seen
pd/fisp_012_test2_trial1_w003.npy,fisp_012,fisp_012|test2|trial1,1,0.3883560299873352,collapse_test,302,never_seen
pd/fisp_012_test2_trial1_w004.npy,fisp_012,fisp_012|test2|trial1,1,0.32146337628364563,collapse_test,302,never_seen
pd/fisp_012_test2_trial1_w005.npy,fisp_012,fisp_012|test2|trial1,1,0.20563356578350067,collapse_test,302,never_seen
pd/fisp_012_test2_trial2_w000.npy,fisp_012,fisp_012|test2|trial2,1,0.3683217465877533,collapse_test,302,never_seen
pd/fisp_012_test2_trial2_w001.npy,fisp_012,fisp_012|test2|trial2,1,0.11579812318086624,collapse_test,302,never_seen
pd/fisp_012_test2_trial2_w002.npy,fisp_012,fisp_012|test2|trial2,1,0.14619913697242737,collapse_test,302,never_seen
pd/fisp_012_test2_trial2_w003.npy,fisp_012,fisp_012|test2|trial2,1,0.11080610007047653,collapse_test,302,never_seen
pd/fisp_012_test2_trial3_w000.npy,fisp_012,fisp_012|test2|trial3,1,0.3664487600326538,collapse_test,302,never_seen
pd/fisp_012_test2_trial3_w001.npy,fisp_012,fisp_012|test2|trial3,1,0.2672039270401001,collapse_test,302,never_seen
pd/fisp_012_test2_trial3_w002.npy,fisp_012,fisp_012|test2|trial3,1,0.17249703407287598,collapse_test,302,never_seen
pd/fisp_012_test2_trial3_w003.npy,fisp_012,fisp_012|test2|trial3,1,0.3028620183467865,collapse_test,302,never_seen
pd/fisp_012_test2_trial3_w004.npy,fisp_012,fisp_012|test2|trial3,1,0.27851206064224243,collapse_test,302,never_seen
pd/fisp_012_test2_trial3_w005.npy,fisp_012,fisp_012|test2|trial3,1,0.1363554149866104,collapse_test,302,never_seen
pd/fisp_040_test1_trial1_w000.npy,fisp_040,fisp_040|test1|trial1,1,0.5568756461143494,collapse_test,302,never_seen
pd/fisp_040_test1_trial1_w001.npy,fisp_040,fisp_040|test1|trial1,1,0.54717618227005,collapse_test,302,never_seen
pd/fisp_040_test1_trial1_w002.npy,fisp_040,fisp_040|test1|trial1,1,0.6841540932655334,collapse_test,302,never_seen
pd/fisp_040_test1_trial1_w003.npy,fisp_040,fisp_040|test1|trial1,1,0.5831908583641052,collapse_test,302,never_seen
pd/fisp_040_test1_trial1_w004.npy,fisp_040,fisp_040|test1|trial1,1,0.6441558599472046,collapse_test,302,never_seen
pd/fisp_040_test1_trial2_w000.npy,fisp_040,fisp_040|test1|trial2,1,0.5447108149528503,collapse_test,302,never_seen
pd/fisp_040_test1_trial2_w001.npy,fisp_040,fisp_040|test1|trial2,1,0.5354126691818237,collapse_test,302,never_seen
pd/fisp_040_test1_trial2_w002.npy,fisp_040,fisp_040|test1|trial2,1,0.7503342628479004,collapse_test,302,never_seen
pd/fisp_040_test1_trial2_w003.npy,fisp_040,fisp_040|test1|trial2,1,0.5314996242523193,collapse_test,302,never_seen
pd/fisp_040_test1_trial2_w004.npy,fisp_040,fisp_040|test1|trial2,1,0.6176783442497253,collapse_test,302,never_seen
pd/fisp_040_test1_trial3_w000.npy,fisp_040,fisp_040|test1|trial3,1,0.6727197170257568,collapse_test,302,never_seen
pd/fisp_040_test1_trial3_w001.npy,fisp_040,fisp_040|test1|trial3,1,0.6017440557479858,collapse_test,302,never_seen
pd/fisp_040_test1_trial3_w002.npy,fisp_040,fisp_040|test1|trial3,1,0.5937162041664124,collapse_test,302,never_seen
pd/fisp_040_test1_trial3_w003.npy,fisp_040,fisp_040|test1|trial3,1,0.5630615949630737,collapse_test,302,never_seen
pd/fisp_040_test1_trial3_w004.npy,fisp_040,fisp_040|test1|trial3,1,0.5393210649490356,collapse_test,302,never_seen
pd/fisp_040_test2_trial1_w000.npy,fisp_040,fisp_040|test2|trial1,1,0.704654335975647,collapse_test,302,never_seen
pd/fisp_040_test2_trial1_w001.npy,fisp_040,fisp_040|test2|trial1,1,0.5644869804382324,collapse_test,302,never_seen
pd/fisp_040_test2_trial1_w002.npy,fisp_040,fisp_040|test2|trial1,1,0.7678717374801636,collapse_test,302,never_seen
pd/fisp_040_test2_trial1_w003.npy,fisp_040,fisp_040|test2|trial1,1,0.6528638005256653,collapse_test,302,never_seen
pd/fisp_040_test2_trial2_w000.npy,fisp_040,fisp_040|test2|trial2,1,0.5725830793380737,collapse_test,302,never_seen
pd/fisp_040_test2_trial2_w001.npy,fisp_040,fisp_040|test2|trial2,1,0.5986231565475464,collapse_test,302,never_seen
pd/fisp_040_test2_trial2_w002.npy,fisp_040,fisp_040|test2|trial2,1,0.5579896569252014,collapse_test,302,never_seen
pd/fisp_040_test2_trial2_w003.npy,fisp_040,fisp_040|test2|trial2,1,0.6196507215499878,collapse_test,302,never_seen
pd/fisp_040_test2_trial3_w000.npy,fisp_040,fisp_040|test2|trial3,1,0.7010365724563599,collapse_test,302,never_seen
pd/fisp_040_test2_trial3_w001.npy,fisp_040,fisp_040|test2|trial3,1,0.6120279431343079,collapse_test,302,never_seen
pd/fisp_040_test2_trial3_w002.npy,fisp_040,fisp_040|test2|trial3,1,0.49669545888900757,collapse_test,302,never_seen
pd/fisp_040_test2_trial3_w003.npy,fisp_040,fisp_040|test2|trial3,1,0.4958370625972748,collapse_test,302,never_seen
pd/fisp_040_test2_trial3_w004.npy,fisp_040,fisp_040|test2|trial3,1,0.5733844041824341,collapse_test,302,never_seen
pd/fisp_045_test1_trial1_w000.npy,fisp_045,fisp_045|test1|trial1,1,0.02541208080947399,collapse_test,302,never_seen
pd/fisp_045_test1_trial1_w001.npy,fisp_045,fisp_045|test1|trial1,1,0.2253856509923935,collapse_test,302,never_seen
pd/fisp_045_test1_trial1_w002.npy,fisp_045,fisp_045|test1|trial1,1,0.11447819322347641,collapse_test,302,never_seen
pd/fisp_045_test1_trial1_w003.npy,fisp_045,fisp_045|test1|trial1,1,0.11087210476398468,collapse_test,302,never_seen
pd/fisp_045_test1_trial1_w004.npy,fisp_045,fisp_045|test1|trial1,1,0.09240209311246872,collapse_test,302,never_seen
pd/fisp_045_test1_trial2_w000.npy,fisp_045,fisp_045|test1|trial2,1,0.04141361266374588,collapse_test,302,never_seen
pd/fisp_045_test1_trial2_w001.npy,fisp_045,fisp_045|test1|trial2,1,0.14700204133987427,collapse_test,302,never_seen
pd/fisp_045_test1_trial2_w002.npy,fisp_045,fisp_045|test1|trial2,1,0.20504078269004822,collapse_test,302,never_seen
pd/fisp_045_test1_trial2_w003.npy,fisp_045,fisp_045|test1|trial2,1,0.08713047951459885,collapse_test,302,never_seen
pd/fisp_045_test1_trial3_w000.npy,fisp_045,fisp_045|test1|trial3,1,0.04501773416996002,collapse_test,302,never_seen
pd/fisp_045_test1_trial3_w001.npy,fisp_045,fisp_045|test1|trial3,1,0.08163168281316757,collapse_test,302,never_seen
pd/fisp_045_test1_trial3_w002.npy,fisp_045,fisp_045|test1|trial3,1,0.17652274668216705,collapse_test,302,never_seen
pd/fisp_045_test1_trial3_w003.npy,fisp_045,fisp_045|test1|trial3,1,0.09646741300821304,collapse_test,302,never_seen
pd/fisp_045_test1_trial3_w004.npy,fisp_045,fisp_045|test1|trial3,1,0.0759197324514389,collapse_test,302,never_seen
pd/fisp_045_test2_trial1_w000.npy,fisp_045,fisp_045|test2|trial1,1,0.08627825975418091,collapse_test,302,never_seen
pd/fisp_045_test2_trial1_w001.npy,fisp_045,fisp_045|test2|trial1,1,0.14449375867843628,collapse_test,302,never_seen
pd/fisp_045_test2_trial1_w002.npy,fisp_045,fisp_045|test2|trial1,1,0.28735509514808655,collapse_test,302,never_seen
pd/fisp_045_test2_trial1_w003.npy,fisp_045,fisp_045|test2|trial1,1,0.12438980489969254,collapse_test,302,never_seen
pd/fisp_045_test2_trial2_w000.npy,fisp_045,fisp_045|test2|trial2,1,0.07090043276548386,collapse_test,302,never_seen
pd/fisp_045_test2_trial2_w001.npy,fisp_045,fisp_045|test2|trial2,1,0.043555475771427155,collapse_test,302,never_seen
pd/fisp_045_test2_trial2_w002.npy,fisp_045,fisp_045|test2|trial2,1,0.0628078505396843,collapse_test,302,never_seen
pd/fisp_045_test2_trial2_w003.npy,fisp_045,fisp_045|test2|trial2,1,0.050808537751436234,collapse_test,302,never_seen
pd/fisp_045_test2_trial3_w000.npy,fisp_045,fisp_045|test2|trial3,1,0.03890925645828247,collapse_test,302,never_seen
pd/fisp_045_test2_trial3_w001.npy,fisp_045,fisp_045|test2|trial3,1,0.04984798654913902,collapse_test,302,never_seen
pd/fisp_045_test2_trial3_w002.npy,fisp_045,fisp_045|test2|trial3,1,0.12578941881656647,collapse_test,302,never_seen
pd/fisp_045_test2_trial3_w003.npy,fisp_045,fisp_045|test2|trial3,1,0.04726516827940941,collapse_test,302,never_seen
control/fisc_007_test1_trial1_w000.npy,fisc_007,fisc_007|test1|trial1,0,0.688435435295105,collapse_test,303,test
control/fisc_007_test1_trial1_w001.npy,fisc_007,fisc_007|test1|trial1,0,0.6693185567855835,collapse_test,303,test
control/fisc_007_test1_trial1_w002.npy,fisc_007,fisc_007|test1|trial1,0,0.6292227506637573,collapse_test,303,test
control/fisc_007_test1_trial1_w003.npy,fisc_007,fisc_007|test1|trial1,0,0.7526535391807556,collapse_test,303,test
control/fisc_007_test1_trial1_w004.npy,fisc_007,fisc_007|test1|trial1,0,0.7351018786430359,collapse_test,303,test
control/fisc_008_test2_trial2_w000.npy,fisc_008,fisc_008|test2|trial2,0,0.7349326610565186,collapse_test,303,test
control/fisc_008_test2_trial2_w001.npy,fisc_008,fisc_008|test2|trial2,0,0.7567323446273804,collapse_test,303,test
control/fisc_008_test2_trial2_w002.npy,fisc_008,fisc_008|test2|trial2,0,0.5422170162200928,collapse_test,303,test
control/fisc_012_test2_trial1_w000.npy,fisc_012,fisc_012|test2|trial1,0,0.8858025074005127,collapse_test,303,test
control/fisc_012_test2_trial1_w001.npy,fisc_012,fisc_012|test2|trial1,0,0.8682135343551636,collapse_test,303,test
control/fisc_012_test2_trial1_w002.npy,fisc_012,fisc_012|test2|trial1,0,0.7265412211418152,collapse_test,303,test
control/fisc_012_test2_trial1_w003.npy,fisc_012,fisc_012|test2|trial1,0,0.6118676662445068,collapse_test,303,test
control/fisc_012_test2_trial1_w004.npy,fisc_012,fisc_012|test2|trial1,0,0.7513613104820251,collapse_test,303,test
control/fisc_012_test2_trial1_w005.npy,fisc_012,fisc_012|test2|trial1,0,0.7929258346557617,collapse_test,303,test
control/fisc_014_test1_trial2_w000.npy,fisc_014,fisc_014|test1|trial2,0,0.6799799203872681,collapse_test,303,test
control/fisc_014_test1_trial2_w001.npy,fisc_014,fisc_014|test1|trial2,0,0.678204357624054,collapse_test,303,test
control/fisc_014_test1_trial2_w002.npy,fisc_014,fisc_014|test1|trial2,0,0.5414822697639465,collapse_test,303,test
control/fisc_014_test1_trial2_w003.npy,fisc_014,fisc_014|test1|trial2,0,0.6833188533782959,collapse_test,303,test
control/fisc_014_test2_trial1_w000.npy,fisc_014,fisc_014|test2|trial1,0,0.6966463327407837,collapse_test,303,test
control/fisc_014_test2_trial1_w001.npy,fisc_014,fisc_014|test2|trial1,0,0.6413594484329224,collapse_test,303,test
control/fisc_026_test1_trial2_w000.npy,fisc_026,fisc_026|test1|trial2,0,0.47855597734451294,collapse_test,303,test
control/fisc_026_test1_trial2_w001.npy,fisc_026,fisc_026|test1|trial2,0,0.6875553131103516,collapse_test,303,test
control/fisc_026_test1_trial2_w002.npy,fisc_026,fisc_026|test1|trial2,0,0.3376065492630005,collapse_test,303,test
control/fisc_026_test1_trial2_w003.npy,fisc_026,fisc_026|test1|trial2,0,0.3630872666835785,collapse_test,303,test
control/fisc_026_test1_trial2_w004.npy,fisc_026,fisc_026|test1|trial2,0,0.3181837499141693,collapse_test,303,test
control/fisc_027_test2_trial3_w000.npy,fisc_027,fisc_027|test2|trial3,0,0.5452308058738708,collapse_test,303,test
control/fisc_027_test2_trial3_w001.npy,fisc_027,fisc_027|test2|trial3,0,0.6195535659790039,collapse_test,303,test
control/fisc_027_test2_trial3_w002.npy,fisc_027,fisc_027|test2|trial3,0,0.2035754770040512,collapse_test,303,test
control/fisc_027_test2_trial3_w003.npy,fisc_027,fisc_027|test2|trial3,0,0.23830509185791016,collapse_test,303,test
control/fisc_033_test1_trial3_w000.npy,fisc_033,fisc_033|test1|trial3,0,0.2522430717945099,collapse_test,303,test
control/fisc_033_test1_trial3_w001.npy,fisc_033,fisc_033|test1|trial3,0,0.3028653860092163,collapse_test,303,test
control/fisc_033_test1_trial3_w002.npy,fisc_033,fisc_033|test1|trial3,0,0.42314863204956055,collapse_test,303,test
control/fisc_033_test1_trial3_w003.npy,fisc_033,fisc_033|test1|trial3,0,0.3425692021846771,collapse_test,303,test
control/fisc_033_test1_trial3_w004.npy,fisc_033,fisc_033|test1|trial3,0,0.27307233214378357,collapse_test,303,test
control/fisc_033_test1_trial3_w005.npy,fisc_033,fisc_033|test1|trial3,0,0.24209463596343994,collapse_test,303,test
control/fisc_033_test1_trial3_w006.npy,fisc_033,fisc_033|test1|trial3,0,0.22389519214630127,collapse_test,303,test
control/fisc_033_test2_trial1_w000.npy,fisc_033,fisc_033|test2|trial1,0,0.5013659596443176,collapse_test,303,test
control/fisc_033_test2_trial1_w001.npy,fisc_033,fisc_033|test2|trial1,0,0.5332676768302917,collapse_test,303,test
control/fisc_033_test2_trial1_w002.npy,fisc_033,fisc_033|test2|trial1,0,0.43330276012420654,collapse_test,303,test
control/fisc_033_test2_trial1_w003.npy,fisc_033,fisc_033|test2|trial1,0,0.30680331587791443,collapse_test,303,test
control/fisc_033_test2_trial1_w004.npy,fisc_033,fisc_033|test2|trial1,0,0.4007726013660431,collapse_test,303,test
control/fisc_033_test2_trial1_w005.npy,fisc_033,fisc_033|test2|trial1,0,0.20231559872627258,collapse_test,303,test
control/fisc_034_test2_trial1_w000.npy,fisc_034,fisc_034|test2|trial1,0,0.36398032307624817,collapse_test,303,test
control/fisc_034_test2_trial1_w001.npy,fisc_034,fisc_034|test2|trial1,0,0.3550281822681427,collapse_test,303,test
control/fisc_034_test2_trial1_w002.npy,fisc_034,fisc_034|test2|trial1,0,0.3311614990234375,collapse_test,303,test
control/fisc_034_test2_trial1_w003.npy,fisc_034,fisc_034|test2|trial1,0,0.3523116111755371,collapse_test,303,test
control/fisc_034_test2_trial1_w004.npy,fisc_034,fisc_034|test2|trial1,0,0.3380124270915985,collapse_test,303,test
control/fisc_035_test1_trial3_w000.npy,fisc_035,fisc_035|test1|trial3,0,0.5357153415679932,collapse_test,303,test
control/fisc_035_test1_trial3_w001.npy,fisc_035,fisc_035|test1|trial3,0,0.6483417749404907,collapse_test,303,test
control/fisc_035_test1_trial3_w002.npy,fisc_035,fisc_035|test1|trial3,0,0.6401194334030151,collapse_test,303,test
control/fisc_035_test1_trial3_w003.npy,fisc_035,fisc_035|test1|trial3,0,0.4718555808067322,collapse_test,303,test
control/fisc_035_test1_trial3_w004.npy,fisc_035,fisc_035|test1|trial3,0,0.2708294093608856,collapse_test,303,test
control/fisc_035_test1_trial3_w005.npy,fisc_035,fisc_035|test1|trial3,0,0.5022115111351013,collapse_test,303,test
control/fisc_035_test1_trial3_w006.npy,fisc_035,fisc_035|test1|trial3,0,0.6297224164009094,collapse_test,303,test
control/fisc_037_test1_trial1_w000.npy,fisc_037,fisc_037|test1|trial1,0,0.1530587077140808,collapse_test,303,test
control/fisc_037_test1_trial1_w001.npy,fisc_037,fisc_037|test1|trial1,0,0.17805372178554535,collapse_test,303,test
control/fisc_037_test1_trial1_w002.npy,fisc_037,fisc_037|test1|trial1,0,0.21372590959072113,collapse_test,303,test
control/fisc_037_test1_trial1_w003.npy,fisc_037,fisc_037|test1|trial1,0,0.22625181078910828,collapse_test,303,test
control/fisc_041_test2_trial1_w000.npy,fisc_041,fisc_041|test2|trial1,0,0.23894146084785461,collapse_test,303,test
control/fisc_041_test2_trial1_w001.npy,fisc_041,fisc_041|test2|trial1,0,0.5951668620109558,collapse_test,303,test
control/fisc_041_test2_trial1_w002.npy,fisc_041,fisc_041|test2|trial1,0,0.7962102890014648,collapse_test,303,test
control/fisc_041_test2_trial1_w003.npy,fisc_041,fisc_041|test2|trial1,0,0.7580780386924744,collapse_test,303,test
control/fisc_041_test2_trial1_w004.npy,fisc_041,fisc_041|test2|trial1,0,0.5859889984130859,collapse_test,303,test
control/fisc_041_test2_trial1_w005.npy,fisc_041,fisc_041|test2|trial1,0,0.3775006830692291,collapse_test,303,test
control/fisc_042_test2_trial1_w000.npy,fisc_042,fisc_042|test2|trial1,0,0.06558399647474289,collapse_test,303,test
control/fisc_042_test2_trial1_w001.npy,fisc_042,fisc_042|test2|trial1,0,0.04975461959838867,collapse_test,303,test
control/fisc_042_test2_trial1_w002.npy,fisc_042,fisc_042|test2|trial1,0,0.17152269184589386,collapse_test,303,test
control/fisc_044_test2_trial1_w000.npy,fisc_044,fisc_044|test2|trial1,0,0.3592585325241089,collapse_test,303,test
control/fisc_044_test2_trial1_w001.npy,fisc_044,fisc_044|test2|trial1,0,0.435575395822525,collapse_test,303,test
control/fisc_044_test2_trial1_w002.npy,fisc_044,fisc_044|test2|trial1,0,0.23303164541721344,collapse_test,303,test
control/fisc_044_test2_trial1_w003.npy,fisc_044,fisc_044|test2|trial1,0,0.2780097723007202,collapse_test,303,test
control/fisc_044_test2_trial1_w004.npy,fisc_044,fisc_044|test2|trial1,0,0.23718327283859253,collapse_test,303,test
control/fisc_044_test2_trial2_w000.npy,fisc_044,fisc_044|test2|trial2,0,0.26711204648017883,collapse_test,303,test
control/fisc_044_test2_trial2_w001.npy,fisc_044,fisc_044|test2|trial2,0,0.37214112281799316,collapse_test,303,test
control/fisc_044_test2_trial2_w002.npy,fisc_044,fisc_044|test2|trial2,0,0.4707433581352234,collapse_test,303,test
control/fisc_044_test2_trial2_w003.npy,fisc_044,fisc_044|test2|trial2,0,0.2941504418849945,collapse_test,303,test
control/fisc_044_test2_trial2_w004.npy,fisc_044,fisc_044|test2|trial2,0,0.09549203515052795,collapse_test,303,test
control/fisc_046_test2_trial2_w000.npy,fisc_046,fisc_046|test2|trial2,0,0.19495508074760437,collapse_test,303,test
control/fisc_046_test2_trial2_w001.npy,fisc_046,fisc_046|test2|trial2,0,0.08817481249570847,collapse_test,303,test
control/fisc_046_test2_trial2_w002.npy,fisc_046,fisc_046|test2|trial2,0,0.14210723340511322,collapse_test,303,test
control/fisc_047_test1_trial2_w000.npy,fisc_047,fisc_047|test1|trial2,0,0.08137965947389603,collapse_test,303,test
control/fisc_047_test1_trial2_w001.npy,fisc_047,fisc_047|test1|trial2,0,0.21731963753700256,collapse_test,303,test
control/fisc_047_test1_trial2_w002.npy,fisc_047,fisc_047|test1|trial2,0,0.3181544542312622,collapse_test,303,test
control/fisc_047_test1_trial2_w003.npy,fisc_047,fisc_047|test1|trial2,0,0.3086874485015869,collapse_test,303,test
control/fisc_047_test2_trial1_w000.npy,fisc_047,fisc_047|test2|trial1,0,0.18584279716014862,collapse_test,303,test
control/fisc_047_test2_trial1_w001.npy,fisc_047,fisc_047|test2|trial1,0,0.11572936177253723,collapse_test,303,test
control/fisc_047_test2_trial1_w002.npy,fisc_047,fisc_047|test2|trial1,0,0.26166293025016785,collapse_test,303,test
control/fisc_048_test2_trial2_w000.npy,fisc_048,fisc_048|test2|trial2,0,0.13899922370910645,collapse_test,303,test
control/fisc_048_test2_trial2_w001.npy,fisc_048,fisc_048|test2|trial2,0,0.3567575514316559,collapse_test,303,test
control/fisc_048_test2_trial2_w002.npy,fisc_048,fisc_048|test2|trial2,0,0.3026447892189026,collapse_test,303,test
control/fisc_048_test2_trial2_w003.npy,fisc_048,fisc_048|test2|trial2,0,0.13296537101268768,collapse_test,303,test
control/fisc_049_test1_trial1_w000.npy,fisc_049,fisc_049|test1|trial1,0,0.11009934544563293,collapse_test,303,test
control/fisc_049_test1_trial1_w001.npy,fisc_049,fisc_049|test1|trial1,0,0.22989875078201294,collapse_test,303,test
control/fisc_049_test1_trial1_w002.npy,fisc_049,fisc_049|test1|trial1,0,0.38098567724227905,collapse_test,303,test
control/fisc_049_test1_trial1_w003.npy,fisc_049,fisc_049|test1|trial1,0,0.14572425186634064,collapse_test,303,test
control/fisc_049_test1_trial2_w000.npy,fisc_049,fisc_049|test1|trial2,0,0.17266803979873657,collapse_test,303,test
control/fisc_049_test1_trial2_w001.npy,fisc_049,fisc_049|test1|trial2,0,0.1455514132976532,collapse_test,303,test
control/fisc_049_test1_trial2_w002.npy,fisc_049,fisc_049|test1|trial2,0,0.17511510848999023,collapse_test,303,test
control/fisc_049_test1_trial2_w003.npy,fisc_049,fisc_049|test1|trial2,0,0.20892366766929626,collapse_test,303,test
control/fisc_050_test1_trial3_w000.npy,fisc_050,fisc_050|test1|trial3,0,0.17956329882144928,collapse_test,303,test
control/fisc_050_test1_trial3_w001.npy,fisc_050,fisc_050|test1|trial3,0,0.3094938397407532,collapse_test,303,test
control/fisc_050_test1_trial3_w002.npy,fisc_050,fisc_050|test1|trial3,0,0.17472811043262482,collapse_test,303,test
control/fisc_050_test1_trial3_w003.npy,fisc_050,fisc_050|test1|trial3,0,0.24786992371082306,collapse_test,303,test
control/fisc_050_test1_trial3_w004.npy,fisc_050,fisc_050|test1|trial3,0,0.14857874810695648,collapse_test,303,test
control/fisc_050_test1_trial3_w005.npy,fisc_050,fisc_050|test1|trial3,0,0.17540287971496582,collapse_test,303,test
control/fisc_050_test2_trial3_w000.npy,fisc_050,fisc_050|test2|trial3,0,0.39735427498817444,collapse_test,303,test
control/fisc_050_test2_trial3_w001.npy,fisc_050,fisc_050|test2|trial3,0,0.5908765196800232,collapse_test,303,test
control/fisc_050_test2_trial3_w002.npy,fisc_050,fisc_050|test2|trial3,0,0.4518609344959259,collapse_test,303,test
control/fisc_050_test2_trial3_w003.npy,fisc_050,fisc_050|test2|trial3,0,0.23037385940551758,collapse_test,303,test
control/fisc_050_test2_trial3_w004.npy,fisc_050,fisc_050|test2|trial3,0,0.19256621599197388,collapse_test,303,test
control/fisc_074_test1_trial3_w000.npy,fisc_074,fisc_074|test1|trial3,0,0.30703264474868774,collapse_test,303,test
control/fisc_074_test1_trial3_w001.npy,fisc_074,fisc_074|test1|trial3,0,0.08202691376209259,collapse_test,303,test
control/fisc_074_test1_trial3_w002.npy,fisc_074,fisc_074|test1|trial3,0,0.12970328330993652,collapse_test,303,test
control/fisc_074_test1_trial3_w003.npy,fisc_074,fisc_074|test1|trial3,0,0.24815943837165833,collapse_test,303,test
control/fisc_074_test1_trial3_w004.npy,fisc_074,fisc_074|test1|trial3,0,0.5079621076583862,collapse_test,303,test
control/fisc_074_test2_trial2_w000.npy,fisc_074,fisc_074|test2|trial2,0,0.2152806967496872,collapse_test,303,test
control/fisc_074_test2_trial2_w001.npy,fisc_074,fisc_074|test2|trial2,0,0.08586248755455017,collapse_test,303,test
control/fisc_074_test2_trial2_w002.npy,fisc_074,fisc_074|test2|trial2,0,0.08944688737392426,collapse_test,303,test
control/fisc_074_test2_trial2_w003.npy,fisc_074,fisc_074|test2|trial2,0,0.15918074548244476,collapse_test,303,test
pd/fisp_012_test2_trial1_w000.npy,fisp_012,fisp_012|test2|trial1,1,0.4908978343009949,collapse_test,303,test
pd/fisp_012_test2_trial1_w001.npy,fisp_012,fisp_012|test2|trial1,1,0.4988102614879608,collapse_test,303,test
pd/fisp_012_test2_trial1_w002.npy,fisp_012,fisp_012|test2|trial1,1,0.7542726397514343,collapse_test,303,test
pd/fisp_012_test2_trial1_w003.npy,fisp_012,fisp_012|test2|trial1,1,0.5042506456375122,collapse_test,303,test
pd/fisp_012_test2_trial1_w004.npy,fisp_012,fisp_012|test2|trial1,1,0.47838085889816284,collapse_test,303,test
pd/fisp_012_test2_trial1_w005.npy,fisp_012,fisp_012|test2|trial1,1,0.3056883215904236,collapse_test,303,test
pd/fisp_012_test2_trial3_w000.npy,fisp_012,fisp_012|test2|trial3,1,0.6251336336135864,collapse_test,303,test
pd/fisp_012_test2_trial3_w001.npy,fisp_012,fisp_012|test2|trial3,1,0.5634130835533142,collapse_test,303,test
pd/fisp_012_test2_trial3_w002.npy,fisp_012,fisp_012|test2|trial3,1,0.3808494508266449,collapse_test,303,test
pd/fisp_012_test2_trial3_w003.npy,fisp_012,fisp_012|test2|trial3,1,0.42045658826828003,collapse_test,303,test
pd/fisp_012_test2_trial3_w004.npy,fisp_012,fisp_012|test2|trial3,1,0.4895753264427185,collapse_test,303,test
pd/fisp_012_test2_trial3_w005.npy,fisp_012,fisp_012|test2|trial3,1,0.29676228761672974,collapse_test,303,test
pd/fisp_014_test1_trial1_w000.npy,fisp_014,fisp_014|test1|trial1,1,0.4583395719528198,collapse_test,303,test
pd/fisp_014_test1_trial1_w001.npy,fisp_014,fisp_014|test1|trial1,1,0.5215240120887756,collapse_test,303,test
pd/fisp_014_test1_trial1_w002.npy,fisp_014,fisp_014|test1|trial1,1,0.518189013004303,collapse_test,303,test
pd/fisp_014_test1_trial1_w003.npy,fisp_014,fisp_014|test1|trial1,1,0.5160238742828369,collapse_test,303,test
pd/fisp_014_test1_trial1_w004.npy,fisp_014,fisp_014|test1|trial1,1,0.39549508690834045,collapse_test,303,test
pd/fisp_014_test1_trial1_w005.npy,fisp_014,fisp_014|test1|trial1,1,0.347102552652359,collapse_test,303,test
pd/fisp_014_test1_trial1_w006.npy,fisp_014,fisp_014|test1|trial1,1,0.7993961572647095,collapse_test,303,test
pd/fisp_014_test2_trial2_w000.npy,fisp_014,fisp_014|test2|trial2,1,0.5654416680335999,collapse_test,303,test
pd/fisp_014_test2_trial2_w001.npy,fisp_014,fisp_014|test2|trial2,1,0.7059094309806824,collapse_test,303,test
pd/fisp_014_test2_trial2_w002.npy,fisp_014,fisp_014|test2|trial2,1,0.5497649908065796,collapse_test,303,test
pd/fisp_014_test2_trial2_w003.npy,fisp_014,fisp_014|test2|trial2,1,0.48135754466056824,collapse_test,303,test
pd/fisp_014_test2_trial2_w004.npy,fisp_014,fisp_014|test2|trial2,1,0.33666983246803284,collapse_test,303,test
pd/fisp_015_test1_trial1_w000.npy,fisp_015,fisp_015|test1|trial1,1,0.7562975883483887,collapse_test,303,test
pd/fisp_015_test1_trial1_w001.npy,fisp_015,fisp_015|test1|trial1,1,0.8086656332015991,collapse_test,303,test
pd/fisp_015_test1_trial1_w002.npy,fisp_015,fisp_015|test1|trial1,1,0.7625330686569214,collapse_test,303,test
pd/fisp_015_test1_trial1_w003.npy,fisp_015,fisp_015|test1|trial1,1,0.8077176213264465,collapse_test,303,test
pd/fisp_015_test1_trial1_w004.npy,fisp_015,fisp_015|test1|trial1,1,0.8591596484184265,collapse_test,303,test
pd/fisp_015_test1_trial1_w005.npy,fisp_015,fisp_015|test1|trial1,1,0.8629918694496155,collapse_test,303,test
pd/fisp_015_test1_trial1_w006.npy,fisp_015,fisp_015|test1|trial1,1,0.8796668648719788,collapse_test,303,test
pd/fisp_017_test1_trial2_w000.npy,fisp_017,fisp_017|test1|trial2,1,0.7352536916732788,collapse_test,303,test
pd/fisp_017_test1_trial2_w001.npy,fisp_017,fisp_017|test1|trial2,1,0.6837703585624695,collapse_test,303,test
pd/fisp_017_test1_trial2_w002.npy,fisp_017,fisp_017|test1|trial2,1,0.789637565612793,collapse_test,303,test
pd/fisp_017_test1_trial2_w003.npy,fisp_017,fisp_017|test1|trial2,1,0.777357280254364,collapse_test,303,test
pd/fisp_017_test2_trial1_w000.npy,fisp_017,fisp_017|test2|trial1,1,0.7889913320541382,collapse_test,303,test
pd/fisp_017_test2_trial1_w001.npy,fisp_017,fisp_017|test2|trial1,1,0.7571309208869934,collapse_test,303,test
pd/fisp_017_test2_trial1_w002.npy,fisp_017,fisp_017|test2|trial1,1,0.8409675359725952,collapse_test,303,test
pd/fisp_018_test1_trial1_w000.npy,fisp_018,fisp_018|test1|trial1,1,0.8281349539756775,collapse_test,303,test
pd/fisp_018_test1_trial1_w001.npy,fisp_018,fisp_018|test1|trial1,1,0.8507290482521057,collapse_test,303,test
pd/fisp_018_test1_trial1_w002.npy,fisp_018,fisp_018|test1|trial1,1,0.8504472970962524,collapse_test,303,test
pd/fisp_018_test1_trial1_w003.npy,fisp_018,fisp_018|test1|trial1,1,0.8361765146255493,collapse_test,303,test
pd/fisp_018_test1_trial1_w004.npy,fisp_018,fisp_018|test1|trial1,1,0.8672149181365967,collapse_test,303,test
pd/fisp_018_test1_trial1_w005.npy,fisp_018,fisp_018|test1|trial1,1,0.8937533497810364,collapse_test,303,test
pd/fisp_018_test1_trial1_w006.npy,fisp_018,fisp_018|test1|trial1,1,0.8960740566253662,collapse_test,303,test
pd/fisp_018_test1_trial1_w007.npy,fisp_018,fisp_018|test1|trial1,1,0.9043927192687988,collapse_test,303,test
pd/fisp_018_test1_trial1_w008.npy,fisp_018,fisp_018|test1|trial1,1,0.8595380187034607,collapse_test,303,test
pd/fisp_018_test1_trial1_w009.npy,fisp_018,fisp_018|test1|trial1,1,0.853731095790863,collapse_test,303,test
pd/fisp_018_test1_trial2_w000.npy,fisp_018,fisp_018|test1|trial2,1,0.7855531573295593,collapse_test,303,test
pd/fisp_018_test1_trial2_w001.npy,fisp_018,fisp_018|test1|trial2,1,0.752669095993042,collapse_test,303,test
pd/fisp_018_test1_trial2_w002.npy,fisp_018,fisp_018|test1|trial2,1,0.7605928182601929,collapse_test,303,test
pd/fisp_018_test1_trial2_w003.npy,fisp_018,fisp_018|test1|trial2,1,0.7926976084709167,collapse_test,303,test
pd/fisp_018_test1_trial3_w000.npy,fisp_018,fisp_018|test1|trial3,1,0.6734402179718018,collapse_test,303,test
pd/fisp_018_test1_trial3_w001.npy,fisp_018,fisp_018|test1|trial3,1,0.6340866684913635,collapse_test,303,test
pd/fisp_018_test1_trial3_w002.npy,fisp_018,fisp_018|test1|trial3,1,0.7494804859161377,collapse_test,303,test
pd/fisp_018_test1_trial3_w003.npy,fisp_018,fisp_018|test1|trial3,1,0.816767156124115,collapse_test,303,test
pd/fisp_024_test2_trial1_w000.npy,fisp_024,fisp_024|test2|trial1,1,0.8060210943222046,collapse_test,303,test
pd/fisp_024_test2_trial1_w001.npy,fisp_024,fisp_024|test2|trial1,1,0.6071038246154785,collapse_test,303,test
pd/fisp_024_test2_trial1_w002.npy,fisp_024,fisp_024|test2|trial1,1,0.737426221370697,collapse_test,303,test
pd/fisp_024_test2_trial1_w003.npy,fisp_024,fisp_024|test2|trial1,1,0.8094038963317871,collapse_test,303,test
pd/fisp_030_test1_trial3_w000.npy,fisp_030,fisp_030|test1|trial3,1,0.8692997694015503,collapse_test,303,test
pd/fisp_030_test1_trial3_w001.npy,fisp_030,fisp_030|test1|trial3,1,0.8091880083084106,collapse_test,303,test
pd/fisp_030_test1_trial3_w002.npy,fisp_030,fisp_030|test1|trial3,1,0.7745339274406433,collapse_test,303,test
pd/fisp_030_test1_trial3_w003.npy,fisp_030,fisp_030|test1|trial3,1,0.8670667409896851,collapse_test,303,test
pd/fisp_031_test1_trial1_w000.npy,fisp_031,fisp_031|test1|trial1,1,0.7143276333808899,collapse_test,303,test
pd/fisp_031_test1_trial1_w001.npy,fisp_031,fisp_031|test1|trial1,1,0.6903439164161682,collapse_test,303,test
pd/fisp_031_test1_trial1_w002.npy,fisp_031,fisp_031|test1|trial1,1,0.7310419082641602,collapse_test,303,test
pd/fisp_031_test1_trial1_w003.npy,fisp_031,fisp_031|test1|trial1,1,0.7242001295089722,collapse_test,303,test
pd/fisp_031_test1_trial1_w004.npy,fisp_031,fisp_031|test1|trial1,1,0.64545077085495,collapse_test,303,test
pd/fisp_031_test1_trial1_w005.npy,fisp_031,fisp_031|test1|trial1,1,0.7531608939170837,collapse_test,303,test
pd/fisp_041_test1_trial1_w000.npy,fisp_041,fisp_041|test1|trial1,1,0.16400665044784546,collapse_test,303,test
pd/fisp_041_test1_trial1_w001.npy,fisp_041,fisp_041|test1|trial1,1,0.29917779564857483,collapse_test,303,test
pd/fisp_041_test1_trial1_w002.npy,fisp_041,fisp_041|test1|trial1,1,0.2907325327396393,collapse_test,303,test
pd/fisp_041_test1_trial1_w003.npy,fisp_041,fisp_041|test1|trial1,1,0.2455609291791916,collapse_test,303,test
pd/fisp_041_test1_trial1_w004.npy,fisp_041,fisp_041|test1|trial1,1,0.3044506907463074,collapse_test,303,test
pd/fisp_044_test1_trial3_w000.npy,fisp_044,fisp_044|test1|trial3,1,0.4511069357395172,collapse_test,303,test
pd/fisp_044_test1_trial3_w001.npy,fisp_044,fisp_044|test1|trial3,1,0.4831104576587677,collapse_test,303,test
pd/fisp_044_test1_trial3_w002.npy,fisp_044,fisp_044|test1|trial3,1,0.4188433885574341,collapse_test,303,test
pd/fisp_044_test1_trial3_w003.npy,fisp_044,fisp_044|test1|trial3,1,0.3141038119792938,collapse_test,303,test
pd/fisp_044_test1_trial3_w004.npy,fisp_044,fisp_044|test1|trial3,1,0.29329001903533936,collapse_test,303,test
pd/fisp_044_test1_trial3_w005.npy,fisp_044,fisp_044|test1|trial3,1,0.3136623501777649,collapse_test,303,test
pd/fisp_044_test2_trial3_w000.npy,fisp_044,fisp_044|test2|trial3,1,0.6352939605712891,collapse_test,303,test
pd/fisp_044_test2_trial3_w001.npy,fisp_044,fisp_044|test2|trial3,1,0.5399134755134583,collapse_test,303,test
pd/fisp_044_test2_trial3_w002.npy,fisp_044,fisp_044|test2|trial3,1,0.48235204815864563,collapse_test,303,test
pd/fisp_044_test2_trial3_w003.npy,fisp_044,fisp_044|test2|trial3,1,0.29122012853622437,collapse_test,303,test
pd/fisp_044_test2_trial3_w004.npy,fisp_044,fisp_044|test2|trial3,1,0.3991546034812927,collapse_test,303,test
pd/fisp_045_test2_trial1_w000.npy,fisp_045,fisp_045|test2|trial1,1,0.383683443069458,collapse_test,303,test
pd/fisp_045_test2_trial1_w001.npy,fisp_045,fisp_045|test2|trial1,1,0.438446581363678,collapse_test,303,test
pd/fisp_045_test2_trial1_w002.npy,fisp_045,fisp_045|test2|trial1,1,0.4134044647216797,collapse_test,303,test
pd/fisp_045_test2_trial1_w003.npy,fisp_045,fisp_045|test2|trial1,1,0.3765126168727875,collapse_test,303,test
pd/fisp_049_test1_trial1_w000.npy,fisp_049,fisp_049|test1|trial1,1,0.3766268789768219,collapse_test,303,test
pd/fisp_049_test1_trial1_w001.npy,fisp_049,fisp_049|test1|trial1,1,0.49471285939216614,collapse_test,303,test
pd/fisp_049_test1_trial1_w002.npy,fisp_049,fisp_049|test1|trial1,1,0.33996379375457764,collapse_test,303,test
pd/fisp_049_test1_trial1_w003.npy,fisp_049,fisp_049|test1|trial1,1,0.2877742648124695,collapse_test,303,test
pd/fisp_049_test1_trial1_w004.npy,fisp_049,fisp_049|test1|trial1,1,0.4987283945083618,collapse_test,303,test
pd/fisp_049_test2_trial2_w000.npy,fisp_049,fisp_049|test2|trial2,1,0.500304639339447,collapse_test,303,test
pd/fisp_049_test2_trial2_w001.npy,fisp_049,fisp_049|test2|trial2,1,0.43639126420021057,collapse_test,303,test
pd/fisp_049_test2_trial2_w002.npy,fisp_049,fisp_049|test2|trial2,1,0.42208585143089294,collapse_test,303,test
pd/fisp_049_test2_trial2_w003.npy,fisp_049,fisp_049|test2|trial2,1,0.43874263763427734,collapse_test,303,test
pd/fisp_052_test2_trial1_w000.npy,fisp_052,fisp_052|test2|trial1,1,0.23479798436164856,collapse_test,303,test
pd/fisp_052_test2_trial1_w001.npy,fisp_052,fisp_052|test2|trial1,1,0.2505217492580414,collapse_test,303,test
pd/fisp_052_test2_trial1_w002.npy,fisp_052,fisp_052|test2|trial1,1,0.3714771866798401,collapse_test,303,test
pd/fisp_052_test2_trial1_w003.npy,fisp_052,fisp_052|test2|trial1,1,0.385372519493103,collapse_test,303,test
control/fisc_006_test1_trial1_w000.npy,fisc_006,fisc_006|test1|trial1,0,0.7488325834274292,collapse_test,303,never_seen
control/fisc_006_test1_trial1_w001.npy,fisc_006,fisc_006|test1|trial1,0,0.7532046437263489,collapse_test,303,never_seen
control/fisc_006_test1_trial1_w002.npy,fisc_006,fisc_006|test1|trial1,0,0.8439809679985046,collapse_test,303,never_seen
control/fisc_006_test1_trial1_w003.npy,fisc_006,fisc_006|test1|trial1,0,0.8294807076454163,collapse_test,303,never_seen
control/fisc_006_test1_trial2_w000.npy,fisc_006,fisc_006|test1|trial2,0,0.834787130355835,collapse_test,303,never_seen
control/fisc_006_test1_trial2_w001.npy,fisc_006,fisc_006|test1|trial2,0,0.5936257243156433,collapse_test,303,never_seen
control/fisc_006_test1_trial2_w002.npy,fisc_006,fisc_006|test1|trial2,0,0.6705629825592041,collapse_test,303,never_seen
control/fisc_006_test1_trial2_w003.npy,fisc_006,fisc_006|test1|trial2,0,0.7641409635543823,collapse_test,303,never_seen
control/fisc_006_test1_trial3_w000.npy,fisc_006,fisc_006|test1|trial3,0,0.7629882097244263,collapse_test,303,never_seen
control/fisc_006_test1_trial3_w001.npy,fisc_006,fisc_006|test1|trial3,0,0.6845527291297913,collapse_test,303,never_seen
control/fisc_006_test1_trial3_w002.npy,fisc_006,fisc_006|test1|trial3,0,0.7668790817260742,collapse_test,303,never_seen
control/fisc_006_test1_trial3_w003.npy,fisc_006,fisc_006|test1|trial3,0,0.8246440291404724,collapse_test,303,never_seen
control/fisc_006_test2_trial1_w000.npy,fisc_006,fisc_006|test2|trial1,0,0.8557121753692627,collapse_test,303,never_seen
control/fisc_006_test2_trial1_w001.npy,fisc_006,fisc_006|test2|trial1,0,0.7021198868751526,collapse_test,303,never_seen
control/fisc_006_test2_trial1_w002.npy,fisc_006,fisc_006|test2|trial1,0,0.837550938129425,collapse_test,303,never_seen
control/fisc_006_test2_trial1_w003.npy,fisc_006,fisc_006|test2|trial1,0,0.8135446906089783,collapse_test,303,never_seen
control/fisc_006_test2_trial2_w000.npy,fisc_006,fisc_006|test2|trial2,0,0.8513904809951782,collapse_test,303,never_seen
control/fisc_006_test2_trial2_w001.npy,fisc_006,fisc_006|test2|trial2,0,0.7612464427947998,collapse_test,303,never_seen
control/fisc_006_test2_trial2_w002.npy,fisc_006,fisc_006|test2|trial2,0,0.768153965473175,collapse_test,303,never_seen
control/fisc_006_test2_trial3_w000.npy,fisc_006,fisc_006|test2|trial3,0,0.8396167755126953,collapse_test,303,never_seen
control/fisc_006_test2_trial3_w001.npy,fisc_006,fisc_006|test2|trial3,0,0.6962601542472839,collapse_test,303,never_seen
control/fisc_006_test2_trial3_w002.npy,fisc_006,fisc_006|test2|trial3,0,0.7113239765167236,collapse_test,303,never_seen
control/fisc_006_test2_trial3_w003.npy,fisc_006,fisc_006|test2|trial3,0,0.8012645244598389,collapse_test,303,never_seen
control/fisc_010_test1_trial1_w000.npy,fisc_010,fisc_010|test1|trial1,0,0.7627043128013611,collapse_test,303,never_seen
control/fisc_010_test1_trial1_w001.npy,fisc_010,fisc_010|test1|trial1,0,0.7652356624603271,collapse_test,303,never_seen
control/fisc_010_test1_trial1_w002.npy,fisc_010,fisc_010|test1|trial1,0,0.6520134210586548,collapse_test,303,never_seen
control/fisc_010_test1_trial1_w003.npy,fisc_010,fisc_010|test1|trial1,0,0.6558776497840881,collapse_test,303,never_seen
control/fisc_010_test1_trial1_w004.npy,fisc_010,fisc_010|test1|trial1,0,0.749562680721283,collapse_test,303,never_seen
control/fisc_010_test1_trial1_w005.npy,fisc_010,fisc_010|test1|trial1,0,0.7770771384239197,collapse_test,303,never_seen
control/fisc_010_test1_trial1_w006.npy,fisc_010,fisc_010|test1|trial1,0,0.8897925019264221,collapse_test,303,never_seen
control/fisc_010_test1_trial2_w000.npy,fisc_010,fisc_010|test1|trial2,0,0.7396071553230286,collapse_test,303,never_seen
control/fisc_010_test1_trial2_w001.npy,fisc_010,fisc_010|test1|trial2,0,0.7851886749267578,collapse_test,303,never_seen
control/fisc_010_test1_trial2_w002.npy,fisc_010,fisc_010|test1|trial2,0,0.7445839643478394,collapse_test,303,never_seen
control/fisc_010_test1_trial2_w003.npy,fisc_010,fisc_010|test1|trial2,0,0.7965294718742371,collapse_test,303,never_seen
control/fisc_010_test1_trial2_w004.npy,fisc_010,fisc_010|test1|trial2,0,0.8527767658233643,collapse_test,303,never_seen
control/fisc_010_test1_trial3_w000.npy,fisc_010,fisc_010|test1|trial3,0,0.831446647644043,collapse_test,303,never_seen
control/fisc_010_test1_trial3_w001.npy,fisc_010,fisc_010|test1|trial3,0,0.721368134021759,collapse_test,303,never_seen
control/fisc_010_test1_trial3_w002.npy,fisc_010,fisc_010|test1|trial3,0,0.5820529460906982,collapse_test,303,never_seen
control/fisc_010_test1_trial3_w003.npy,fisc_010,fisc_010|test1|trial3,0,0.6992810964584351,collapse_test,303,never_seen
control/fisc_010_test1_trial3_w004.npy,fisc_010,fisc_010|test1|trial3,0,0.8459848165512085,collapse_test,303,never_seen
control/fisc_010_test2_trial1_w000.npy,fisc_010,fisc_010|test2|trial1,0,0.875471830368042,collapse_test,303,never_seen
control/fisc_010_test2_trial1_w001.npy,fisc_010,fisc_010|test2|trial1,0,0.6822213530540466,collapse_test,303,never_seen
control/fisc_010_test2_trial1_w002.npy,fisc_010,fisc_010|test2|trial1,0,0.58504319190979,collapse_test,303,never_seen
control/fisc_010_test2_trial1_w003.npy,fisc_010,fisc_010|test2|trial1,0,0.6806268095970154,collapse_test,303,never_seen
control/fisc_010_test2_trial2_w000.npy,fisc_010,fisc_010|test2|trial2,0,0.8461561799049377,collapse_test,303,never_seen
control/fisc_010_test2_trial2_w001.npy,fisc_010,fisc_010|test2|trial2,0,0.8062684535980225,collapse_test,303,never_seen
control/fisc_010_test2_trial2_w002.npy,fisc_010,fisc_010|test2|trial2,0,0.7526563405990601,collapse_test,303,never_seen
control/fisc_010_test2_trial2_w003.npy,fisc_010,fisc_010|test2|trial2,0,0.7127835154533386,collapse_test,303,never_seen
control/fisc_010_test2_trial2_w004.npy,fisc_010,fisc_010|test2|trial2,0,0.7827024459838867,collapse_test,303,never_seen
control/fisc_010_test2_trial3_w000.npy,fisc_010,fisc_010|test2|trial3,0,0.8066101670265198,collapse_test,303,never_seen
control/fisc_010_test2_trial3_w001.npy,fisc_010,fisc_010|test2|trial3,0,0.7544710040092468,collapse_test,303,never_seen
control/fisc_010_test2_trial3_w002.npy,fisc_010,fisc_010|test2|trial3,0,0.7496609091758728,collapse_test,303,never_seen
control/fisc_010_test2_trial3_w003.npy,fisc_010,fisc_010|test2|trial3,0,0.717239260673523,collapse_test,303,never_seen
control/fisc_010_test2_trial3_w004.npy,fisc_010,fisc_010|test2|trial3,0,0.7443116307258606,collapse_test,303,never_seen
control/fisc_029_test1_trial1_w000.npy,fisc_029,fisc_029|test1|trial1,0,0.41099414229393005,collapse_test,303,never_seen
control/fisc_029_test1_trial1_w001.npy,fisc_029,fisc_029|test1|trial1,0,0.4104633033275604,collapse_test,303,never_seen
control/fisc_029_test1_trial1_w002.npy,fisc_029,fisc_029|test1|trial1,0,0.43418046832084656,collapse_test,303,never_seen
control/fisc_029_test1_trial1_w003.npy,fisc_029,fisc_029|test1|trial1,0,0.420759916305542,collapse_test,303,never_seen
control/fisc_029_test1_trial1_w004.npy,fisc_029,fisc_029|test1|trial1,0,0.4045603573322296,collapse_test,303,never_seen
control/fisc_029_test1_trial1_w005.npy,fisc_029,fisc_029|test1|trial1,0,0.24563711881637573,collapse_test,303,never_seen
control/fisc_029_test1_trial2_w000.npy,fisc_029,fisc_029|test1|trial2,0,0.3002438247203827,collapse_test,303,never_seen
control/fisc_029_test1_trial2_w001.npy,fisc_029,fisc_029|test1|trial2,0,0.4666098952293396,collapse_test,303,never_seen
control/fisc_029_test1_trial2_w002.npy,fisc_029,fisc_029|test1|trial2,0,0.4943729639053345,collapse_test,303,never_seen
control/fisc_029_test1_trial2_w003.npy,fisc_029,fisc_029|test1|trial2,0,0.40625348687171936,collapse_test,303,never_seen
control/fisc_029_test1_trial2_w004.npy,fisc_029,fisc_029|test1|trial2,0,0.492902934551239,collapse_test,303,never_seen
control/fisc_029_test1_trial3_w000.npy,fisc_029,fisc_029|test1|trial3,0,0.2906627953052521,collapse_test,303,never_seen
control/fisc_029_test1_trial3_w001.npy,fisc_029,fisc_029|test1|trial3,0,0.38111865520477295,collapse_test,303,never_seen
control/fisc_029_test1_trial3_w002.npy,fisc_029,fisc_029|test1|trial3,0,0.2601618468761444,collapse_test,303,never_seen
control/fisc_029_test1_trial3_w003.npy,fisc_029,fisc_029|test1|trial3,0,0.33661383390426636,collapse_test,303,never_seen
control/fisc_029_test1_trial3_w004.npy,fisc_029,fisc_029|test1|trial3,0,0.492252916097641,collapse_test,303,never_seen
control/fisc_029_test1_trial3_w005.npy,fisc_029,fisc_029|test1|trial3,0,0.4320966899394989,collapse_test,303,never_seen
control/fisc_029_test2_trial1_w000.npy,fisc_029,fisc_029|test2|trial1,0,0.4296979308128357,collapse_test,303,never_seen
control/fisc_029_test2_trial1_w001.npy,fisc_029,fisc_029|test2|trial1,0,0.5559718608856201,collapse_test,303,never_seen
control/fisc_029_test2_trial1_w002.npy,fisc_029,fisc_029|test2|trial1,0,0.3080722987651825,collapse_test,303,never_seen
control/fisc_029_test2_trial1_w003.npy,fisc_029,fisc_029|test2|trial1,0,0.0927988663315773,collapse_test,303,never_seen
control/fisc_029_test2_trial1_w004.npy,fisc_029,fisc_029|test2|trial1,0,0.2284424602985382,collapse_test,303,never_seen
control/fisc_029_test2_trial1_w005.npy,fisc_029,fisc_029|test2|trial1,0,0.5621199011802673,collapse_test,303,never_seen
control/fisc_029_test2_trial2_w000.npy,fisc_029,fisc_029|test2|trial2,0,0.6497729420661926,collapse_test,303,never_seen
control/fisc_029_test2_trial2_w001.npy,fisc_029,fisc_029|test2|trial2,0,0.6514595746994019,collapse_test,303,never_seen
control/fisc_029_test2_trial2_w002.npy,fisc_029,fisc_029|test2|trial2,0,0.43360570073127747,collapse_test,303,never_seen
control/fisc_029_test2_trial2_w003.npy,fisc_029,fisc_029|test2|trial2,0,0.5804434418678284,collapse_test,303,never_seen
control/fisc_029_test2_trial2_w004.npy,fisc_029,fisc_029|test2|trial2,0,0.658491313457489,collapse_test,303,never_seen
control/fisc_029_test2_trial2_w005.npy,fisc_029,fisc_029|test2|trial2,0,0.3638325333595276,collapse_test,303,never_seen
control/fisc_029_test2_trial3_w000.npy,fisc_029,fisc_029|test2|trial3,0,0.31416571140289307,collapse_test,303,never_seen
control/fisc_029_test2_trial3_w001.npy,fisc_029,fisc_029|test2|trial3,0,0.4473610818386078,collapse_test,303,never_seen
control/fisc_029_test2_trial3_w002.npy,fisc_029,fisc_029|test2|trial3,0,0.35028547048568726,collapse_test,303,never_seen
control/fisc_029_test2_trial3_w003.npy,fisc_029,fisc_029|test2|trial3,0,0.5914404392242432,collapse_test,303,never_seen
control/fisc_036_test1_trial1_w000.npy,fisc_036,fisc_036|test1|trial1,0,0.4402329921722412,collapse_test,303,never_seen
control/fisc_036_test1_trial1_w001.npy,fisc_036,fisc_036|test1|trial1,0,0.5054417848587036,collapse_test,303,never_seen
control/fisc_036_test1_trial1_w002.npy,fisc_036,fisc_036|test1|trial1,0,0.38880619406700134,collapse_test,303,never_seen
control/fisc_036_test1_trial1_w003.npy,fisc_036,fisc_036|test1|trial1,0,0.21641026437282562,collapse_test,303,never_seen
control/fisc_036_test1_trial1_w004.npy,fisc_036,fisc_036|test1|trial1,0,0.19096489250659943,collapse_test,303,never_seen
control/fisc_036_test1_trial2_w000.npy,fisc_036,fisc_036|test1|trial2,0,0.4472742974758148,collapse_test,303,never_seen
control/fisc_036_test1_trial2_w001.npy,fisc_036,fisc_036|test1|trial2,0,0.4592438340187073,collapse_test,303,never_seen
control/fisc_036_test1_trial2_w002.npy,fisc_036,fisc_036|test1|trial2,0,0.24108612537384033,collapse_test,303,never_seen
control/fisc_036_test1_trial2_w003.npy,fisc_036,fisc_036|test1|trial2,0,0.19870290160179138,collapse_test,303,never_seen
control/fisc_036_test1_trial2_w004.npy,fisc_036,fisc_036|test1|trial2,0,0.23519621789455414,collapse_test,303,never_seen
control/fisc_036_test1_trial3_w000.npy,fisc_036,fisc_036|test1|trial3,0,0.3840837776660919,collapse_test,303,never_seen
control/fisc_036_test1_trial3_w001.npy,fisc_036,fisc_036|test1|trial3,0,0.3297613859176636,collapse_test,303,never_seen
control/fisc_036_test1_trial3_w002.npy,fisc_036,fisc_036|test1|trial3,0,0.23526965081691742,collapse_test,303,never_seen
control/fisc_036_test1_trial3_w003.npy,fisc_036,fisc_036|test1|trial3,0,0.18344074487686157,collapse_test,303,never_seen
control/fisc_036_test1_trial3_w004.npy,fisc_036,fisc_036|test1|trial3,0,0.28887704014778137,collapse_test,303,never_seen
control/fisc_036_test2_trial1_w000.npy,fisc_036,fisc_036|test2|trial1,0,0.5521801114082336,collapse_test,303,never_seen
control/fisc_036_test2_trial1_w001.npy,fisc_036,fisc_036|test2|trial1,0,0.3331298530101776,collapse_test,303,never_seen
control/fisc_036_test2_trial1_w002.npy,fisc_036,fisc_036|test2|trial1,0,0.27562215924263,collapse_test,303,never_seen
control/fisc_036_test2_trial1_w003.npy,fisc_036,fisc_036|test2|trial1,0,0.21446503698825836,collapse_test,303,never_seen
control/fisc_036_test2_trial2_w000.npy,fisc_036,fisc_036|test2|trial2,0,0.37698855996131897,collapse_test,303,never_seen
control/fisc_036_test2_trial2_w001.npy,fisc_036,fisc_036|test2|trial2,0,0.31818652153015137,collapse_test,303,never_seen
control/fisc_036_test2_trial2_w002.npy,fisc_036,fisc_036|test2|trial2,0,0.3528410792350769,collapse_test,303,never_seen
control/fisc_036_test2_trial2_w003.npy,fisc_036,fisc_036|test2|trial2,0,0.2749370336532593,collapse_test,303,never_seen
control/fisc_036_test2_trial3_w000.npy,fisc_036,fisc_036|test2|trial3,0,0.2714138329029083,collapse_test,303,never_seen
control/fisc_036_test2_trial3_w001.npy,fisc_036,fisc_036|test2|trial3,0,0.23944848775863647,collapse_test,303,never_seen
control/fisc_036_test2_trial3_w002.npy,fisc_036,fisc_036|test2|trial3,0,0.16717207431793213,collapse_test,303,never_seen
control/fisc_036_test2_trial3_w003.npy,fisc_036,fisc_036|test2|trial3,0,0.3744383752346039,collapse_test,303,never_seen
control/fisc_040_test1_trial1_w000.npy,fisc_040,fisc_040|test1|trial1,0,0.43079453706741333,collapse_test,303,never_seen
control/fisc_040_test1_trial1_w001.npy,fisc_040,fisc_040|test1|trial1,0,0.225319042801857,collapse_test,303,never_seen
control/fisc_040_test1_trial1_w002.npy,fisc_040,fisc_040|test1|trial1,0,0.16174529492855072,collapse_test,303,never_seen
control/fisc_040_test1_trial1_w003.npy,fisc_040,fisc_040|test1|trial1,0,0.22664159536361694,collapse_test,303,never_seen
control/fisc_040_test1_trial2_w000.npy,fisc_040,fisc_040|test1|trial2,0,0.28779011964797974,collapse_test,303,never_seen
control/fisc_040_test1_trial2_w001.npy,fisc_040,fisc_040|test1|trial2,0,0.1834680140018463,collapse_test,303,never_seen
control/fisc_040_test1_trial2_w002.npy,fisc_040,fisc_040|test1|trial2,0,0.15698571503162384,collapse_test,303,never_seen
control/fisc_040_test1_trial2_w003.npy,fisc_040,fisc_040|test1|trial2,0,0.21585312485694885,collapse_test,303,never_seen
control/fisc_040_test1_trial3_w000.npy,fisc_040,fisc_040|test1|trial3,0,0.4203316569328308,collapse_test,303,never_seen
control/fisc_040_test1_trial3_w001.npy,fisc_040,fisc_040|test1|trial3,0,0.19691556692123413,collapse_test,303,never_seen
control/fisc_040_test1_trial3_w002.npy,fisc_040,fisc_040|test1|trial3,0,0.13142594695091248,collapse_test,303,never_seen
control/fisc_040_test1_trial3_w003.npy,fisc_040,fisc_040|test1|trial3,0,0.23703008890151978,collapse_test,303,never_seen
control/fisc_040_test2_trial1_w000.npy,fisc_040,fisc_040|test2|trial1,0,0.6082576513290405,collapse_test,303,never_seen
control/fisc_040_test2_trial1_w001.npy,fisc_040,fisc_040|test2|trial1,0,0.20605866611003876,collapse_test,303,never_seen
control/fisc_040_test2_trial1_w002.npy,fisc_040,fisc_040|test2|trial1,0,0.2700565457344055,collapse_test,303,never_seen
control/fisc_040_test2_trial2_w000.npy,fisc_040,fisc_040|test2|trial2,0,0.5109353065490723,collapse_test,303,never_seen
control/fisc_040_test2_trial2_w001.npy,fisc_040,fisc_040|test2|trial2,0,0.36271944642066956,collapse_test,303,never_seen
control/fisc_040_test2_trial2_w002.npy,fisc_040,fisc_040|test2|trial2,0,0.3361266255378723,collapse_test,303,never_seen
control/fisc_040_test2_trial3_w000.npy,fisc_040,fisc_040|test2|trial3,0,0.3493554890155792,collapse_test,303,never_seen
control/fisc_040_test2_trial3_w001.npy,fisc_040,fisc_040|test2|trial3,0,0.33242031931877136,collapse_test,303,never_seen
control/fisc_040_test2_trial3_w002.npy,fisc_040,fisc_040|test2|trial3,0,0.3627821207046509,collapse_test,303,never_seen
pd/fisp_021_test1_trial1_w000.npy,fisp_021,fisp_021|test1|trial1,1,0.7954911589622498,collapse_test,303,never_seen
pd/fisp_021_test1_trial1_w001.npy,fisp_021,fisp_021|test1|trial1,1,0.7860812544822693,collapse_test,303,never_seen
pd/fisp_021_test1_trial1_w002.npy,fisp_021,fisp_021|test1|trial1,1,0.7897281646728516,collapse_test,303,never_seen
pd/fisp_021_test1_trial1_w003.npy,fisp_021,fisp_021|test1|trial1,1,0.8470855951309204,collapse_test,303,never_seen
pd/fisp_021_test1_trial2_w000.npy,fisp_021,fisp_021|test1|trial2,1,0.8227969408035278,collapse_test,303,never_seen
pd/fisp_021_test1_trial2_w001.npy,fisp_021,fisp_021|test1|trial2,1,0.6792178153991699,collapse_test,303,never_seen
pd/fisp_021_test1_trial2_w002.npy,fisp_021,fisp_021|test1|trial2,1,0.7595634460449219,collapse_test,303,never_seen
pd/fisp_021_test1_trial2_w003.npy,fisp_021,fisp_021|test1|trial2,1,0.8257328867912292,collapse_test,303,never_seen
pd/fisp_021_test1_trial3_w000.npy,fisp_021,fisp_021|test1|trial3,1,0.8446810841560364,collapse_test,303,never_seen
pd/fisp_021_test1_trial3_w001.npy,fisp_021,fisp_021|test1|trial3,1,0.7868133783340454,collapse_test,303,never_seen
pd/fisp_021_test1_trial3_w002.npy,fisp_021,fisp_021|test1|trial3,1,0.6646375060081482,collapse_test,303,never_seen
pd/fisp_021_test1_trial3_w003.npy,fisp_021,fisp_021|test1|trial3,1,0.8203983306884766,collapse_test,303,never_seen
pd/fisp_021_test2_trial1_w000.npy,fisp_021,fisp_021|test2|trial1,1,0.8604633212089539,collapse_test,303,never_seen
pd/fisp_021_test2_trial1_w001.npy,fisp_021,fisp_021|test2|trial1,1,0.6336581707000732,collapse_test,303,never_seen
pd/fisp_021_test2_trial1_w002.npy,fisp_021,fisp_021|test2|trial1,1,0.7600632309913635,collapse_test,303,never_seen
pd/fisp_021_test2_trial2_w000.npy,fisp_021,fisp_021|test2|trial2,1,0.8577576875686646,collapse_test,303,never_seen
pd/fisp_021_test2_trial2_w001.npy,fisp_021,fisp_021|test2|trial2,1,0.6441333889961243,collapse_test,303,never_seen
pd/fisp_021_test2_trial2_w002.npy,fisp_021,fisp_021|test2|trial2,1,0.7142951488494873,collapse_test,303,never_seen
pd/fisp_021_test2_trial2_w003.npy,fisp_021,fisp_021|test2|trial2,1,0.771440327167511,collapse_test,303,never_seen
pd/fisp_021_test2_trial3_w000.npy,fisp_021,fisp_021|test2|trial3,1,0.8796570301055908,collapse_test,303,never_seen
pd/fisp_021_test2_trial3_w001.npy,fisp_021,fisp_021|test2|trial3,1,0.6965411305427551,collapse_test,303,never_seen
pd/fisp_021_test2_trial3_w002.npy,fisp_021,fisp_021|test2|trial3,1,0.6720165014266968,collapse_test,303,never_seen
pd/fisp_021_test2_trial3_w003.npy,fisp_021,fisp_021|test2|trial3,1,0.8444598317146301,collapse_test,303,never_seen
pd/fisp_027_test1_trial1_w000.npy,fisp_027,fisp_027|test1|trial1,1,0.8999974727630615,collapse_test,303,never_seen
pd/fisp_027_test1_trial1_w001.npy,fisp_027,fisp_027|test1|trial1,1,0.8743714094161987,collapse_test,303,never_seen
pd/fisp_027_test1_trial1_w002.npy,fisp_027,fisp_027|test1|trial1,1,0.859231173992157,collapse_test,303,never_seen
pd/fisp_027_test1_trial1_w003.npy,fisp_027,fisp_027|test1|trial1,1,0.7289131879806519,collapse_test,303,never_seen
pd/fisp_027_test1_trial1_w004.npy,fisp_027,fisp_027|test1|trial1,1,0.7904308438301086,collapse_test,303,never_seen
pd/fisp_027_test1_trial1_w005.npy,fisp_027,fisp_027|test1|trial1,1,0.8452969789505005,collapse_test,303,never_seen
pd/fisp_027_test1_trial1_w006.npy,fisp_027,fisp_027|test1|trial1,1,0.8795522451400757,collapse_test,303,never_seen
pd/fisp_027_test1_trial1_w007.npy,fisp_027,fisp_027|test1|trial1,1,0.9275608658790588,collapse_test,303,never_seen
pd/fisp_027_test1_trial1_w008.npy,fisp_027,fisp_027|test1|trial1,1,0.8982682228088379,collapse_test,303,never_seen
pd/fisp_027_test1_trial2_w000.npy,fisp_027,fisp_027|test1|trial2,1,0.8723574876785278,collapse_test,303,never_seen
pd/fisp_027_test1_trial2_w001.npy,fisp_027,fisp_027|test1|trial2,1,0.8134298920631409,collapse_test,303,never_seen
pd/fisp_027_test1_trial2_w002.npy,fisp_027,fisp_027|test1|trial2,1,0.8411528468132019,collapse_test,303,never_seen
pd/fisp_027_test1_trial2_w003.npy,fisp_027,fisp_027|test1|trial2,1,0.7280063033103943,collapse_test,303,never_seen
pd/fisp_027_test1_trial2_w004.npy,fisp_027,fisp_027|test1|trial2,1,0.7707615494728088,collapse_test,303,never_seen
pd/fisp_027_test1_trial2_w005.npy,fisp_027,fisp_027|test1|trial2,1,0.8808813095092773,collapse_test,303,never_seen
pd/fisp_027_test1_trial2_w006.npy,fisp_027,fisp_027|test1|trial2,1,0.92808997631073,collapse_test,303,never_seen
pd/fisp_027_test1_trial2_w007.npy,fisp_027,fisp_027|test1|trial2,1,0.9238139986991882,collapse_test,303,never_seen
pd/fisp_027_test1_trial2_w008.npy,fisp_027,fisp_027|test1|trial2,1,0.9132353067398071,collapse_test,303,never_seen
pd/fisp_027_test1_trial3_w000.npy,fisp_027,fisp_027|test1|trial3,1,0.8896265625953674,collapse_test,303,never_seen
pd/fisp_027_test1_trial3_w001.npy,fisp_027,fisp_027|test1|trial3,1,0.8838970065116882,collapse_test,303,never_seen
pd/fisp_027_test1_trial3_w002.npy,fisp_027,fisp_027|test1|trial3,1,0.8594070076942444,collapse_test,303,never_seen
pd/fisp_027_test1_trial3_w003.npy,fisp_027,fisp_027|test1|trial3,1,0.8137359619140625,collapse_test,303,never_seen
pd/fisp_027_test1_trial3_w004.npy,fisp_027,fisp_027|test1|trial3,1,0.8259322643280029,collapse_test,303,never_seen
pd/fisp_027_test1_trial3_w005.npy,fisp_027,fisp_027|test1|trial3,1,0.8578537702560425,collapse_test,303,never_seen
pd/fisp_027_test1_trial3_w006.npy,fisp_027,fisp_027|test1|trial3,1,0.8960513472557068,collapse_test,303,never_seen
pd/fisp_027_test1_trial3_w007.npy,fisp_027,fisp_027|test1|trial3,1,0.9207659959793091,collapse_test,303,never_seen
pd/fisp_027_test2_trial1_w000.npy,fisp_027,fisp_027|test2|trial1,1,0.816319465637207,collapse_test,303,never_seen
pd/fisp_027_test2_trial1_w001.npy,fisp_027,fisp_027|test2|trial1,1,0.8194171190261841,collapse_test,303,never_seen
pd/fisp_027_test2_trial1_w002.npy,fisp_027,fisp_027|test2|trial1,1,0.8258267641067505,collapse_test,303,never_seen
pd/fisp_027_test2_trial1_w003.npy,fisp_027,fisp_027|test2|trial1,1,0.7879888415336609,collapse_test,303,never_seen
pd/fisp_027_test2_trial1_w004.npy,fisp_027,fisp_027|test2|trial1,1,0.8690600991249084,collapse_test,303,never_seen
pd/fisp_027_test2_trial1_w005.npy,fisp_027,fisp_027|test2|trial1,1,0.885399341583252,collapse_test,303,never_seen
pd/fisp_027_test2_trial1_w006.npy,fisp_027,fisp_027|test2|trial1,1,0.8562408685684204,collapse_test,303,never_seen
pd/fisp_027_test2_trial2_w000.npy,fisp_027,fisp_027|test2|trial2,1,0.8614853620529175,collapse_test,303,never_seen
pd/fisp_027_test2_trial2_w001.npy,fisp_027,fisp_027|test2|trial2,1,0.8759217262268066,collapse_test,303,never_seen
pd/fisp_027_test2_trial2_w002.npy,fisp_027,fisp_027|test2|trial2,1,0.8385526537895203,collapse_test,303,never_seen
pd/fisp_027_test2_trial2_w003.npy,fisp_027,fisp_027|test2|trial2,1,0.8325939774513245,collapse_test,303,never_seen
pd/fisp_027_test2_trial2_w004.npy,fisp_027,fisp_027|test2|trial2,1,0.8978993892669678,collapse_test,303,never_seen
pd/fisp_027_test2_trial2_w005.npy,fisp_027,fisp_027|test2|trial2,1,0.8863507509231567,collapse_test,303,never_seen
pd/fisp_027_test2_trial3_w000.npy,fisp_027,fisp_027|test2|trial3,1,0.8502610921859741,collapse_test,303,never_seen
pd/fisp_027_test2_trial3_w001.npy,fisp_027,fisp_027|test2|trial3,1,0.7972393035888672,collapse_test,303,never_seen
pd/fisp_027_test2_trial3_w002.npy,fisp_027,fisp_027|test2|trial3,1,0.6877636313438416,collapse_test,303,never_seen
pd/fisp_027_test2_trial3_w003.npy,fisp_027,fisp_027|test2|trial3,1,0.8253685235977173,collapse_test,303,never_seen
pd/fisp_027_test2_trial3_w004.npy,fisp_027,fisp_027|test2|trial3,1,0.8410170674324036,collapse_test,303,never_seen
pd/fisp_027_test2_trial3_w005.npy,fisp_027,fisp_027|test2|trial3,1,0.8634951710700989,collapse_test,303,never_seen
pd/fisp_027_test2_trial3_w006.npy,fisp_027,fisp_027|test2|trial3,1,0.9045210480690002,collapse_test,303,never_seen
pd/fisp_027_test2_trial3_w007.npy,fisp_027,fisp_027|test2|trial3,1,0.8632476329803467,collapse_test,303,never_seen
pd/fisp_048_test1_trial1_w000.npy,fisp_048,fisp_048|test1|trial1,1,0.3454741835594177,collapse_test,303,never_seen
pd/fisp_048_test1_trial1_w001.npy,fisp_048,fisp_048|test1|trial1,1,0.43204784393310547,collapse_test,303,never_seen
pd/fisp_048_test1_trial1_w002.npy,fisp_048,fisp_048|test1|trial1,1,0.22967122495174408,collapse_test,303,never_seen
pd/fisp_048_test1_trial1_w003.npy,fisp_048,fisp_048|test1|trial1,1,0.2727695405483246,collapse_test,303,never_seen
pd/fisp_048_test1_trial1_w004.npy,fisp_048,fisp_048|test1|trial1,1,0.40128153562545776,collapse_test,303,never_seen
pd/fisp_048_test1_trial1_w005.npy,fisp_048,fisp_048|test1|trial1,1,0.4252767562866211,collapse_test,303,never_seen
pd/fisp_048_test1_trial1_w006.npy,fisp_048,fisp_048|test1|trial1,1,0.3085164427757263,collapse_test,303,never_seen
pd/fisp_048_test1_trial2_w000.npy,fisp_048,fisp_048|test1|trial2,1,0.6075382828712463,collapse_test,303,never_seen
pd/fisp_048_test1_trial2_w001.npy,fisp_048,fisp_048|test1|trial2,1,0.43508514761924744,collapse_test,303,never_seen
pd/fisp_048_test1_trial2_w002.npy,fisp_048,fisp_048|test1|trial2,1,0.1818746030330658,collapse_test,303,never_seen
pd/fisp_048_test1_trial2_w003.npy,fisp_048,fisp_048|test1|trial2,1,0.24352720379829407,collapse_test,303,never_seen
pd/fisp_048_test1_trial2_w004.npy,fisp_048,fisp_048|test1|trial2,1,0.2602357864379883,collapse_test,303,never_seen
pd/fisp_048_test1_trial2_w005.npy,fisp_048,fisp_048|test1|trial2,1,0.21554480493068695,collapse_test,303,never_seen
pd/fisp_048_test1_trial3_w000.npy,fisp_048,fisp_048|test1|trial3,1,0.680453896522522,collapse_test,303,never_seen
pd/fisp_048_test1_trial3_w001.npy,fisp_048,fisp_048|test1|trial3,1,0.5352200269699097,collapse_test,303,never_seen
pd/fisp_048_test1_trial3_w002.npy,fisp_048,fisp_048|test1|trial3,1,0.37752780318260193,collapse_test,303,never_seen
pd/fisp_048_test1_trial3_w003.npy,fisp_048,fisp_048|test1|trial3,1,0.3511541783809662,collapse_test,303,never_seen
pd/fisp_048_test1_trial3_w004.npy,fisp_048,fisp_048|test1|trial3,1,0.38110148906707764,collapse_test,303,never_seen
pd/fisp_048_test2_trial1_w000.npy,fisp_048,fisp_048|test2|trial1,1,0.5921435356140137,collapse_test,303,never_seen
pd/fisp_048_test2_trial1_w001.npy,fisp_048,fisp_048|test2|trial1,1,0.42870640754699707,collapse_test,303,never_seen
pd/fisp_048_test2_trial1_w002.npy,fisp_048,fisp_048|test2|trial1,1,0.1959104835987091,collapse_test,303,never_seen
pd/fisp_048_test2_trial1_w003.npy,fisp_048,fisp_048|test2|trial1,1,0.2113790363073349,collapse_test,303,never_seen
pd/fisp_048_test2_trial1_w004.npy,fisp_048,fisp_048|test2|trial1,1,0.25629857182502747,collapse_test,303,never_seen
pd/fisp_048_test2_trial3_w000.npy,fisp_048,fisp_048|test2|trial3,1,0.537007212638855,collapse_test,303,never_seen
pd/fisp_048_test2_trial3_w001.npy,fisp_048,fisp_048|test2|trial3,1,0.3642783761024475,collapse_test,303,never_seen
pd/fisp_048_test2_trial3_w002.npy,fisp_048,fisp_048|test2|trial3,1,0.34700196981430054,collapse_test,303,never_seen
pd/fisp_048_test2_trial3_w003.npy,fisp_048,fisp_048|test2|trial3,1,0.23365360498428345,collapse_test,303,never_seen
